{
  "game_id": 5,
  "acpl": 76.1923076923077,
  "match_rate": 0.19230769230769232,
  "weighted_match_rate": 0.20650801382446332,
  "ipr": 2115.75,
  "ipr_z_score": 0.0,
  "precision_burst_count": 0,
  "mean_move_time": -21.0,
  "time_variance": 408.47513812154693,
  "time_complexity_corr": 0.4926121492305305,
  "lag_spike_count": 0,
  "uniformity_score": 0.8943502263331449,
  "clutch_accuracy_diff": NaN,
  "opening_entropy": 2.2516291673878226,
  "novelty_depth": 5,
  "second_choice_rate": 0.07692307692307693,
  "opening_breadth": 8,
  "tb_match_rate": NaN,
  "dtz_deviation": NaN,
  "conversion_efficiency": null,
  "suspicious_quality": "False",
  "suspicious_timing": "True",
  "suspicious_opening": true,
  "overall_suspicion_score": 43.93204893736258,
  "analyzed_at": "2025-06-25 12:00:26.926404+00:00",
  "game": null
}