{
  "game_id": 2,
  "acpl": 30.666666666666668,
  "match_rate": 0.3333333333333333,
  "weighted_match_rate": 0.34643009300230365,
  "ipr": 2251.3333333333335,
  "ipr_z_score": 0.0,
  "precision_burst_count": 0,
  "mean_move_time": 1.3333333333333333,
  "time_variance": 3.8787878787878793,
  "time_complexity_corr": -0.49999999999999994,
  "lag_spike_count": 0,
  "uniformity_score": 0.42691660557318994,
  "clutch_accuracy_diff": NaN,
  "opening_entropy": 2.2516291673878226,
  "novelty_depth": 12,
  "second_choice_rate": 0.0,
  "opening_breadth": 3,
  "tb_match_rate": NaN,
  "dtz_deviation": NaN,
  "conversion_efficiency": null,
  "suspicious_quality": "False",
  "suspicious_timing": "False",
  "suspicious_opening": true,
  "overall_suspicion_score": 39.786952019025854,
  "analyzed_at": "2025-06-25 12:13:57.078923+00:00",
  "game": null
}