{
  "game_id": 1,
  "acpl": 4800.285714285715,
  "match_rate": 0.09523809523809523,
  "weighted_match_rate": 0.10605289979450128,
  "ipr": -323.9523809523812,
  "ipr_z_score": 0.0,
  "precision_burst_count": 0,
  "mean_move_time": -36.476190476190474,
  "time_variance": 547.5595238095239,
  "time_complexity_corr": 0.6246750087104572,
  "lag_spike_count": 0,
  "uniformity_score": 0.8282372645760818,
  "clutch_accuracy_diff": NaN,
  "opening_entropy": 2.2516291673878226,
  "novelty_depth": 5,
  "second_choice_rate": 0.09523809523809523,
  "opening_breadth": 8,
  "tb_match_rate": NaN,
  "dtz_deviation": NaN,
  "conversion_efficiency": null,
  "suspicious_quality": "False",
  "suspicious_timing": "True",
  "suspicious_opening": true,
  "overall_suspicion_score": -713.4688189292415,
  "analyzed_at": "2025-06-25 11:26:58.535597+00:00",
  "game": null
}