{
  "game_id": 58,
  "acpl": 102.27272727272727,
  "match_rate": 0.09090909090909091,
  "weighted_match_rate": 0.09565816071075618,
  "ipr": 2021.590909090909,
  "ipr_z_score": 0.0,
  "precision_burst_count": 0,
  "mean_move_time": -10.727272727272727,
  "time_variance": 62.618181818181824,
  "time_complexity_corr": -0.320373682108383,
  "lag_spike_count": 0,
  "uniformity_score": 0.5331760920679846,
  "clutch_accuracy_diff": null,
  "opening_entropy": 2.2422086118796276,
  "novelty_depth": 5,
  "second_choice_rate": 0.09090909090909091,
  "opening_breadth": 8,
  "tb_match_rate": null,
  "dtz_deviation": null,
  "conversion_efficiency": null,
  "suspicious_quality": "False",
  "suspicious_timing": "False",
  "suspicious_opening": true,
  "overall_suspicion_score": 26.53987180665161,
  "analyzed_at": "2025-06-23 16:28:49.842789+00:00",
  "game": null
}