{
  "game_id": 3,
  "acpl": 209.71428571428572,
  "match_rate": 0.07142857142857142,
  "weighted_match_rate": 0.08503865333812254,
  "ipr": 1952.2857142857142,
  "ipr_z_score": 0.0,
  "precision_burst_count": 0,
  "mean_move_time": -32.357142857142854,
  "time_variance": 531.6546391752578,
  "time_complexity_corr": 0.00665930439473816,
  "lag_spike_count": 0,
  "uniformity_score": 0.5378157810720722,
  "clutch_accuracy_diff": NaN,
  "opening_entropy": 2.2516291673878226,
  "novelty_depth": 5,
  "second_choice_rate": 0.07142857142857142,
  "opening_breadth": 8,
  "tb_match_rate": NaN,
  "dtz_deviation": NaN,
  "conversion_efficiency": null,
  "suspicious_quality": "False",
  "suspicious_timing": "False",
  "suspicious_opening": true,
  "overall_suspicion_score": 9.129259551249739,
  "analyzed_at": "2025-06-25 12:00:23.388508+00:00",
  "game": null
}