{
  "game_id": 2,
  "acpl": 29.285714285714285,
  "match_rate": 0.2857142857142857,
  "weighted_match_rate": 0.29528268840009597,
  "ipr": 2213.9285714285716,
  "ipr_z_score": 0.0,
  "precision_burst_count": 0,
  "mean_move_time": 1.7142857142857142,
  "time_variance": 4.57142857142857,
  "time_complexity_corr": -0.5477225575051662,
  "lag_spike_count": 0,
  "uniformity_score": 0.37819045604295504,
  "clutch_accuracy_diff": NaN,
  "opening_entropy": 2.2516291673878226,
  "novelty_depth": 7,
  "second_choice_rate": 0.0,
  "opening_breadth": 3,
  "tb_match_rate": NaN,
  "dtz_deviation": NaN,
  "conversion_efficiency": null,
  "suspicious_quality": "False",
  "suspicious_timing": "False",
  "suspicious_opening": true,
  "overall_suspicion_score": 40.21363010419523,
  "analyzed_at": "2025-06-25 11:26:50.787564+00:00",
  "game": null
}