{
  "game_id": 57,
  "acpl": 209.71428571428572,
  "match_rate": 0.07142857142857142,
  "weighted_match_rate": 0.08503865333812254,
  "ipr": 1952.2857142857142,
  "ipr_z_score": 0.0,
  "precision_burst_count": 0,
  "mean_move_time": -32.357142857142854,
  "time_variance": 566.7087912087914,
  "time_complexity_corr": 0.006659304394738159,
  "lag_spike_count": 0,
  "uniformity_score": 0.5378157810720721,
  "clutch_accuracy_diff": null,
  "opening_entropy": 2.2261985771472372,
  "novelty_depth": 5,
  "second_choice_rate": 0.07142857142857142,
  "opening_breadth": 8,
  "tb_match_rate": null,
  "dtz_deviation": null,
  "conversion_efficiency": null,
  "suspicious_quality": "False",
  "suspicious_timing": "False",
  "suspicious_opening": true,
  "overall_suspicion_score": 9.129259551249739,
  "analyzed_at": "2025-06-23 16:28:50.052130+00:00",
  "game": null
}