{
  "game_id": 38,
  "acpl": 4094.3133333333335,
  "match_rate": 0.32666666666666666,
  "weighted_match_rate": 0.36621307962556876,
  "ipr": 214.1766666666665,
  "ipr_z_score": 0.0,
  "precision_burst_count": 0,
  "mean_move_time": 9.253333333333334,
  "time_variance": 878.7004921700222,
  "time_complexity_corr": -0.3529093833785445,
  "lag_spike_count": 0,
  "uniformity_score": 0.3198025087201036,
  "clutch_accuracy_diff": NaN,
  "opening_entropy": -0.0,
  "novelty_depth": 5,
  "second_choice_rate": 0.07333333333333333,
  "opening_breadth": 8,
  "tb_match_rate": NaN,
  "dtz_deviation": NaN,
  "conversion_efficiency": 118,
  "suspicious_quality": "False",
  "suspicious_timing": "False",
  "suspicious_opening": true,
  "overall_suspicion_score": -608.7780450188252,
  "analyzed_at": "2025-06-26 21:07:18.979351+00:00",
  "game": null
}