{
  "game_id": 53,
  "acpl": 11053.555555555555,
  "match_rate": 0.2222222222222222,
  "weighted_match_rate": 0.22731201055066658,
  "ipr": -3349.0,
  "ipr_z_score": 0.0,
  "precision_burst_count": 0,
  "mean_move_time": 8.222222222222221,
  "time_variance": 39.46594982078854,
  "time_complexity_corr": -0.008548257561854759,
  "lag_spike_count": 0,
  "uniformity_score": 0.39518406524692046,
  "clutch_accuracy_diff": NaN,
  "opening_entropy": -0.0,
  "novelty_depth": 5,
  "second_choice_rate": 0.1111111111111111,
  "opening_breadth": 8,
  "tb_match_rate": NaN,
  "dtz_deviation": NaN,
  "conversion_efficiency": null,
  "suspicious_quality": "False",
  "suspicious_timing": "False",
  "suspicious_opening": true,
  "overall_suspicion_score": -1724.2346772800274,
  "analyzed_at": "2025-06-26 21:14:37.949932+00:00",
  "game": null
}