{
  "game_id": 88,
  "acpl": 111.21739130434783,
  "match_rate": 0.43478260869565216,
  "weighted_match_rate": 0.4427589618799112,
  "ipr": 2292.217391304348,
  "ipr_z_score": 0.0,
  "precision_burst_count": 0,
  "mean_move_time": 32.71739130434783,
  "time_variance": 3694.578595317726,
  "time_complexity_corr": -0.5788565254816121,
  "lag_spike_count": 0,
  "uniformity_score": 0.3004101877774538,
  "clutch_accuracy_diff": NaN,
  "opening_entropy": -0.0,
  "novelty_depth": 5,
  "second_choice_rate": 0.13043478260869565,
  "opening_breadth": 8,
  "tb_match_rate": NaN,
  "dtz_deviation": NaN,
  "conversion_efficiency": 82,
  "suspicious_quality": "False",
  "suspicious_timing": "False",
  "suspicious_opening": true,
  "overall_suspicion_score": 30.490843585429282,
  "analyzed_at": "2025-06-26 11:43:36.947704+00:00",
  "game": null
}