{
  "game_id": 49,
  "acpl": 186.75,
  "match_rate": 0.16666666666666666,
  "weighted_match_rate": 0.16844070340974493,
  "ipr": 2039.9583333333333,
  "ipr_z_score": 0.0,
  "precision_burst_count": 0,
  "mean_move_time": -2.9166666666666665,
  "time_variance": 15.901515151515154,
  "time_complexity_corr": 0.08051648490306089,
  "lag_spike_count": 0,
  "uniformity_score": 0.5351543663901692,
  "clutch_accuracy_diff": NaN,
  "opening_entropy": -0.0,
  "novelty_depth": 5,
  "second_choice_rate": 0.08333333333333333,
  "opening_breadth": 8,
  "tb_match_rate": NaN,
  "dtz_deviation": NaN,
  "conversion_efficiency": 0,
  "suspicious_quality": "False",
  "suspicious_timing": "False",
  "suspicious_opening": true,
  "overall_suspicion_score": 15.837174082082317,
  "analyzed_at": "2025-06-26 12:28:39.941842+00:00",
  "game": null
}