{
  "game_id": 4,
  "acpl": 193.1081081081081,
  "match_rate": 0.32432432432432434,
  "weighted_match_rate": 0.33830155572442683,
  "ipr": 2162.9054054054054,
  "ipr_z_score": 0.0,
  "precision_burst_count": 0,
  "mean_move_time": 11.81081081081081,
  "time_variance": 463.3798798798798,
  "time_complexity_corr": -0.20511990284967224,
  "lag_spike_count": 1,
  "uniformity_score": 0.33258836018146193,
  "clutch_accuracy_diff": NaN,
  "opening_entropy": -0.0,
  "novelty_depth": 5,
  "second_choice_rate": 0.08108108108108109,
  "opening_breadth": 8,
  "tb_match_rate": NaN,
  "dtz_deviation": NaN,
  "conversion_efficiency": 25,
  "suspicious_quality": "False",
  "suspicious_timing": "False",
  "suspicious_opening": true,
  "overall_suspicion_score": 15.21156776555599,
  "analyzed_at": "2025-06-26 20:41:15.907394+00:00",
  "game": null
}