{
  "game_id": 1908,
  "acpl": 8331.779816513761,
  "match_rate": 0.3577981651376147,
  "weighted_match_rate": 0.3878731768961074,
  "ipr": -1879.6513761467886,
  "ipr_z_score": 0.0,
  "precision_burst_count": 0,
  "mean_move_time": 2.2110091743119265,
  "time_variance": 10009.844670866274,
  "time_complexity_corr": 0.5439508012832985,
  "lag_spike_count": 0,
  "uniformity_score": 0.34267837557104064,
  "clutch_accuracy_diff": NaN,
  "opening_entropy": 4.250939988202237,
  "novelty_depth": 5,
  "second_choice_rate": 0.13761467889908258,
  "opening_breadth": 8,
  "tb_match_rate": NaN,
  "dtz_deviation": NaN,
  "conversion_efficiency": 199,
  "suspicious_quality": "False",
  "suspicious_timing": "False",
  "suspicious_opening": true,
  "overall_suspicion_score": -1279.0538498271183,
  "analyzed_at": "2025-06-25 13:39:37.942756+00:00",
  "game": null
}