{
  "game_id": 1870,
  "acpl": 149.41176470588235,
  "match_rate": 0.17647058823529413,
  "weighted_match_rate": 0.1774255036532774,
  "ipr": 2066.470588235294,
  "ipr_z_score": 0.0,
  "precision_burst_count": 0,
  "mean_move_time": 9.176470588235293,
  "time_variance": 277.06492374727674,
  "time_complexity_corr": -0.038632532859883544,
  "lag_spike_count": 0,
  "uniformity_score": 0.3176048881991476,
  "clutch_accuracy_diff": NaN,
  "opening_entropy": 4.250939988202237,
  "novelty_depth": 5,
  "second_choice_rate": 0.17647058823529413,
  "opening_breadth": 8,
  "tb_match_rate": NaN,
  "dtz_deviation": NaN,
  "conversion_efficiency": 128,
  "suspicious_quality": "False",
  "suspicious_timing": "False",
  "suspicious_opening": true,
  "overall_suspicion_score": 18.310931852211027,
  "analyzed_at": "2025-06-25 13:39:35.974136+00:00",
  "game": null
}