{
  "game_id": 35,
  "acpl": 1154.6506211180124,
  "match_rate": 0.34627329192546585,
  "weighted_match_rate": 0.35629762393003583,
  "ipr": 1699.6933229813665,
  "ipr_z_score": 0.0,
  "precision_burst_count": 0,
  "mean_move_time": 6.600931677018633,
  "time_variance": 1292.3863754914366,
  "time_complexity_corr": -0.3907904619798288,
  "lag_spike_count": 0,
  "uniformity_score": 0.31938925022900905,
  "clutch_accuracy_diff": NaN,
  "opening_entropy": -0.0,
  "novelty_depth": 5,
  "second_choice_rate": 0.20031055900621117,
  "opening_breadth": 8,
  "tb_match_rate": NaN,
  "dtz_deviation": NaN,
  "conversion_efficiency": null,
  "suspicious_quality": "False",
  "suspicious_timing": "False",
  "suspicious_opening": true,
  "overall_suspicion_score": -138.32088276075334,
  "analyzed_at": "2025-06-26 21:57:12.950491+00:00",
  "game": null
}