{
  "game_id": 1886,
  "acpl": 208.1860465116279,
  "match_rate": 0.06976744186046512,
  "weighted_match_rate": 0.08097153042824165,
  "ipr": 1951.7209302325582,
  "ipr_z_score": 0.0,
  "precision_burst_count": 0,
  "mean_move_time": 26.186046511627907,
  "time_variance": 3780.4407530454046,
  "time_complexity_corr": -0.1551163753554167,
  "lag_spike_count": 0,
  "uniformity_score": 0.2681044801449024,
  "clutch_accuracy_diff": NaN,
  "opening_entropy": 4.250939988202237,
  "novelty_depth": 5,
  "second_choice_rate": 0.16279069767441862,
  "opening_breadth": 8,
  "tb_match_rate": NaN,
  "dtz_deviation": NaN,
  "conversion_efficiency": 35,
  "suspicious_quality": "False",
  "suspicious_timing": "False",
  "suspicious_opening": true,
  "overall_suspicion_score": 5.850406227415295,
  "analyzed_at": "2025-06-25 13:34:59.889876+00:00",
  "game": null
}