{
  "game_id": 32,
  "acpl": 3983.5478260869563,
  "match_rate": 0.2217391304347826,
  "weighted_match_rate": 0.17440100441324793,
  "ipr": 185.61739130434785,
  "ipr_z_score": 0.0,
  "precision_burst_count": 0,
  "mean_move_time": 4.895652173913043,
  "time_variance": 1991.6571862540345,
  "time_complexity_corr": 0.41239711825404785,
  "lag_spike_count": 0,
  "uniformity_score": 0.3408783978099039,
  "clutch_accuracy_diff": NaN,
  "opening_entropy": -0.0,
  "novelty_depth": 5,
  "second_choice_rate": 0.2217391304347826,
  "opening_breadth": 8,
  "tb_match_rate": NaN,
  "dtz_deviation": NaN,
  "conversion_efficiency": 222,
  "suspicious_quality": "False",
  "suspicious_timing": "False",
  "suspicious_opening": true,
  "overall_suspicion_score": -589.1980266049372,
  "analyzed_at": "2025-06-27 11:07:01.886298+00:00",
  "game": null
}