{
  "game_id": 1859,
  "acpl": 14310.857142857143,
  "match_rate": 0.2857142857142857,
  "weighted_match_rate": 0.2617416133858224,
  "ipr": -4926.857142857143,
  "ipr_z_score": 0.0,
  "precision_burst_count": 0,
  "mean_move_time": 4.857142857142857,
  "time_variance": 87.20879120879121,
  "time_complexity_corr": 0.045873490213598364,
  "lag_spike_count": 1,
  "uniformity_score": 0.3037816583866469,
  "clutch_accuracy_diff": NaN,
  "opening_entropy": 4.250939988202237,
  "novelty_depth": 14,
  "second_choice_rate": 0.2857142857142857,
  "opening_breadth": 7,
  "tb_match_rate": NaN,
  "dtz_deviation": NaN,
  "conversion_efficiency": 11,
  "suspicious_quality": "False",
  "suspicious_timing": "False",
  "suspicious_opening": true,
  "overall_suspicion_score": -2248.3969827104384,
  "analyzed_at": "2025-06-25 13:39:31.919860+00:00",
  "game": null
}