{
  "game_id": 26,
  "acpl": 7510.580246913581,
  "match_rate": 0.33641975308641975,
  "weighted_match_rate": 0.360259680530598,
  "ipr": -1486.1543209876545,
  "ipr_z_score": 0.0,
  "precision_burst_count": 0,
  "mean_move_time": 4.138888888888889,
  "time_variance": 4087.253095975232,
  "time_complexity_corr": -0.47406386754830854,
  "lag_spike_count": 0,
  "uniformity_score": 0.3611709749082159,
  "clutch_accuracy_diff": -7708.290445859873,
  "opening_entropy": -0.0,
  "novelty_depth": 5,
  "second_choice_rate": 0.2993827160493827,
  "opening_breadth": 8,
  "tb_match_rate": NaN,
  "dtz_deviation": NaN,
  "conversion_efficiency": 312,
  "suspicious_quality": "False",
  "suspicious_timing": "False",
  "suspicious_opening": true,
  "overall_suspicion_score": -1154.818049116416,
  "analyzed_at": "2025-06-27 13:32:57.860078+00:00",
  "game": null
}