{
  "game_id": 24,
  "acpl": 1291.3779069767443,
  "match_rate": 0.36046511627906974,
  "weighted_match_rate": 0.37742504723472525,
  "ipr": 1642.6831395348836,
  "ipr_z_score": 0.0,
  "precision_burst_count": 0,
  "mean_move_time": 31.813953488372093,
  "time_variance": 6371.029511763906,
  "time_complexity_corr": 0.797751143075074,
  "lag_spike_count": 3,
  "uniformity_score": 0.2837442037868139,
  "clutch_accuracy_diff": NaN,
  "opening_entropy": -0.0,
  "novelty_depth": 5,
  "second_choice_rate": 0.1511627906976744,
  "opening_breadth": 8,
  "tb_match_rate": NaN,
  "dtz_deviation": NaN,
  "conversion_efficiency": 163,
  "suspicious_quality": "False",
  "suspicious_timing": "True",
  "suspicious_opening": true,
  "overall_suspicion_score": -150.24709131833998,
  "analyzed_at": "2025-06-26 21:14:36.834602+00:00",
  "game": null
}