{
  "game_id": 1918,
  "acpl": 2803.4594594594596,
  "match_rate": 0.21621621621621623,
  "weighted_match_rate": 0.2499913303963482,
  "ipr": 771.2432432432431,
  "ipr_z_score": 0.0,
  "precision_burst_count": 0,
  "mean_move_time": 155.48648648648648,
  "time_variance": 7056.848232848232,
  "time_complexity_corr": -0.44203037029286274,
  "lag_spike_count": 0,
  "uniformity_score": 0.3128641090530261,
  "clutch_accuracy_diff": NaN,
  "opening_entropy": 4.250939988202237,
  "novelty_depth": 5,
  "second_choice_rate": 0.13513513513513514,
  "opening_breadth": 8,
  "tb_match_rate": NaN,
  "dtz_deviation": NaN,
  "conversion_efficiency": 197,
  "suspicious_quality": "False",
  "suspicious_timing": "False",
  "suspicious_opening": true,
  "overall_suspicion_score": -405.0482215909999,
  "analyzed_at": "2025-06-25 13:49:30.966770+00:00",
  "game": null
}