{
  "game_id": 14,
  "acpl": 189.42857142857142,
  "match_rate": 0.14285714285714285,
  "weighted_match_rate": 0.16750969158580697,
  "ipr": 2019.5714285714287,
  "ipr_z_score": 0.0,
  "precision_burst_count": 0,
  "mean_move_time": 12.071428571428571,
  "time_variance": 71.27846481876334,
  "time_complexity_corr": 0.2854001975247368,
  "lag_spike_count": 0,
  "uniformity_score": 0.4332088195417917,
  "clutch_accuracy_diff": NaN,
  "opening_entropy": -0.0,
  "novelty_depth": 5,
  "second_choice_rate": 0.2857142857142857,
  "opening_breadth": 8,
  "tb_match_rate": NaN,
  "dtz_deviation": NaN,
  "conversion_efficiency": null,
  "suspicious_quality": "False",
  "suspicious_timing": "False",
  "suspicious_opening": true,
  "overall_suspicion_score": 16.398443298075577,
  "analyzed_at": "2025-06-27 13:32:55.771393+00:00",
  "game": null
}