{
  "game_id": 30,
  "acpl": 7433.025925925926,
  "match_rate": 0.28703703703703703,
  "weighted_match_rate": 0.31117793819906275,
  "ipr": -1486.8833333333332,
  "ipr_z_score": 0.0,
  "precision_burst_count": 0,
  "mean_move_time": 3.8666666666666667,
  "time_variance": 1737.852319109462,
  "time_complexity_corr": -0.1969238504152892,
  "lag_spike_count": 3,
  "uniformity_score": 0.338580082115427,
  "clutch_accuracy_diff": NaN,
  "opening_entropy": -0.0,
  "novelty_depth": 5,
  "second_choice_rate": 0.1574074074074074,
  "opening_breadth": 8,
  "tb_match_rate": NaN,
  "dtz_deviation": NaN,
  "conversion_efficiency": 529,
  "suspicious_quality": "False",
  "suspicious_timing": "False",
  "suspicious_opening": true,
  "overall_suspicion_score": -1143.873317418872,
  "analyzed_at": "2025-06-26 21:20:40.971692+00:00",
  "game": null
}