{
  "game_id": 2,
  "acpl": 12050.176470588236,
  "match_rate": 0.4495798319327731,
  "weighted_match_rate": 0.4850282511414434,
  "ipr": -3665.4243697478996,
  "ipr_z_score": 0.0,
  "precision_burst_count": 0,
  "mean_move_time": 4.61344537815126,
  "time_variance": 2151.6389745771726,
  "time_complexity_corr": 0.4170119668937973,
  "lag_spike_count": 0,
  "uniformity_score": 0.3167871060541395,
  "clutch_accuracy_diff": NaN,
  "opening_entropy": -0.0,
  "novelty_depth": 5,
  "second_choice_rate": 0.07563025210084033,
  "opening_breadth": 7,
  "tb_match_rate": NaN,
  "dtz_deviation": NaN,
  "conversion_efficiency": 233,
  "suspicious_quality": "False",
  "suspicious_timing": "False",
  "suspicious_opening": true,
  "overall_suspicion_score": -1873.6404498853783,
  "analyzed_at": "2025-06-27 10:54:30.597771+00:00",
  "game": null
}