{
  "game_id": 1863,
  "acpl": 32.0,
  "match_rate": 0.3333333333333333,
  "weighted_match_rate": 0.3103762646542574,
  "ipr": 2250.6666666666665,
  "ipr_z_score": 0.0,
  "precision_burst_count": 0,
  "mean_move_time": -43.333333333333336,
  "time_variance": 5008.333333333332,
  "time_complexity_corr": 0.8660254037844387,
  "lag_spike_count": 0,
  "uniformity_score": 0.0,
  "clutch_accuracy_diff": NaN,
  "opening_entropy": 4.250939988202237,
  "novelty_depth": 3,
  "second_choice_rate": 0.3333333333333333,
  "opening_breadth": 3,
  "tb_match_rate": NaN,
  "dtz_deviation": NaN,
  "conversion_efficiency": null,
  "suspicious_quality": "False",
  "suspicious_timing": "False",
  "suspicious_opening": true,
  "overall_suspicion_score": 48.229832723156576,
  "analyzed_at": "2025-06-25 13:21:50.887111+00:00",
  "game": null
}