{
  "game_id": 32,
  "acpl": 3723.7625570776254,
  "match_rate": 0.2328767123287671,
  "weighted_match_rate": 0.18417481761980414,
  "ipr": 324.42009132420094,
  "ipr_z_score": 0.0,
  "precision_burst_count": 0,
  "mean_move_time": 6.917808219178082,
  "time_variance": 1973.8280759080055,
  "time_complexity_corr": 0.42008915995469726,
  "lag_spike_count": 0,
  "uniformity_score": 0.33033903941137677,
  "clutch_accuracy_diff": NaN,
  "opening_entropy": -0.0,
  "novelty_depth": 5,
  "second_choice_rate": 0.2237442922374429,
  "opening_breadth": 8,
  "tb_match_rate": NaN,
  "dtz_deviation": NaN,
  "conversion_efficiency": 211,
  "suspicious_quality": "False",
  "suspicious_timing": "False",
  "suspicious_opening": true,
  "overall_suspicion_score": -547.4170382809614,
  "analyzed_at": "2025-06-27 10:54:33.931280+00:00",
  "game": null
}