{
  "game_id": 65,
  "acpl": 157.36666666666667,
  "match_rate": 0.21666666666666667,
  "weighted_match_rate": 0.21380102259086284,
  "ipr": 2094.65,
  "ipr_z_score": 0.0,
  "precision_burst_count": 0,
  "mean_move_time": -66.12222222222222,
  "time_variance": 4859.72799503414,
  "time_complexity_corr": -0.5653036974240311,
  "lag_spike_count": 19,
  "uniformity_score": 0.5109404206820808,
  "clutch_accuracy_diff": -1.67251461988306,
  "opening_entropy": -0.0,
  "novelty_depth": 5,
  "second_choice_rate": 0.21666666666666667,
  "opening_breadth": 8,
  "tb_match_rate": NaN,
  "dtz_deviation": NaN,
  "conversion_efficiency": null,
  "suspicious_quality": "False",
  "suspicious_timing": "False",
  "suspicious_opening": true,
  "overall_suspicion_score": 20.373700862949697,
  "analyzed_at": "2025-06-27 11:07:03.902464+00:00",
  "game": null
}