{
  "game_id": 16,
  "acpl": 14310.857142857143,
  "match_rate": 0.2857142857142857,
  "weighted_match_rate": 0.26174161338582236,
  "ipr": -4926.857142857143,
  "ipr_z_score": 0.0,
  "precision_burst_count": 0,
  "mean_move_time": 4.857142857142857,
  "time_variance": 94.47619047619048,
  "time_complexity_corr": 0.045873490213598364,
  "lag_spike_count": 0,
  "uniformity_score": 0.3037816583866469,
  "clutch_accuracy_diff": NaN,
  "opening_entropy": -0.0,
  "novelty_depth": 7,
  "second_choice_rate": 0.2857142857142857,
  "opening_breadth": 7,
  "tb_match_rate": NaN,
  "dtz_deviation": NaN,
  "conversion_efficiency": 4,
  "suspicious_quality": "False",
  "suspicious_timing": "False",
  "suspicious_opening": true,
  "overall_suspicion_score": -2245.5969827104386,
  "analyzed_at": "2025-06-26 11:43:28.795652+00:00",
  "game": null
}