{
  "game_id": 1895,
  "acpl": 5691.571428571428,
  "match_rate": 0.25,
  "weighted_match_rate": 0.2494594315212938,
  "ipr": -645.7857142857142,
  "ipr_z_score": 0.0,
  "precision_burst_count": 0,
  "mean_move_time": 99.875,
  "time_variance": 2540.3986486486488,
  "time_complexity_corr": -0.48020504880633486,
  "lag_spike_count": 0,
  "uniformity_score": 0.2992606689316699,
  "clutch_accuracy_diff": NaN,
  "opening_entropy": 4.250939988202237,
  "novelty_depth": 5,
  "second_choice_rate": 0.16071428571428573,
  "opening_breadth": 8,
  "tb_match_rate": NaN,
  "dtz_deviation": NaN,
  "conversion_efficiency": 107,
  "suspicious_quality": "False",
  "suspicious_timing": "False",
  "suspicious_opening": true,
  "overall_suspicion_score": -866.9171570315273,
  "analyzed_at": "2025-06-25 13:21:55.895700+00:00",
  "game": null
}