{
  "game_id": 41,
  "acpl": 136.33333333333334,
  "match_rate": 0.2222222222222222,
  "weighted_match_rate": 0.2545215038579493,
  "ipr": 2109.6111111111113,
  "ipr_z_score": 0.0,
  "precision_burst_count": 0,
  "mean_move_time": 18.666666666666668,
  "time_variance": 224.25000000000003,
  "time_complexity_corr": 0.8426218551896419,
  "lag_spike_count": 0,
  "uniformity_score": 0.3455558502343896,
  "clutch_accuracy_diff": NaN,
  "opening_entropy": -0.0,
  "novelty_depth": 5,
  "second_choice_rate": 0.2222222222222222,
  "opening_breadth": 8,
  "tb_match_rate": NaN,
  "dtz_deviation": NaN,
  "conversion_efficiency": null,
  "suspicious_quality": "False",
  "suspicious_timing": "True",
  "suspicious_opening": true,
  "overall_suspicion_score": 32.75981269742911,
  "analyzed_at": "2025-06-26 20:26:01.925617+00:00",
  "game": null
}