{
  "game_id": 7,
  "acpl": 211.2962962962963,
  "match_rate": 0.2222222222222222,
  "weighted_match_rate": 0.26468893755505546,
  "ipr": 2072.1296296296296,
  "ipr_z_score": 0.0,
  "precision_burst_count": 0,
  "mean_move_time": -57.77777777777778,
  "time_variance": 1439.3489583333335,
  "time_complexity_corr": -0.24571351455972634,
  "lag_spike_count": 0,
  "uniformity_score": 0.8282372645760818,
  "clutch_accuracy_diff": -54.140404040404064,
  "opening_entropy": -0.0,
  "novelty_depth": 5,
  "second_choice_rate": 0.1111111111111111,
  "opening_breadth": 8,
  "tb_match_rate": NaN,
  "dtz_deviation": NaN,
  "conversion_efficiency": null,
  "suspicious_quality": "False",
  "suspicious_timing": "False",
  "suspicious_opening": true,
  "overall_suspicion_score": 16.388492317120942,
  "analyzed_at": "2025-06-27 10:54:32.957966+00:00",
  "game": null
}