{
  "game_id": 18,
  "acpl": 72.66666666666667,
  "match_rate": 0.3333333333333333,
  "weighted_match_rate": 0.35741759242877374,
  "ipr": 2230.3333333333335,
  "ipr_z_score": 0.0,
  "precision_burst_count": 0,
  "mean_move_time": -2.6666666666666665,
  "time_variance": 38.06060606060606,
  "time_complexity_corr": 0.5,
  "lag_spike_count": 0,
  "uniformity_score": 0.39364443186109516,
  "clutch_accuracy_diff": NaN,
  "opening_entropy": -0.0,
  "novelty_depth": 12,
  "second_choice_rate": 0.3333333333333333,
  "opening_breadth": 3,
  "tb_match_rate": NaN,
  "dtz_deviation": NaN,
  "conversion_efficiency": null,
  "suspicious_quality": "False",
  "suspicious_timing": "False",
  "suspicious_opening": true,
  "overall_suspicion_score": 39.03289984074231,
  "analyzed_at": "2025-06-26 20:47:22.687476+00:00",
  "game": null
}