{
  "game_id": 1885,
  "acpl": 172.21052631578948,
  "match_rate": 0.3157894736842105,
  "weighted_match_rate": 0.3183161650872599,
  "ipr": 2166.5263157894738,
  "ipr_z_score": 0.0,
  "precision_burst_count": 0,
  "mean_move_time": 60.10526315789474,
  "time_variance": 868.073908174692,
  "time_complexity_corr": 0.5258319657088475,
  "lag_spike_count": 0,
  "uniformity_score": 0.38639041868521834,
  "clutch_accuracy_diff": NaN,
  "opening_entropy": 4.250939988202237,
  "novelty_depth": 5,
  "second_choice_rate": 0.05263157894736842,
  "opening_breadth": 8,
  "tb_match_rate": NaN,
  "dtz_deviation": NaN,
  "conversion_efficiency": 92,
  "suspicious_quality": "False",
  "suspicious_timing": "False",
  "suspicious_opening": true,
  "overall_suspicion_score": 25.458363259657155,
  "analyzed_at": "2025-06-25 13:43:57.705465+00:00",
  "game": null
}