{
  "game_id": 15,
  "acpl": 73.1304347826087,
  "match_rate": 0.21739130434782608,
  "weighted_match_rate": 0.2226178021425986,
  "ipr": 2137.3478260869565,
  "ipr_z_score": 0.0,
  "precision_burst_count": 0,
  "mean_move_time": 8.478260869565217,
  "time_variance": 4488.163216011042,
  "time_complexity_corr": 0.46643663101124044,
  "lag_spike_count": 11,
  "uniformity_score": 0.32588195996117464,
  "clutch_accuracy_diff": 26.101234567901244,
  "opening_entropy": -0.0,
  "novelty_depth": 5,
  "second_choice_rate": 0.17391304347826086,
  "opening_breadth": 8,
  "tb_match_rate": NaN,
  "dtz_deviation": NaN,
  "conversion_efficiency": 230,
  "suspicious_quality": "False",
  "suspicious_timing": "False",
  "suspicious_opening": true,
  "overall_suspicion_score": 37.483222099822896,
  "analyzed_at": "2025-06-27 11:35:08.787488+00:00",
  "game": null
}