{
  "game_id": 40,
  "acpl": 203.5185185185185,
  "match_rate": 0.3333333333333333,
  "weighted_match_rate": 0.34744604470901436,
  "ipr": 2164.9074074074074,
  "ipr_z_score": 0.0,
  "precision_burst_count": 0,
  "mean_move_time": 1.7037037037037037,
  "time_variance": 903.6642586859307,
  "time_complexity_corr": -0.38561646059356436,
  "lag_spike_count": 0,
  "uniformity_score": 0.3477166246150088,
  "clutch_accuracy_diff": NaN,
  "opening_entropy": -0.0,
  "novelty_depth": 5,
  "second_choice_rate": 0.07407407407407407,
  "opening_breadth": 8,
  "tb_match_rate": NaN,
  "dtz_deviation": NaN,
  "conversion_efficiency": 319,
  "suspicious_quality": "False",
  "suspicious_timing": "False",
  "suspicious_opening": true,
  "overall_suspicion_score": 13.95284738123282,
  "analyzed_at": "2025-06-27 13:33:00.883773+00:00",
  "game": null
}game": null
}