{
  "game_id": 46,
  "acpl": 6184.162372678251,
  "match_rate": 0.28280407429598564,
  "weighted_match_rate": 0.2869037205921761,
  "ipr": -865.8379269023371,
  "ipr_z_score": 0.0,
  "precision_burst_count": 0,
  "mean_move_time": 3.799281006590773,
  "time_variance": 1037.520239290892,
  "time_complexity_corr": -0.39780563604991076,
  "lag_spike_count": 10,
  "uniformity_score": 0.3048809490241945,
  "clutch_accuracy_diff": -6215.090777230433,
  "opening_entropy": -0.0,
  "novelty_depth": 5,
  "second_choice_rate": 0.19652486518873577,
  "opening_breadth": 8,
  "tb_match_rate": NaN,
  "dtz_deviation": NaN,
  "conversion_efficiency": 1635,
  "suspicious_quality": "False",
  "suspicious_timing": "False",
  "suspicious_opening": true,
  "overall_suspicion_score": -944.8184742270597,
  "analyzed_at": "2025-06-27 11:12:47.958513+00:00",
  "game": null
}