{
  "game_id": 52,
  "acpl": 5980.009090909091,
  "match_rate": 0.43787878787878787,
  "weighted_match_rate": 0.419251452940248,
  "ipr": -639.7015151515152,
  "ipr_z_score": 0.0,
  "precision_burst_count": 0,
  "mean_move_time": 85.37272727272727,
  "time_variance": 3911.544062306155,
  "time_complexity_corr": -0.18429297041882206,
  "lag_spike_count": 0,
  "uniformity_score": 0.3471739464411102,
  "clutch_accuracy_diff": -5991.318634969325,
  "opening_entropy": -0.0,
  "novelty_depth": 5,
  "second_choice_rate": 0.12424242424242424,
  "opening_breadth": 8,
  "tb_match_rate": NaN,
  "dtz_deviation": NaN,
  "conversion_efficiency": null,
  "suspicious_quality": "False",
  "suspicious_timing": "False",
  "suspicious_opening": true,
  "overall_suspicion_score": -908.1762173251124,
  "analyzed_at": "2025-06-27 11:07:07.640720+00:00",
  "game": null
}