{
  "game_id": 1921,
  "acpl": 11413.359477124182,
  "match_rate": 0.3202614379084967,
  "weighted_match_rate": 0.30158047818791456,
  "ipr": -3450.4705882352937,
  "ipr_z_score": 0.0,
  "precision_burst_count": 0,
  "mean_move_time": 3.2026143790849675,
  "time_variance": 57.92578259373924,
  "time_complexity_corr": 0.2587386258891994,
  "lag_spike_count": 8,
  "uniformity_score": 0.27606129638333143,
  "clutch_accuracy_diff": NaN,
  "opening_entropy": 4.250939988202237,
  "novelty_depth": 5,
  "second_choice_rate": 0.13725490196078433,
  "opening_breadth": 8,
  "tb_match_rate": NaN,
  "dtz_deviation": NaN,
  "conversion_efficiency": 141,
  "suspicious_quality": "False",
  "suspicious_timing": "False",
  "suspicious_opening": true,
  "overall_suspicion_score": -1777.9904143183055,
  "analyzed_at": "2025-06-25 13:44:00.916809+00:00",
  "game": null
}