{
  "game_id": 26,
  "acpl": 7510.074074074074,
  "match_rate": 0.3333333333333333,
  "weighted_match_rate": 0.3556667646802101,
  "ipr": -1488.3703703703704,
  "ipr_z_score": 0.0,
  "precision_burst_count": 0,
  "mean_move_time": 7.407407407407407,
  "time_variance": 4288.481481481482,
  "time_complexity_corr": -0.45865411616799745,
  "lag_spike_count": 0,
  "uniformity_score": 0.3500033515967539,
  "clutch_accuracy_diff": NaN,
  "opening_entropy": -0.0,
  "novelty_depth": 5,
  "second_choice_rate": 0.2962962962962963,
  "opening_breadth": 8,
  "tb_match_rate": NaN,
  "dtz_deviation": NaN,
  "conversion_efficiency": 15,
  "suspicious_quality": "False",
  "suspicious_timing": "False",
  "suspicious_opening": true,
  "overall_suspicion_score": -1154.9688087807297,
  "analyzed_at": "2025-06-26 11:43:32.970322+00:00",
  "game": null
}