{
  "game_id": 46,
  "acpl": 6301.528301886792,
  "match_rate": 0.2830188679245283,
  "weighted_match_rate": 0.2871249845121718,
  "ipr": -924.3490566037735,
  "ipr_z_score": 0.0,
  "precision_burst_count": 0,
  "mean_move_time": 2.6729559748427674,
  "time_variance": 1039.351754000578,
  "time_complexity_corr": -0.37150520242662016,
  "lag_spike_count": 10,
  "uniformity_score": 0.3135580657696189,
  "clutch_accuracy_diff": -6344.443581445524,
  "opening_entropy": -0.0,
  "novelty_depth": 5,
  "second_choice_rate": 0.1949685534591195,
  "opening_breadth": 8,
  "tb_match_rate": NaN,
  "dtz_deviation": NaN,
  "conversion_efficiency": 1556,
  "suspicious_quality": "False",
  "suspicious_timing": "False",
  "suspicious_opening": true,
  "overall_suspicion_score": -963.4833262505261,
  "analyzed_at": "2025-06-27 11:07:04.750519+00:00",
  "game": null
}