{
  "game_id": 26,
  "acpl": 7775.076923076923,
  "match_rate": 0.3076923076923077,
  "weighted_match_rate": 0.32885558730655634,
  "ipr": -1641.3846153846152,
  "ipr_z_score": 0.0,
  "precision_burst_count": 0,
  "mean_move_time": 66.61538461538461,
  "time_variance": 895.9230769230768,
  "time_complexity_corr": 0.01652898833951726,
  "lag_spike_count": 0,
  "uniformity_score": 0.22627482941933175,
  "clutch_accuracy_diff": NaN,
  "opening_entropy": -0.0,
  "novelty_depth": 5,
  "second_choice_rate": 0.38461538461538464,
  "opening_breadth": 8,
  "tb_match_rate": NaN,
  "dtz_deviation": NaN,
  "conversion_efficiency": 1,
  "suspicious_quality": "False",
  "suspicious_timing": "False",
  "suspicious_opening": true,
  "overall_suspicion_score": -1199.3386852303356,
  "analyzed_at": "2025-06-26 09:11:02.920920+00:00",
  "game": null
}