{
  "game_id": 1938,
  "acpl": 8833.695652173914,
  "match_rate": 0.21739130434782608,
  "weighted_match_rate": 0.1986211120890221,
  "ipr": -2242.934782608696,
  "ipr_z_score": 0.0,
  "precision_burst_count": 0,
  "mean_move_time": -31.17391304347826,
  "time_variance": 930.782608695652,
  "time_complexity_corr": -0.5352010563660486,
  "lag_spike_count": 0,
  "uniformity_score": 0.8943502263331449,
  "clutch_accuracy_diff": NaN,
  "opening_entropy": 4.250939988202237,
  "novelty_depth": 5,
  "second_choice_rate": 0.2608695652173913,
  "opening_breadth": 8,
  "tb_match_rate": NaN,
  "dtz_deviation": NaN,
  "conversion_efficiency": 79,
  "suspicious_quality": "False",
  "suspicious_timing": "False",
  "suspicious_opening": true,
  "overall_suspicion_score": -1363.2197775214195,
  "analyzed_at": "2025-06-25 13:39:38.988034+00:00",
  "game": null
}