{
  "game_id": 1878,
  "acpl": 126.95270270270271,
  "match_rate": 0.20945945945945946,
  "weighted_match_rate": 0.22371151084312244,
  "ipr": 2104.0912162162163,
  "ipr_z_score": 0.0,
  "precision_burst_count": 0,
  "mean_move_time": 20.472972972972972,
  "time_variance": 7887.026475455046,
  "time_complexity_corr": 0.23464483986181603,
  "lag_spike_count": 2,
  "uniformity_score": 0.3060351069408555,
  "clutch_accuracy_diff": NaN,
  "opening_entropy": 4.250939988202237,
  "novelty_depth": 5,
  "second_choice_rate": 0.12837837837837837,
  "opening_breadth": 8,
  "tb_match_rate": NaN,
  "dtz_deviation": NaN,
  "conversion_efficiency": 133,
  "suspicious_quality": "False",
  "suspicious_timing": "False",
  "suspicious_opening": true,
  "overall_suspicion_score": 25.644118546231944,
  "analyzed_at": "2025-06-25 13:43:56.931124+00:00",
  "game": null
}