{
  "game_id": 30,
  "acpl": 7429.6518518518515,
  "match_rate": 0.28888888888888886,
  "weighted_match_rate": 0.31018511426514217,
  "ipr": -1483.7148148148144,
  "ipr_z_score": 0.0,
  "precision_burst_count": 0,
  "mean_move_time": 3.1555555555555554,
  "time_variance": 1764.923383084577,
  "time_complexity_corr": -0.12172342646824066,
  "lag_spike_count": 1,
  "uniformity_score": 0.3330553137828288,
  "clutch_accuracy_diff": NaN,
  "opening_entropy": -0.0,
  "novelty_depth": 5,
  "second_choice_rate": 0.16296296296296298,
  "opening_breadth": 8,
  "tb_match_rate": NaN,
  "dtz_deviation": NaN,
  "conversion_efficiency": 124,
  "suspicious_quality": "False",
  "suspicious_timing": "False",
  "suspicious_opening": true,
  "overall_suspicion_score": -1143.3922168361626,
  "analyzed_at": "2025-06-26 11:43:33.964103+00:00",
  "game": null
}