{
  "game_id": 1901,
  "acpl": 6142.35294117647,
  "match_rate": 0.23529411764705882,
  "weighted_match_rate": 0.17202989918764441,
  "ipr": -882.9411764705883,
  "ipr_z_score": 0.0,
  "precision_burst_count": 0,
  "mean_move_time": 2.0,
  "time_variance": 131.75757575757575,
  "time_complexity_corr": 0.5719713034839201,
  "lag_spike_count": 0,
  "uniformity_score": 0.2901079419737012,
  "clutch_accuracy_diff": NaN,
  "opening_entropy": 4.250939988202237,
  "novelty_depth": 5,
  "second_choice_rate": 0.11764705882352941,
  "opening_breadth": 8,
  "tb_match_rate": NaN,
  "dtz_deviation": NaN,
  "conversion_efficiency": 26,
  "suspicious_quality": "False",
  "suspicious_timing": "False",
  "suspicious_opening": true,
  "overall_suspicion_score": -933.1125918179987,
  "analyzed_at": "2025-06-25 13:39:36.978828+00:00",
  "game": null
}