{
  "game_id": 1901,
  "acpl": 4101.615384615385,
  "match_rate": 0.2692307692307692,
  "weighted_match_rate": 0.19472241149058925,
  "ipr": 164.5769230769231,
  "ipr_z_score": 0.0,
  "precision_burst_count": 0,
  "mean_move_time": 3.923076923076923,
  "time_variance": 133.19384615384615,
  "time_complexity_corr": 0.5963447416079186,
  "lag_spike_count": 0,
  "uniformity_score": 0.2761432937293746,
  "clutch_accuracy_diff": NaN,
  "opening_entropy": 4.250939988202237,
  "novelty_depth": 5,
  "second_choice_rate": 0.11538461538461539,
  "opening_breadth": 8,
  "tb_match_rate": NaN,
  "dtz_deviation": NaN,
  "conversion_efficiency": 18,
  "suspicious_quality": "False",
  "suspicious_timing": "False",
  "suspicious_opening": true,
  "overall_suspicion_score": -605.7849229280893,
  "analyzed_at": "2025-06-25 13:35:00.704928+00:00",
  "game": null
}