{
  "game_id": 48,
  "acpl": 89.85714285714286,
  "match_rate": 0.23214285714285715,
  "weighted_match_rate": 0.2744063334815097,
  "ipr": 2140.785714285714,
  "ipr_z_score": 0.0,
  "precision_burst_count": 0,
  "mean_move_time": 1.7678571428571428,
  "time_variance": 394.6122908622909,
  "time_complexity_corr": -0.6063134927572071,
  "lag_spike_count": 2,
  "uniformity_score": 0.34233521318015137,
  "clutch_accuracy_diff": NaN,
  "opening_entropy": -0.0,
  "novelty_depth": 5,
  "second_choice_rate": 0.20535714285714285,
  "opening_breadth": 8,
  "tb_match_rate": NaN,
  "dtz_deviation": NaN,
  "conversion_efficiency": 106,
  "suspicious_quality": "False",
  "suspicious_timing": "False",
  "suspicious_opening": true,
  "overall_suspicion_score": 29.980637595101438,
  "analyzed_at": "2025-06-26 21:01:45.832839+00:00",
  "game": null
}