{
  "game_id": 1931,
  "acpl": 111.21739130434783,
  "match_rate": 0.43478260869565216,
  "weighted_match_rate": 0.44275896187991126,
  "ipr": 2292.217391304348,
  "ipr_z_score": 0.0,
  "precision_burst_count": 0,
  "mean_move_time": 32.71739130434783,
  "time_variance": 3670.378298841845,
  "time_complexity_corr": -0.578856525481612,
  "lag_spike_count": 0,
  "uniformity_score": 0.3004101877774538,
  "clutch_accuracy_diff": NaN,
  "opening_entropy": 4.250939988202237,
  "novelty_depth": 5,
  "second_choice_rate": 0.13043478260869565,
  "opening_breadth": 8,
  "tb_match_rate": NaN,
  "dtz_deviation": NaN,
  "conversion_efficiency": 220,
  "suspicious_quality": "False",
  "suspicious_timing": "False",
  "suspicious_opening": true,
  "overall_suspicion_score": 30.490843585429282,
  "analyzed_at": "2025-06-25 13:44:01.832407+00:00",
  "game": null
}