{
  "game_id": 4,
  "acpl": 183.66071428571428,
  "match_rate": 0.32142857142857145,
  "weighted_match_rate": 0.33927727287330034,
  "ipr": 2165.3125,
  "ipr_z_score": 0.0,
  "precision_burst_count": 0,
  "mean_move_time": 7.464285714285714,
  "time_variance": 484.8635778635778,
  "time_complexity_corr": -0.32301663954877213,
  "lag_spike_count": 4,
  "uniformity_score": 0.3069410463679549,
  "clutch_accuracy_diff": NaN,
  "opening_entropy": -0.0,
  "novelty_depth": 5,
  "second_choice_rate": 0.08035714285714286,
  "opening_breadth": 8,
  "tb_match_rate": NaN,
  "dtz_deviation": NaN,
  "conversion_efficiency": 100,
  "suspicious_quality": "False",
  "suspicious_timing": "False",
  "suspicious_opening": true,
  "overall_suspicion_score": 16.37951892550761,
  "analyzed_at": "2025-06-26 21:26:17.624978+00:00",
  "game": null
}