{
  "game_id": 52,
  "acpl": 5898.52331002331,
  "match_rate": 0.4382284382284382,
  "weighted_match_rate": 0.4191216798576864,
  "ipr": -598.6789044289044,
  "ipr_z_score": 0.0,
  "precision_burst_count": 0,
  "mean_move_time": 83.49300699300699,
  "time_variance": 4237.970196081631,
  "time_complexity_corr": -0.16064885002241505,
  "lag_spike_count": 0,
  "uniformity_score": 0.34647913799770164,
  "clutch_accuracy_diff": NaN,
  "opening_entropy": -0.0,
  "novelty_depth": 5,
  "second_choice_rate": 0.1247086247086247,
  "opening_breadth": 8,
  "tb_match_rate": NaN,
  "dtz_deviation": NaN,
  "conversion_efficiency": null,
  "suspicious_quality": "False",
  "suspicious_timing": "False",
  "suspicious_opening": true,
  "overall_suspicion_score": -895.1445389617251,
  "analyzed_at": "2025-06-26 21:57:18.324685+00:00",
  "game": null
}