{
  "game_id": 42,
  "acpl": 2803.4594594594596,
  "match_rate": 0.21621621621621623,
  "weighted_match_rate": 0.24999133039634822,
  "ipr": 771.2432432432431,
  "ipr_z_score": 0.0,
  "precision_burst_count": 0,
  "mean_move_time": 155.48648648648648,
  "time_variance": 7048.874393037106,
  "time_complexity_corr": -0.4420303702928628,
  "lag_spike_count": 0,
  "uniformity_score": 0.3128641090530261,
  "clutch_accuracy_diff": NaN,
  "opening_entropy": -0.0,
  "novelty_depth": 5,
  "second_choice_rate": 0.13513513513513514,
  "opening_breadth": 8,
  "tb_match_rate": NaN,
  "dtz_deviation": NaN,
  "conversion_efficiency": 271,
  "suspicious_quality": "False",
  "suspicious_timing": "False",
  "suspicious_opening": true,
  "overall_suspicion_score": -405.0482215909999,
  "analyzed_at": "2025-06-26 21:20:41.920467+00:00",
  "game": null
}