{
  "game_id": 31,
  "acpl": 3330.2580645161293,
  "match_rate": 0.25806451612903225,
  "weighted_match_rate": 0.27078595261241273,
  "ipr": 541.3225806451612,
  "ipr_z_score": 0.0,
  "precision_burst_count": 0,
  "mean_move_time": -39.096774193548384,
  "time_variance": 872.156989247312,
  "time_complexity_corr": 0.36756374690160926,
  "lag_spike_count": 0,
  "uniformity_score": 0.5079374025241513,
  "clutch_accuracy_diff": NaN,
  "opening_entropy": -0.0,
  "novelty_depth": 5,
  "second_choice_rate": 0.12903225806451613,
  "opening_breadth": 8,
  "tb_match_rate": NaN,
  "dtz_deviation": NaN,
  "conversion_efficiency": null,
  "suspicious_quality": "False",
  "suspicious_timing": "False",
  "suspicious_opening": true,
  "overall_suspicion_score": -481.55132032986137,
  "analyzed_at": "2025-06-26 11:21:50.931508+00:00",
  "game": null
}