{
  "game_id": 1898,
  "acpl": 129.1891891891892,
  "match_rate": 0.21621621621621623,
  "weighted_match_rate": 0.22789270136989542,
  "ipr": 2108.3783783783783,
  "ipr_z_score": 0.0,
  "precision_burst_count": 0,
  "mean_move_time": 116.27027027027027,
  "time_variance": 10231.487597186228,
  "time_complexity_corr": -0.15275903160436374,
  "lag_spike_count": 0,
  "uniformity_score": 0.2134532604143476,
  "clutch_accuracy_diff": NaN,
  "opening_entropy": 4.250939988202237,
  "novelty_depth": 5,
  "second_choice_rate": 0.21621621621621623,
  "opening_breadth": 8,
  "tb_match_rate": NaN,
  "dtz_deviation": NaN,
  "conversion_efficiency": 70,
  "suspicious_quality": "False",
  "suspicious_timing": "False",
  "suspicious_opening": true,
  "overall_suspicion_score": 21.327202495942412,
  "analyzed_at": "2025-06-25 13:21:54.913497+00:00",
  "game": null
}