{
  "game_id": 15,
  "acpl": 74.22477064220183,
  "match_rate": 0.20642201834862386,
  "weighted_match_rate": 0.21196712154107547,
  "ipr": 2128.0252293577983,
  "ipr_z_score": 0.0,
  "precision_burst_count": 0,
  "mean_move_time": 11.357798165137615,
  "time_variance": 4499.143279922208,
  "time_complexity_corr": 0.4805762547585063,
  "lag_spike_count": 9,
  "uniformity_score": 0.31326736747752887,
  "clutch_accuracy_diff": 25.127884615384616,
  "opening_entropy": -0.0,
  "novelty_depth": 5,
  "second_choice_rate": 0.17889908256880735,
  "opening_breadth": 8,
  "tb_match_rate": NaN,
  "dtz_deviation": NaN,
  "conversion_efficiency": 195,
  "suspicious_quality": "False",
  "suspicious_timing": "False",
  "suspicious_opening": true,
  "overall_suspicion_score": 37.06775165387454,
  "analyzed_at": "2025-06-27 10:54:31.873792+00:00",
  "game": null
}