{
  "game_id": 6,
  "acpl": 12830.42857142857,
  "match_rate": 0.21428571428571427,
  "weighted_match_rate": 0.22825979739462363,
  "ipr": -4243.785714285714,
  "ipr_z_score": 0.0,
  "precision_burst_count": 0,
  "mean_move_time": -102.92857142857143,
  "time_variance": 3651.8643892339546,
  "time_complexity_corr": 0.6975011930777404,
  "lag_spike_count": 1,
  "uniformity_score": 0.5338346721826428,
  "clutch_accuracy_diff": NaN,
  "opening_entropy": -0.0,
  "novelty_depth": 5,
  "second_choice_rate": 0.2857142857142857,
  "opening_breadth": 8,
  "tb_match_rate": NaN,
  "dtz_deviation": NaN,
  "conversion_efficiency": 20,
  "suspicious_quality": "False",
  "suspicious_timing": "True",
  "suspicious_opening": true,
  "overall_suspicion_score": -1998.1663269726525,
  "analyzed_at": "2025-06-26 11:21:48.969422+00:00",
  "game": null
}