{
  "game_id": 1930,
  "acpl": 10241.076923076924,
  "match_rate": 0.41025641025641024,
  "weighted_match_rate": 0.4215616566927751,
  "ipr": -2792.333333333334,
  "ipr_z_score": 0.0,
  "precision_burst_count": 0,
  "mean_move_time": 69.05128205128206,
  "time_variance": 2621.4518814518815,
  "time_complexity_corr": 0.3026142703769873,
  "lag_spike_count": 0,
  "uniformity_score": 0.23477049288248586,
  "clutch_accuracy_diff": NaN,
  "opening_entropy": 4.250939988202237,
  "novelty_depth": 5,
  "second_choice_rate": 0.07692307692307693,
  "opening_breadth": 8,
  "tb_match_rate": NaN,
  "dtz_deviation": NaN,
  "conversion_efficiency": 63,
  "suspicious_quality": "False",
  "suspicious_timing": "False",
  "suspicious_opening": true,
  "overall_suspicion_score": -1587.8731813481743,
  "analyzed_at": "2025-06-25 13:21:56.949403+00:00",
  "game": null
}