{
  "game_id": 55,
  "acpl": 111.89648033126294,
  "match_rate": 0.41200828157349895,
  "weighted_match_rate": 0.4182844581473452,
  "ipr": 2273.6583850931675,
  "ipr_z_score": 0.0,
  "precision_burst_count": 0,
  "mean_move_time": 24.213250517598343,
  "time_variance": 4086.9907465216324,
  "time_complexity_corr": -0.4474753515192866,
  "lag_spike_count": 0,
  "uniformity_score": 0.3051605324144294,
  "clutch_accuracy_diff": 30.316219119226645,
  "opening_entropy": -0.0,
  "novelty_depth": 5,
  "second_choice_rate": 0.14078674948240166,
  "opening_breadth": 8,
  "tb_match_rate": NaN,
  "dtz_deviation": NaN,
  "conversion_efficiency": 956,
  "suspicious_quality": "False",
  "suspicious_timing": "False",
  "suspicious_opening": true,
  "overall_suspicion_score": 29.87458267882843,
  "analyzed_at": "2025-06-27 11:12:48.732868+00:00",
  "game": null
}