{
  "game_id": 46,
  "acpl": 6171.803973509934,
  "match_rate": 0.2827814569536424,
  "weighted_match_rate": 0.2868804600516135,
  "ipr": -859.676821192053,
  "ipr_z_score": 0.0,
  "precision_burst_count": 0,
  "mean_move_time": 3.9178807947019867,
  "time_variance": 1037.2483878187827,
  "time_complexity_corr": -0.4005238909724923,
  "lag_spike_count": 9,
  "uniformity_score": 0.3039669672536784,
  "clutch_accuracy_diff": -6220.539855896853,
  "opening_entropy": -0.0,
  "novelty_depth": 5,
  "second_choice_rate": 0.1966887417218543,
  "opening_breadth": 8,
  "tb_match_rate": NaN,
  "dtz_deviation": NaN,
  "conversion_efficiency": 1476,
  "suspicious_quality": "False",
  "suspicious_timing": "False",
  "suspicious_opening": true,
  "overall_suspicion_score": -942.8531056668554,
  "analyzed_at": "2025-06-27 10:54:38.935763+00:00",
  "game": null
}