{
  "game_id": 63,
  "acpl": 9114.90909090909,
  "match_rate": 0.36363636363636365,
  "weighted_match_rate": 0.34504283431379307,
  "ipr": -2266.545454545454,
  "ipr_z_score": 0.0,
  "precision_burst_count": 0,
  "mean_move_time": 3.5454545454545454,
  "time_variance": 58.872727272727275,
  "time_complexity_corr": -0.06667347042916504,
  "lag_spike_count": 0,
  "uniformity_score": 0.3216485981741491,
  "clutch_accuracy_diff": NaN,
  "opening_entropy": -0.0,
  "novelty_depth": 11,
  "second_choice_rate": 0.18181818181818182,
  "opening_breadth": 7,
  "tb_match_rate": NaN,
  "dtz_deviation": NaN,
  "conversion_efficiency": 7,
  "suspicious_quality": "False",
  "suspicious_timing": "False",
  "suspicious_opening": true,
  "overall_suspicion_score": -1414.2606966928759,
  "analyzed_at": "2025-06-26 20:41:20.396476+00:00",
  "game": null
}