{
  "game_id": 52,
  "acpl": 6130.954545454545,
  "match_rate": 0.4393939393939394,
  "weighted_match_rate": 0.41663428387776824,
  "ipr": -713.962121212121,
  "ipr_z_score": 0.0,
  "precision_burst_count": 0,
  "mean_move_time": 98.0909090909091,
  "time_variance": 1694.2685314685314,
  "time_complexity_corr": -0.331959439708623,
  "lag_spike_count": 0,
  "uniformity_score": 0.3203376700508631,
  "clutch_accuracy_diff": NaN,
  "opening_entropy": -0.0,
  "novelty_depth": 5,
  "second_choice_rate": 0.12121212121212122,
  "opening_breadth": 8,
  "tb_match_rate": NaN,
  "dtz_deviation": NaN,
  "conversion_efficiency": null,
  "suspicious_quality": "False",
  "suspicious_timing": "False",
  "suspicious_opening": true,
  "overall_suspicion_score": -932.6761677178309,
  "analyzed_at": "2025-06-26 12:28:45.718984+00:00",
  "game": null
}