{
  "game_id": 12,
  "acpl": 6311.872909698996,
  "match_rate": 0.2608695652173913,
  "weighted_match_rate": 0.27251558361503264,
  "ipr": -947.2408026755852,
  "ipr_z_score": 0.0,
  "precision_burst_count": 0,
  "mean_move_time": -31.41638795986622,
  "time_variance": 813.5867996616304,
  "time_complexity_corr": 0.05833301404965723,
  "lag_spike_count": 0,
  "uniformity_score": 0.5365673796068471,
  "clutch_accuracy_diff": NaN,
  "opening_entropy": -0.0,
  "novelty_depth": 5,
  "second_choice_rate": 0.19230769230769232,
  "opening_breadth": 7,
  "tb_match_rate": NaN,
  "dtz_deviation": NaN,
  "conversion_efficiency": null,
  "suspicious_quality": "False",
  "suspicious_timing": "False",
  "suspicious_opening": true,
  "overall_suspicion_score": -962.0627888451443,
  "analyzed_at": "2025-06-26 21:57:11.963541+00:00",
  "game": null
}