{
  "game_id": 1905,
  "acpl": 11.833333333333334,
  "match_rate": 0.3333333333333333,
  "weighted_match_rate": 0.33477780532404783,
  "ipr": 2260.75,
  "ipr_z_score": 0.0,
  "precision_burst_count": 0,
  "mean_move_time": 8.916666666666666,
  "time_variance": 120.6287878787879,
  "time_complexity_corr": 0.6741998624632421,
  "lag_spike_count": 2,
  "uniformity_score": 0.31245751929730525,
  "clutch_accuracy_diff": NaN,
  "opening_entropy": 4.250939988202237,
  "novelty_depth": 12,
  "second_choice_rate": 0.6666666666666666,
  "opening_breadth": 5,
  "tb_match_rate": NaN,
  "dtz_deviation": NaN,
  "conversion_efficiency": null,
  "suspicious_quality": "True",
  "suspicious_timing": "False",
  "suspicious_opening": true,
  "overall_suspicion_score": 49.657217602562085,
  "analyzed_at": "2025-06-25 13:43:58.940823+00:00",
  "game": null
}