{
  "game_id": 1837,
  "acpl": 50.833333333333336,
  "match_rate": 0.3333333333333333,
  "weighted_match_rate": 0.34861614142026676,
  "ipr": 2241.25,
  "ipr_z_score": 0.0,
  "precision_burst_count": 0,
  "mean_move_time": 12.833333333333334,
  "time_variance": 130.96666666666664,
  "time_complexity_corr": 0.7247137945655605,
  "lag_spike_count": 0,
  "uniformity_score": 0.3169298935864403,
  "clutch_accuracy_diff": NaN,
  "opening_entropy": -0.0,
  "novelty_depth": 5,
  "second_choice_rate": 0.0,
  "opening_breadth": 6,
  "tb_match_rate": NaN,
  "dtz_deviation": NaN,
  "conversion_efficiency": null,
  "suspicious_quality": "False",
  "suspicious_timing": "True",
  "suspicious_opening": true,
  "overall_suspicion_score": 47.070606465609885,
  "analyzed_at": "2025-06-25 12:36:00.468581+00:00",
  "game": null
}