{
  "game_id": 1852,
  "acpl": 7941.127192982456,
  "match_rate": 0.25877192982456143,
  "weighted_match_rate": 0.276431043831921,
  "ipr": -1763.5460526315787,
  "ipr_z_score": 0.0,
  "precision_burst_count": 0,
  "mean_move_time": 31.399122807017545,
  "time_variance": 25671.491981605996,
  "time_complexity_corr": -0.3935904891134569,
  "lag_spike_count": 0,
  "uniformity_score": 0.29662781931090754,
  "clutch_accuracy_diff": NaN,
  "opening_entropy": 4.250939988202237,
  "novelty_depth": 5,
  "second_choice_rate": 0.17105263157894737,
  "opening_breadth": 8,
  "tb_match_rate": NaN,
  "dtz_deviation": NaN,
  "conversion_efficiency": 219,
  "suspicious_quality": "False",
  "suspicious_timing": "False",
  "suspicious_opening": true,
  "overall_suspicion_score": -1226.4500674519293,
  "analyzed_at": "2025-06-25 13:43:55.907239+00:00",
  "game": null
}