{
  "game_id": 1,
  "acpl": 13627.475675675676,
  "match_rate": 0.2810810810810811,
  "weighted_match_rate": 0.27250262874130554,
  "ipr": -4588.872972972973,
  "ipr_z_score": 0.0,
  "precision_burst_count": 0,
  "mean_move_time": -2.254054054054054,
  "time_variance": 410.41880141010586,
  "time_complexity_corr": -0.232296588750118,
  "lag_spike_count": 0,
  "uniformity_score": 0.3362505653253274,
  "clutch_accuracy_diff": NaN,
  "opening_entropy": -0.0,
  "novelty_depth": 5,
  "second_choice_rate": 0.14594594594594595,
  "opening_breadth": 8,
  "tb_match_rate": NaN,
  "dtz_deviation": NaN,
  "conversion_efficiency": 177,
  "suspicious_quality": "False",
  "suspicious_timing": "False",
  "suspicious_opening": true,
  "overall_suspicion_score": -2135.5499715236733,
  "analyzed_at": "2025-06-26 21:01:40.174735+00:00",
  "game": null
}