{
  "game_id": 50,
  "acpl": 2983.4411764705883,
  "match_rate": 0.2647058823529412,
  "weighted_match_rate": 0.2986765519596034,
  "ipr": 720.0441176470588,
  "ipr_z_score": 0.0,
  "precision_burst_count": 0,
  "mean_move_time": 49.970588235294116,
  "time_variance": 776.0383976903644,
  "time_complexity_corr": 0.5812986312005068,
  "lag_spike_count": 0,
  "uniformity_score": 0.27724180138332255,
  "clutch_accuracy_diff": -2893.5472013366752,
  "opening_entropy": -0.0,
  "novelty_depth": 5,
  "second_choice_rate": 0.14705882352941177,
  "opening_breadth": 8,
  "tb_match_rate": NaN,
  "dtz_deviation": NaN,
  "conversion_efficiency": 802,
  "suspicious_quality": "False",
  "suspicious_timing": "False",
  "suspicious_opening": true,
  "overall_suspicion_score": -425.8582436162458,
  "analyzed_at": "2025-06-27 13:33:01.953830+00:00",
  "game": null
}