{
  "game_id": 9,
  "acpl": 8736.717391304348,
  "match_rate": 0.2391304347826087,
  "weighted_match_rate": 0.2769680565091291,
  "ipr": -2177.054347826087,
  "ipr_z_score": 0.0,
  "precision_burst_count": 0,
  "mean_move_time": 141.5,
  "time_variance": 7275.855555555556,
  "time_complexity_corr": -0.6590223138042963,
  "lag_spike_count": 0,
  "uniformity_score": 0.3363307020465811,
  "clutch_accuracy_diff": NaN,
  "opening_entropy": 3.736440501696144,
  "novelty_depth": 5,
  "second_choice_rate": 0.15217391304347827,
  "opening_breadth": 8,
  "tb_match_rate": NaN,
  "dtz_deviation": NaN,
  "conversion_efficiency": 37,
  "suspicious_quality": "False",
  "suspicious_timing": "False",
  "suspicious_opening": true,
  "overall_suspicion_score": -1353.4774669376125,
  "analyzed_at": "2025-06-26 08:55:47.659859+00:00",
  "game": null
}