{
  "game_id": 24,
  "acpl": 1242.237037037037,
  "match_rate": 0.362962962962963,
  "weighted_match_rate": 0.37738154970496207,
  "ipr": 1669.2518518518518,
  "ipr_z_score": 0.0,
  "precision_burst_count": 0,
  "mean_move_time": 28.155555555555555,
  "time_variance": 6500.265675340768,
  "time_complexity_corr": 0.8066257699120967,
  "lag_spike_count": 5,
  "uniformity_score": 0.27152218953029783,
  "clutch_accuracy_diff": NaN,
  "opening_entropy": -0.0,
  "novelty_depth": 5,
  "second_choice_rate": 0.15555555555555556,
  "opening_breadth": 8,
  "tb_match_rate": NaN,
  "dtz_deviation": NaN,
  "conversion_efficiency": 261,
  "suspicious_quality": "False",
  "suspicious_timing": "True",
  "suspicious_opening": true,
  "overall_suspicion_score": -142.3969422808809,
  "analyzed_at": "2025-06-26 21:36:27.892179+00:00",
  "game": null
}