{
  "game_id": 15,
  "acpl": 74.73154362416108,
  "match_rate": 0.20134228187919462,
  "weighted_match_rate": 0.2070150223347587,
  "ipr": 2123.7080536912754,
  "ipr_z_score": 0.0,
  "precision_burst_count": 0,
  "mean_move_time": 12.691275167785236,
  "time_variance": 4506.877017957555,
  "time_complexity_corr": 0.48634786585323075,
  "lag_spike_count": 6,
  "uniformity_score": 0.3074241910918037,
  "clutch_accuracy_diff": NaN,
  "opening_entropy": -0.0,
  "novelty_depth": 5,
  "second_choice_rate": 0.18120805369127516,
  "opening_breadth": 8,
  "tb_match_rate": NaN,
  "dtz_deviation": NaN,
  "conversion_efficiency": 126,
  "suspicious_quality": "False",
  "suspicious_timing": "False",
  "suspicious_opening": true,
  "overall_suspicion_score": 36.8653913825146,
  "analyzed_at": "2025-06-26 21:57:10.971139+00:00",
  "game": null
}