{
  "game_id": 1835,
  "acpl": 159.44444444444446,
  "match_rate": 0.4444444444444444,
  "weighted_match_rate": 0.4903267910821209,
  "ipr": 2275.8333333333335,
  "ipr_z_score": 0.0,
  "precision_burst_count": 0,
  "mean_move_time": 55.77777777777778,
  "time_variance": 786.888888888889,
  "time_complexity_corr": 0.37383258192366803,
  "lag_spike_count": 0,
  "uniformity_score": 0.2664756476705916,
  "clutch_accuracy_diff": NaN,
  "opening_entropy": 2.584962500721156,
  "novelty_depth": 5,
  "second_choice_rate": 0.0,
  "opening_breadth": 8,
  "tb_match_rate": NaN,
  "dtz_deviation": NaN,
  "conversion_efficiency": 4,
  "suspicious_quality": "False",
  "suspicious_timing": "False",
  "suspicious_opening": true,
  "overall_suspicion_score": 27.709996585135915,
  "analyzed_at": "2025-06-25 12:36:04.257614+00:00",
  "game": null
}