{
  "game_id": 39,
  "acpl": 215.70318021201413,
  "match_rate": 0.3321554770318021,
  "weighted_match_rate": 0.37908826464518536,
  "ipr": 2157.8727915194345,
  "ipr_z_score": 0.0,
  "precision_burst_count": 0,
  "mean_move_time": 2.6219081272084805,
  "time_variance": 264.70405733904715,
  "time_complexity_corr": -0.16404629559443348,
  "lag_spike_count": 0,
  "uniformity_score": 0.28644003942443075,
  "clutch_accuracy_diff": NaN,
  "opening_entropy": -0.0,
  "novelty_depth": 5,
  "second_choice_rate": 0.14840989399293286,
  "opening_breadth": 8,
  "tb_match_rate": NaN,
  "dtz_deviation": NaN,
  "conversion_efficiency": 270,
  "suspicious_quality": "False",
  "suspicious_timing": "False",
  "suspicious_opening": true,
  "overall_suspicion_score": 11.602916559006973,
  "analyzed_at": "2025-06-27 11:12:45.952064+00:00",
  "game": null
}