{
  "game_id": 28,
  "acpl": 18447.71052631579,
  "match_rate": 0.15789473684210525,
  "weighted_match_rate": 0.15935118808338966,
  "ipr": -7097.53947368421,
  "ipr_z_score": 0.0,
  "precision_burst_count": 0,
  "mean_move_time": 8.105263157894736,
  "time_variance": 217.98862019914654,
  "time_complexity_corr": -0.39083229810115,
  "lag_spike_count": 1,
  "uniformity_score": 0.31090760584341914,
  "clutch_accuracy_diff": NaN,
  "opening_entropy": -0.0,
  "novelty_depth": 5,
  "second_choice_rate": 0.07894736842105263,
  "opening_breadth": 8,
  "tb_match_rate": NaN,
  "dtz_deviation": NaN,
  "conversion_efficiency": 31,
  "suspicious_quality": "False",
  "suspicious_timing": "False",
  "suspicious_opening": true,
  "overall_suspicion_score": -2909.940388038378,
  "analyzed_at": "2025-06-26 09:20:42.935669+00:00",
  "game": null
}