{
  "game_id": 12,
  "acpl": 6473.434782608696,
  "match_rate": 0.2608695652173913,
  "weighted_match_rate": 0.2724539501474405,
  "ipr": -1028.021739130435,
  "ipr_z_score": 0.0,
  "precision_burst_count": 0,
  "mean_move_time": -37.84782608695652,
  "time_variance": 324.6207729468599,
  "time_complexity_corr": 0.15382286273421505,
  "lag_spike_count": 0,
  "uniformity_score": 0.8487882005499967,
  "clutch_accuracy_diff": NaN,
  "opening_entropy": -0.0,
  "novelty_depth": 5,
  "second_choice_rate": 0.1956521739130435,
  "opening_breadth": 7,
  "tb_match_rate": NaN,
  "dtz_deviation": NaN,
  "conversion_efficiency": null,
  "suspicious_quality": "False",
  "suspicious_timing": "True",
  "suspicious_opening": true,
  "overall_suspicion_score": -982.8170447419608,
  "analyzed_at": "2025-06-26 11:21:49.864972+00:00",
  "game": null
}