{
  "game_id": 27,
  "acpl": 518.2647058823529,
  "match_rate": 0.16911764705882354,
  "weighted_match_rate": 0.17112720395519604,
  "ipr": 1876.1617647058824,
  "ipr_z_score": 0.0,
  "precision_burst_count": 0,
  "mean_move_time": 7.768382352941177,
  "time_variance": 295.2856387019753,
  "time_complexity_corr": 0.07868530561386827,
  "lag_spike_count": 0,
  "uniformity_score": 0.3005508209988223,
  "clutch_accuracy_diff": NaN,
  "opening_entropy": -0.0,
  "novelty_depth": 5,
  "second_choice_rate": 0.17279411764705882,
  "opening_breadth": 8,
  "tb_match_rate": NaN,
  "dtz_deviation": NaN,
  "conversion_efficiency": 264,
  "suspicious_quality": "False",
  "suspicious_timing": "False",
  "suspicious_opening": true,
  "overall_suspicion_score": -40.098963146349604,
  "analyzed_at": "2025-06-26 21:20:39.887135+00:00",
  "game": null
}