{
  "game_id": 1904,
  "acpl": 1477.4927536231885,
  "match_rate": 0.2463768115942029,
  "weighted_match_rate": 0.2634204777062068,
  "ipr": 1458.355072463768,
  "ipr_z_score": 0.0,
  "precision_burst_count": 0,
  "mean_move_time": 6.246376811594203,
  "time_variance": 26609.54579991558,
  "time_complexity_corr": -0.5956878957570042,
  "lag_spike_count": 0,
  "uniformity_score": 0.33460598732575,
  "clutch_accuracy_diff": NaN,
  "opening_entropy": 4.250939988202237,
  "novelty_depth": 5,
  "second_choice_rate": 0.14492753623188406,
  "opening_breadth": 8,
  "tb_match_rate": NaN,
  "dtz_deviation": NaN,
  "conversion_efficiency": 198,
  "suspicious_quality": "False",
  "suspicious_timing": "False",
  "suspicious_opening": true,
  "overall_suspicion_score": -192.09869826653338,
  "analyzed_at": "2025-06-25 13:49:29.962390+00:00",
  "game": null
}