{
  "game_id": 46,
  "acpl": 5949.219424460432,
  "match_rate": 0.2823741007194245,
  "weighted_match_rate": 0.28646275694054874,
  "ipr": -748.7104316546761,
  "ipr_z_score": 0.0,
  "precision_burst_count": 0,
  "mean_move_time": 6.053956834532374,
  "time_variance": 1027.521407738674,
  "time_complexity_corr": -0.4478321959555,
  "lag_spike_count": 3,
  "uniformity_score": 0.28748538036552673,
  "clutch_accuracy_diff": NaN,
  "opening_entropy": -0.0,
  "novelty_depth": 5,
  "second_choice_rate": 0.19964028776978418,
  "opening_breadth": 8,
  "tb_match_rate": NaN,
  "dtz_deviation": NaN,
  "conversion_efficiency": 522,
  "suspicious_quality": "False",
  "suspicious_timing": "False",
  "suspicious_opening": true,
  "overall_suspicion_score": -907.4554983671803,
  "analyzed_at": "2025-06-26 21:14:39.021036+00:00",
  "game": null
}