{
  "game_id": 16,
  "acpl": 15814.28947368421,
  "match_rate": 0.2631578947368421,
  "weighted_match_rate": 0.23994061497961158,
  "ipr": -5696.618421052632,
  "ipr_z_score": 0.0,
  "precision_burst_count": 0,
  "mean_move_time": 4.2894736842105265,
  "time_variance": 82.48150782361307,
  "time_complexity_corr": 0.09592135955354539,
  "lag_spike_count": 5,
  "uniformity_score": 0.31249885703698327,
  "clutch_accuracy_diff": NaN,
  "opening_entropy": -0.0,
  "novelty_depth": 38,
  "second_choice_rate": 0.3157894736842105,
  "opening_breadth": 7,
  "tb_match_rate": NaN,
  "dtz_deviation": NaN,
  "conversion_efficiency": 35,
  "suspicious_quality": "False",
  "suspicious_timing": "False",
  "suspicious_opening": false,
  "overall_suspicion_score": -2498.3438809654945,
  "analyzed_at": "2025-06-26 21:36:23.921094+00:00",
  "game": null
}