{
  "game_id": 57,
  "acpl": 86.17857142857143,
  "match_rate": 0.39285714285714285,
  "weighted_match_rate": 0.400356919229608,
  "ipr": 2271.1964285714284,
  "ipr_z_score": 0.0,
  "precision_burst_count": 0,
  "mean_move_time": 4.035714285714286,
  "time_variance": 100.13045337895637,
  "time_complexity_corr": -0.03404725888423398,
  "lag_spike_count": 6,
  "uniformity_score": 0.30167528277129935,
  "clutch_accuracy_diff": NaN,
  "opening_entropy": -0.0,
  "novelty_depth": 5,
  "second_choice_rate": 0.10714285714285714,
  "opening_breadth": 8,
  "tb_match_rate": NaN,
  "dtz_deviation": NaN,
  "conversion_efficiency": null,
  "suspicious_quality": "False",
  "suspicious_timing": "False",
  "suspicious_opening": true,
  "overall_suspicion_score": 33.500938351110825,
  "analyzed_at": "2025-06-26 21:07:19.924365+00:00",
  "game": null
}