{
  "game_id": 43,
  "acpl": 204.71428571428572,
  "match_rate": 0.07142857142857142,
  "weighted_match_rate": 0.07711040686855505,
  "ipr": 1954.7857142857142,
  "ipr_z_score": 0.0,
  "precision_burst_count": 0,
  "mean_move_time": 61.285714285714285,
  "time_variance": 1589.7582417582419,
  "time_complexity_corr": 0.28602877594236253,
  "lag_spike_count": 0,
  "uniformity_score": 0.34366727822514265,
  "clutch_accuracy_diff": NaN,
  "opening_entropy": -0.0,
  "novelty_depth": 5,
  "second_choice_rate": 0.07142857142857142,
  "opening_breadth": 8,
  "tb_match_rate": NaN,
  "dtz_deviation": NaN,
  "conversion_efficiency": 6,
  "suspicious_quality": "False",
  "suspicious_timing": "False",
  "suspicious_opening": true,
  "overall_suspicion_score": 10.899382702373618,
  "analyzed_at": "2025-06-26 09:20:43.971115+00:00",
  "game": null
}