{
  "game_id": 58,
  "acpl": 9309.976744186046,
  "match_rate": 0.20930232558139536,
  "weighted_match_rate": 0.21213422168997845,
  "ipr": -2487.5465116279065,
  "ipr_z_score": 0.0,
  "precision_burst_count": 0,
  "mean_move_time": 84.04651162790698,
  "time_variance": 3177.608128134975,
  "time_complexity_corr": -0.776870630855599,
  "lag_spike_count": 0,
  "uniformity_score": 0.28545814397400715,
  "clutch_accuracy_diff": -9350.372020075283,
  "opening_entropy": -0.0,
  "novelty_depth": 5,
  "second_choice_rate": 0.06976744186046512,
  "opening_breadth": 8,
  "tb_match_rate": NaN,
  "dtz_deviation": NaN,
  "conversion_efficiency": null,
  "suspicious_quality": "False",
  "suspicious_timing": "False",
  "suspicious_opening": true,
  "overall_suspicion_score": -1446.9708137028358,
  "analyzed_at": "2025-06-27 10:54:40.074922+00:00",
  "game": null
}