{
  "game_id": 65,
  "acpl": 7416.945454545455,
  "match_rate": 0.34545454545454546,
  "weighted_match_rate": 0.3541458609994115,
  "ipr": -1432.1090909090908,
  "ipr_z_score": 0.0,
  "precision_burst_count": 0,
  "mean_move_time": 68.36363636363636,
  "time_variance": 5532.383838383837,
  "time_complexity_corr": -0.2386002762596918,
  "lag_spike_count": 0,
  "uniformity_score": 0.4227390102901363,
  "clutch_accuracy_diff": NaN,
  "opening_entropy": 4.0783812972400835,
  "novelty_depth": 3,
  "second_choice_rate": 0.14545454545454545,
  "opening_breadth": 8,
  "tb_match_rate": NaN,
  "dtz_deviation": NaN,
  "conversion_efficiency": 36,
  "suspicious_quality": "False",
  "suspicious_timing": "False",
  "suspicious_opening": true,
  "overall_suspicion_score": -1138.2318302211984,
  "analyzed_at": "2025-06-26 08:55:50.932870+00:00",
  "game": null
}