{
  "game_id": 1876,
  "acpl": 7018.396551724138,
  "match_rate": 0.43103448275862066,
  "weighted_match_rate": 0.451495340460411,
  "ipr": -1164.370689655172,
  "ipr_z_score": 0.0,
  "precision_burst_count": 0,
  "mean_move_time": 141.6206896551724,
  "time_variance": 8051.298350824588,
  "time_complexity_corr": -0.647214805289481,
  "lag_spike_count": 0,
  "uniformity_score": 0.27029226652781024,
  "clutch_accuracy_diff": NaN,
  "opening_entropy": 4.250939988202237,
  "novelty_depth": 5,
  "second_choice_rate": 0.06896551724137931,
  "opening_breadth": 8,
  "tb_match_rate": NaN,
  "dtz_deviation": NaN,
  "conversion_efficiency": 108,
  "suspicious_quality": "False",
  "suspicious_timing": "False",
  "suspicious_opening": true,
  "overall_suspicion_score": -1074.9744370656363,
  "analyzed_at": "2025-06-25 13:21:53.920640+00:00",
  "game": null
}