{
  "game_id": 52,
  "acpl": 5582.13567493113,
  "match_rate": 0.4331955922865014,
  "weighted_match_rate": 0.42009381446723787,
  "ipr": -444.51136363636397,
  "ipr_z_score": 0.0,
  "precision_burst_count": 0,
  "mean_move_time": 61.878787878787875,
  "time_variance": 7238.793016310591,
  "time_complexity_corr": 0.05745052428222085,
  "lag_spike_count": 0,
  "uniformity_score": 0.3442951856592101,
  "clutch_accuracy_diff": -5582.336525069638,
  "opening_entropy": -0.0,
  "novelty_depth": 5,
  "second_choice_rate": 0.13016528925619836,
  "opening_breadth": 8,
  "tb_match_rate": NaN,
  "dtz_deviation": NaN,
  "conversion_efficiency": null,
  "suspicious_quality": "False",
  "suspicious_timing": "False",
  "suspicious_opening": true,
  "overall_suspicion_score": -843.8804137336682,
  "analyzed_at": "2025-06-27 11:35:14.891165+00:00",
  "game": null
}