{
  "game_id": 4,
  "acpl": 182.22222222222223,
  "match_rate": 0.32098765432098764,
  "weighted_match_rate": 0.3394274654415423,
  "ipr": 2165.679012345679,
  "ipr_z_score": 0.0,
  "precision_burst_count": 0,
  "mean_move_time": 6.802469135802469,
  "time_variance": 484.73092554251974,
  "time_complexity_corr": -0.33810337571362226,
  "lag_spike_count": 6,
  "uniformity_score": 0.3136624692877683,
  "clutch_accuracy_diff": NaN,
  "opening_entropy": -0.0,
  "novelty_depth": 5,
  "second_choice_rate": 0.08024691358024691,
  "opening_breadth": 8,
  "tb_match_rate": NaN,
  "dtz_deviation": NaN,
  "conversion_efficiency": 150,
  "suspicious_quality": "False",
  "suspicious_timing": "False",
  "suspicious_opening": true,
  "overall_suspicion_score": 16.69020674769191,
  "analyzed_at": "2025-06-26 21:57:09.415615+00:00",
  "game": null
}