{
  "game_id": 54,
  "acpl": 10473.692307692309,
  "match_rate": 0.39044289044289043,
  "weighted_match_rate": 0.3998269002191026,
  "ipr": -2924.491841491842,
  "ipr_z_score": 0.0,
  "precision_burst_count": 0,
  "mean_move_time": 56.82983682983683,
  "time_variance": 4042.0713607668104,
  "time_complexity_corr": 0.39960304559450394,
  "lag_spike_count": 1,
  "uniformity_score": 0.31751805505089536,
  "clutch_accuracy_diff": -10585.443249701313,
  "opening_entropy": -0.0,
  "novelty_depth": 5,
  "second_choice_rate": 0.09207459207459208,
  "opening_breadth": 8,
  "tb_match_rate": NaN,
  "dtz_deviation": NaN,
  "conversion_efficiency": 843,
  "suspicious_quality": "False",
  "suspicious_timing": "False",
  "suspicious_opening": true,
  "overall_suspicion_score": -1623.3435179847581,
  "analyzed_at": "2025-06-27 11:35:12.583849+00:00",
  "game": null
}