{
  "game_id": 82,
  "acpl": 4547.521739130435,
  "match_rate": 0.08695652173913043,
  "weighted_match_rate": 0.07983569608009844,
  "ipr": -204.195652173913,
  "ipr_z_score": 0.0,
  "precision_burst_count": 0,
  "mean_move_time": 3.4782608695652173,
  "time_variance": 70.26086956521739,
  "time_complexity_corr": -0.6160738217981003,
  "lag_spike_count": 0,
  "uniformity_score": 0.3281083262288435,
  "clutch_accuracy_diff": NaN,
  "opening_entropy": -0.0,
  "novelty_depth": 5,
  "second_choice_rate": 0.13043478260869565,
  "opening_breadth": 8,
  "tb_match_rate": NaN,
  "dtz_deviation": NaN,
  "conversion_efficiency": 11,
  "suspicious_quality": "False",
  "suspicious_timing": "False",
  "suspicious_opening": true,
  "overall_suspicion_score": -687.5006175691783,
  "analyzed_at": "2025-06-26 11:43:35.986867+00:00",
  "game": null
}