{
  "game_id": 52,
  "acpl": 5987.19696969697,
  "match_rate": 0.4379509379509379,
  "weighted_match_rate": 0.4191282803101214,
  "ipr": -643.2377344877345,
  "ipr_z_score": 0.0,
  "precision_burst_count": 0,
  "mean_move_time": 85.97835497835497,
  "time_variance": 3812.000975198087,
  "time_complexity_corr": -0.1909929833268218,
  "lag_spike_count": 0,
  "uniformity_score": 0.345945243643235,
  "clutch_accuracy_diff": -5995.091879562044,
  "opening_entropy": -0.0,
  "novelty_depth": 5,
  "second_choice_rate": 0.1240981240981241,
  "opening_breadth": 8,
  "tb_match_rate": NaN,
  "dtz_deviation": NaN,
  "conversion_efficiency": null,
  "suspicious_quality": "False",
  "suspicious_timing": "False",
  "suspicious_opening": true,
  "overall_suspicion_score": -909.342248986842,
  "analyzed_at": "2025-06-27 11:12:51.219765+00:00",
  "game": null
}