{
  "game_id": 37,
  "acpl": 14241.380952380952,
  "match_rate": 0.3333333333333333,
  "weighted_match_rate": 0.3087341898593121,
  "ipr": -4854.023809523809,
  "ipr_z_score": 0.0,
  "precision_burst_count": 0,
  "mean_move_time": 1.2857142857142858,
  "time_variance": 1876.2090592334496,
  "time_complexity_corr": 0.6300035543627327,
  "lag_spike_count": 0,
  "uniformity_score": 0.35056362040883127,
  "clutch_accuracy_diff": NaN,
  "opening_entropy": -0.0,
  "novelty_depth": 5,
  "second_choice_rate": 0.047619047619047616,
  "opening_breadth": 8,
  "tb_match_rate": NaN,
  "dtz_deviation": NaN,
  "conversion_efficiency": 35,
  "suspicious_quality": "False",
  "suspicious_timing": "False",
  "suspicious_opening": true,
  "overall_suspicion_score": -2224.659052417996,
  "analyzed_at": "2025-06-26 20:47:24.911322+00:00",
  "game": null
}