{
  "game_id": 64,
  "acpl": 178.85294117647058,
  "match_rate": 0.29411764705882354,
  "weighted_match_rate": 0.3268168460196148,
  "ipr": 2145.8676470588234,
  "ipr_z_score": 0.0,
  "precision_burst_count": 0,
  "mean_move_time": 3.088235294117647,
  "time_variance": 268.7495543672014,
  "time_complexity_corr": -0.32009923478032576,
  "lag_spike_count": 0,
  "uniformity_score": 0.3554576377919196,
  "clutch_accuracy_diff": NaN,
  "opening_entropy": -0.0,
  "novelty_depth": 5,
  "second_choice_rate": 0.23529411764705882,
  "opening_breadth": 8,
  "tb_match_rate": NaN,
  "dtz_deviation": NaN,
  "conversion_efficiency": null,
  "suspicious_quality": "False",
  "suspicious_timing": "False",
  "suspicious_opening": true,
  "overall_suspicion_score": 17.277963801104963,
  "analyzed_at": "2025-06-26 20:41:20.401505+00:00",
  "game": null
}