{
  "game_id": 63,
  "acpl": 14308.42857142857,
  "match_rate": 0.2857142857142857,
  "weighted_match_rate": 0.267795531760655,
  "ipr": -4925.642857142857,
  "ipr_z_score": 0.0,
  "precision_burst_count": 0,
  "mean_move_time": 1.7142857142857142,
  "time_variance": 58.101503759398504,
  "time_complexity_corr": -0.10186932065428746,
  "lag_spike_count": 0,
  "uniformity_score": 0.3774399209537353,
  "clutch_accuracy_diff": NaN,
  "opening_entropy": -0.0,
  "novelty_depth": 77,
  "second_choice_rate": 0.2857142857142857,
  "opening_breadth": 7,
  "tb_match_rate": NaN,
  "dtz_deviation": NaN,
  "conversion_efficiency": 73,
  "suspicious_quality": "False",
  "suspicious_timing": "False",
  "suspicious_opening": false,
  "overall_suspicion_score": -2272.7884546069504,
  "analyzed_at": "2025-06-27 11:35:11.979544+00:00",
  "game": null
}