{
  "game_id": 30,
  "acpl": 7420.423076923077,
  "match_rate": 0.29289940828402367,
  "weighted_match_rate": 0.3167705949725947,
  "ipr": -1475.8920118343194,
  "ipr_z_score": 0.0,
  "precision_burst_count": 0,
  "mean_move_time": 2.757396449704142,
  "time_variance": 1737.3474970589784,
  "time_complexity_corr": -0.18947775827342847,
  "lag_spike_count": 2,
  "uniformity_score": 0.34934625385347906,
  "clutch_accuracy_diff": NaN,
  "opening_entropy": -0.0,
  "novelty_depth": 5,
  "second_choice_rate": 0.15680473372781065,
  "opening_breadth": 8,
  "tb_match_rate": NaN,
  "dtz_deviation": NaN,
  "conversion_efficiency": 327,
  "suspicious_quality": "False",
  "suspicious_timing": "False",
  "suspicious_opening": true,
  "overall_suspicion_score": -1141.5848240954447,
  "analyzed_at": "2025-06-26 21:01:44.955177+00:00",
  "game": null
}