{
  "game_id": 55,
  "acpl": 111.96796338672769,
  "match_rate": 0.4096109839816934,
  "weighted_match_rate": 0.41572707240405554,
  "ipr": 2271.704805491991,
  "ipr_z_score": 0.0,
  "precision_burst_count": 0,
  "mean_move_time": 23.31807780320366,
  "time_variance": 4124.153006152015,
  "time_complexity_corr": -0.4334765495030162,
  "lag_spike_count": 0,
  "uniformity_score": 0.3056647844943611,
  "clutch_accuracy_diff": 30.36219989783757,
  "opening_entropy": -0.0,
  "novelty_depth": 5,
  "second_choice_rate": 0.14187643020594964,
  "opening_breadth": 8,
  "tb_match_rate": NaN,
  "dtz_deviation": NaN,
  "conversion_efficiency": 864,
  "suspicious_quality": "False",
  "suspicious_timing": "False",
  "suspicious_opening": true,
  "overall_suspicion_score": 29.80999234093207,
  "analyzed_at": "2025-06-27 10:54:39.627417+00:00",
  "game": null
}