{
  "game_id": 1861,
  "acpl": 72.66666666666667,
  "match_rate": 0.3333333333333333,
  "weighted_match_rate": 0.3574175924287738,
  "ipr": 2230.3333333333335,
  "ipr_z_score": 0.0,
  "precision_burst_count": 0,
  "mean_move_time": -2.6666666666666665,
  "time_variance": 52.333333333333336,
  "time_complexity_corr": 0.5,
  "lag_spike_count": 0,
  "uniformity_score": 0.0,
  "clutch_accuracy_diff": NaN,
  "opening_entropy": 2.4056390622295662,
  "novelty_depth": 3,
  "second_choice_rate": 0.3333333333333333,
  "opening_breadth": 3,
  "tb_match_rate": NaN,
  "dtz_deviation": NaN,
  "conversion_efficiency": null,
  "suspicious_quality": "False",
  "suspicious_timing": "False",
  "suspicious_opening": true,
  "overall_suspicion_score": 37.712344442478624,
  "analyzed_at": "2025-06-25 13:04:42.952838+00:00",
  "game": null
}