{
  "game_id": 1913,
  "acpl": 16081.0,
  "match_rate": 0.2903225806451613,
  "weighted_match_rate": 0.2768681530073388,
  "ipr": -5808.241935483871,
  "ipr_z_score": 0.0,
  "precision_burst_count": 0,
  "mean_move_time": -10.258064516129032,
  "time_variance": 1780.1311827956988,
  "time_complexity_corr": 0.5171752074539446,
  "lag_spike_count": 0,
  "uniformity_score": 0.4302090705462047,
  "clutch_accuracy_diff": NaN,
  "opening_entropy": 4.250939988202237,
  "novelty_depth": 5,
  "second_choice_rate": 0.03225806451612903,
  "opening_breadth": 8,
  "tb_match_rate": NaN,
  "dtz_deviation": NaN,
  "conversion_efficiency": 24,
  "suspicious_quality": "False",
  "suspicious_timing": "False",
  "suspicious_opening": true,
  "overall_suspicion_score": -2520.311407721168,
  "analyzed_at": "2025-06-25 13:35:04.986275+00:00",
  "game": null
}