{
  "game_id": 24,
  "acpl": 1799.9257884972171,
  "match_rate": 0.3654916512059369,
  "weighted_match_rate": 0.38360658050609864,
  "ipr": 1392.430426716141,
  "ipr_z_score": 0.0,
  "precision_burst_count": 0,
  "mean_move_time": 13.955473098330241,
  "time_variance": 6951.919946755315,
  "time_complexity_corr": 0.8175909818688268,
  "lag_spike_count": 11,
  "uniformity_score": 0.30260950850455326,
  "clutch_accuracy_diff": -1658.6625239005737,
  "opening_entropy": -0.0,
  "novelty_depth": 5,
  "second_choice_rate": 0.1614100185528757,
  "opening_breadth": 8,
  "tb_match_rate": NaN,
  "dtz_deviation": NaN,
  "conversion_efficiency": 530,
  "suspicious_quality": "False",
  "suspicious_timing": "True",
  "suspicious_opening": true,
  "overall_suspicion_score": -230.99644124934306,
  "analyzed_at": "2025-06-27 11:35:10.944264+00:00",
  "game": null
}