{
  "game_id": 52,
  "acpl": 5627.87058080808,
  "match_rate": 0.4337121212121212,
  "weighted_match_rate": 0.4198143438977821,
  "ipr": -466.9655934343432,
  "ipr_z_score": 0.0,
  "precision_burst_count": 0,
  "mean_move_time": 64.89646464646465,
  "time_variance": 6874.550233861038,
  "time_complexity_corr": 0.029226295285347904,
  "lag_spike_count": 0,
  "uniformity_score": 0.347271257741312,
  "clutch_accuracy_diff": -5623.359693877551,
  "opening_entropy": -0.0,
  "novelty_depth": 5,
  "second_choice_rate": 0.1294191919191919,
  "opening_breadth": 8,
  "tb_match_rate": NaN,
  "dtz_deviation": NaN,
  "conversion_efficiency": null,
  "suspicious_quality": "False",
  "suspicious_timing": "False",
  "suspicious_opening": true,
  "overall_suspicion_score": -851.5107559351409,
  "analyzed_at": "2025-06-27 13:33:02.833754+00:00",
  "game": null
}