{
  "game_id": 1842,
  "acpl": 4649.545454545455,
  "match_rate": 0.18181818181818182,
  "weighted_match_rate": 0.2017792528524247,
  "ipr": -179.31818181818198,
  "ipr_z_score": 0.0,
  "precision_burst_count": 0,
  "mean_move_time": 7.318181818181818,
  "time_variance": 76.13203463203465,
  "time_complexity_corr": 0.3561895108764242,
  "lag_spike_count": 2,
  "uniformity_score": 0.2805715196279953,
  "clutch_accuracy_diff": NaN,
  "opening_entropy": 2.807354922057604,
  "novelty_depth": 5,
  "second_choice_rate": 0.13636363636363635,
  "opening_breadth": 8,
  "tb_match_rate": NaN,
  "dtz_deviation": NaN,
  "conversion_efficiency": 11,
  "suspicious_quality": "False",
  "suspicious_timing": "False",
  "suspicious_opening": true,
  "overall_suspicion_score": -697.3645906299203,
  "analyzed_at": "2025-06-25 12:36:05.210105+00:00",
  "game": null
}