{
  "game_id": 1848,
  "acpl": 182.22727272727272,
  "match_rate": 0.22727272727272727,
  "weighted_match_rate": 0.22005252089976343,
  "ipr": 2090.7045454545455,
  "ipr_z_score": 0.0,
  "precision_burst_count": 0,
  "mean_move_time": 18.636363636363637,
  "time_variance": 426.1426573426573,
  "time_complexity_corr": 0.5227615860052528,
  "lag_spike_count": 3,
  "uniformity_score": 0.33405280689542005,
  "clutch_accuracy_diff": NaN,
  "opening_entropy": 4.250939988202237,
  "novelty_depth": 5,
  "second_choice_rate": 0.13636363636363635,
  "opening_breadth": 8,
  "tb_match_rate": NaN,
  "dtz_deviation": NaN,
  "conversion_efficiency": 59,
  "suspicious_quality": "False",
  "suspicious_timing": "False",
  "suspicious_opening": true,
  "overall_suspicion_score": 20.921719252964664,
  "analyzed_at": "2025-06-25 13:34:54.713548+00:00",
  "game": null
}