{
  "game_id": 1845,
  "acpl": 11395.222222222223,
  "match_rate": 0.47619047619047616,
  "weighted_match_rate": 0.5117709772262894,
  "ipr": -3316.6587301587306,
  "ipr_z_score": 0.0,
  "precision_burst_count": 0,
  "mean_move_time": -0.3492063492063492,
  "time_variance": 2115.230926779314,
  "time_complexity_corr": 0.37997567184756237,
  "lag_spike_count": 0,
  "uniformity_score": 0.34905627095042296,
  "clutch_accuracy_diff": NaN,
  "opening_entropy": 4.250939988202237,
  "novelty_depth": 5,
  "second_choice_rate": 0.06349206349206349,
  "opening_breadth": 7,
  "tb_match_rate": NaN,
  "dtz_deviation": NaN,
  "conversion_efficiency": 58,
  "suspicious_quality": "False",
  "suspicious_timing": "False",
  "suspicious_opening": true,
  "overall_suspicion_score": -1768.2671188295794,
  "analyzed_at": "2025-06-25 13:43:50.309818+00:00",
  "game": null
}