{
  "game_id": 47,
  "acpl": 145.73333333333332,
  "match_rate": 0.3333333333333333,
  "weighted_match_rate": 0.33444995464449884,
  "ipr": 2193.8,
  "ipr_z_score": 0.0,
  "precision_burst_count": 0,
  "mean_move_time": 43.666666666666664,
  "time_variance": 1579.7652582159626,
  "time_complexity_corr": 0.36648745519713266,
  "lag_spike_count": 0,
  "uniformity_score": 0.29863702848471957,
  "clutch_accuracy_diff": 0.0,
  "opening_entropy": -0.0,
  "novelty_depth": 5,
  "second_choice_rate": 0.0,
  "opening_breadth": 8,
  "tb_match_rate": NaN,
  "dtz_deviation": NaN,
  "conversion_efficiency": null,
  "suspicious_quality": "False",
  "suspicious_timing": "False",
  "suspicious_opening": true,
  "overall_suspicion_score": 27.010122168423806,
  "analyzed_at": "2025-06-27 10:54:34.925211+00:00",
  "game": null
}