{
  "game_id": 46,
  "acpl": 5478.487394957983,
  "match_rate": 0.2815126050420168,
  "weighted_match_rate": 0.2855870350298879,
  "ipr": -514.0336134453783,
  "ipr_z_score": 0.0,
  "precision_burst_count": 0,
  "mean_move_time": 10.571428571428571,
  "time_variance": 976.6931886678724,
  "time_complexity_corr": -0.5378115667940843,
  "lag_spike_count": 1,
  "uniformity_score": 0.25228608449445733,
  "clutch_accuracy_diff": NaN,
  "opening_entropy": -0.0,
  "novelty_depth": 5,
  "second_choice_rate": 0.20588235294117646,
  "opening_breadth": 8,
  "tb_match_rate": NaN,
  "dtz_deviation": NaN,
  "conversion_efficiency": 204,
  "suspicious_quality": "False",
  "suspicious_timing": "False",
  "suspicious_opening": true,
  "overall_suspicion_score": -832.5992114562338,
  "analyzed_at": "2025-06-26 20:41:22.679470+00:00",
  "game": null
}