{
  "game_id": 46,
  "acpl": 5808.11838790932,
  "match_rate": 0.28211586901763225,
  "weighted_match_rate": 0.28619917488323926,
  "ipr": -678.3664987405541,
  "ipr_z_score": 0.0,
  "precision_burst_count": 0,
  "mean_move_time": 7.408060453400504,
  "time_variance": 1016.6057934508817,
  "time_complexity_corr": -0.47622207065899874,
  "lag_spike_count": 2,
  "uniformity_score": 0.2770027916849176,
  "clutch_accuracy_diff": NaN,
  "opening_entropy": -0.0,
  "novelty_depth": 5,
  "second_choice_rate": 0.20151133501259447,
  "opening_breadth": 8,
  "tb_match_rate": NaN,
  "dtz_deviation": NaN,
  "conversion_efficiency": 363,
  "suspicious_quality": "False",
  "suspicious_timing": "False",
  "suspicious_opening": true,
  "overall_suspicion_score": -885.0166266426193,
  "analyzed_at": "2025-06-26 21:01:47.665628+00:00",
  "game": null
}