{
  "game_id": 26,
  "acpl": 7538.545454545455,
  "match_rate": 0.3305785123966942,
  "weighted_match_rate": 0.35257422884911266,
  "ipr": -1504.809917355372,
  "ipr_z_score": 0.0,
  "precision_burst_count": 0,
  "mean_move_time": 13.768595041322314,
  "time_variance": 4145.246005509643,
  "time_complexity_corr": -0.42743175615836043,
  "lag_spike_count": 0,
  "uniformity_score": 0.3211496409707217,
  "clutch_accuracy_diff": NaN,
  "opening_entropy": -0.0,
  "novelty_depth": 5,
  "second_choice_rate": 0.30578512396694213,
  "opening_breadth": 8,
  "tb_match_rate": NaN,
  "dtz_deviation": NaN,
  "conversion_efficiency": 109,
  "suspicious_quality": "False",
  "suspicious_timing": "False",
  "suspicious_opening": true,
  "overall_suspicion_score": -1159.9550693201893,
  "analyzed_at": "2025-06-26 21:26:23.912887+00:00",
  "game": null
}