{
  "game_id": 21,
  "acpl": 109.75,
  "match_rate": 0.3333333333333333,
  "weighted_match_rate": 0.3985317779685791,
  "ipr": 2211.7916666666665,
  "ipr_z_score": 0.0,
  "precision_burst_count": 0,
  "mean_move_time": 14.166666666666666,
  "time_variance": 119.42424242424244,
  "time_complexity_corr": 0.26103307726516894,
  "lag_spike_count": 0,
  "uniformity_score": 0.2702169252545883,
  "clutch_accuracy_diff": NaN,
  "opening_entropy": -0.0,
  "novelty_depth": 5,
  "second_choice_rate": 0.25,
  "opening_breadth": 8,
  "tb_match_rate": NaN,
  "dtz_deviation": NaN,
  "conversion_efficiency": null,
  "suspicious_quality": "False",
  "suspicious_timing": "False",
  "suspicious_opening": true,
  "overall_suspicion_score": 31.863006367119915,
  "analyzed_at": "2025-06-26 09:20:41.940293+00:00",
  "game": null
}