{
  "game_id": 52,
  "acpl": 5856.263085399449,
  "match_rate": 0.4380165289256198,
  "weighted_match_rate": 0.41956688103751083,
  "ipr": -577.7183195592283,
  "ipr_z_score": 0.0,
  "precision_burst_count": 0,
  "mean_move_time": 80.83884297520662,
  "time_variance": 4659.920199487032,
  "time_complexity_corr": -0.13143304134810657,
  "lag_spike_count": 0,
  "uniformity_score": 0.349536661303561,
  "clutch_accuracy_diff": NaN,
  "opening_entropy": -0.0,
  "novelty_depth": 5,
  "second_choice_rate": 0.12534435261707988,
  "opening_breadth": 8,
  "tb_match_rate": NaN,
  "dtz_deviation": NaN,
  "conversion_efficiency": null,
  "suspicious_quality": "False",
  "suspicious_timing": "False",
  "suspicious_opening": true,
  "overall_suspicion_score": -888.3418844780597,
  "analyzed_at": "2025-06-26 21:36:36.224208+00:00",
  "game": null
}