{
  "game_id": 16,
  "acpl": 14310.857142857143,
  "match_rate": 0.2857142857142857,
  "weighted_match_rate": 0.26174161338582247,
  "ipr": -4926.857142857143,
  "ipr_z_score": 0.0,
  "precision_burst_count": 0,
  "mean_move_time": 4.857142857142857,
  "time_variance": 82.15320910973087,
  "time_complexity_corr": 0.04587349021359836,
  "lag_spike_count": 9,
  "uniformity_score": 0.3037816583866468,
  "clutch_accuracy_diff": NaN,
  "opening_entropy": -0.0,
  "novelty_depth": 70,
  "second_choice_rate": 0.2857142857142857,
  "opening_breadth": 7,
  "tb_match_rate": NaN,
  "dtz_deviation": NaN,
  "conversion_efficiency": 67,
  "suspicious_quality": "False",
  "suspicious_timing": "False",
  "suspicious_opening": false,
  "overall_suspicion_score": -2270.7969827104384,
  "analyzed_at": "2025-06-27 11:06:58.706013+00:00",
  "game": null
}