{
  "game_id": 1,
  "acpl": 13650.711711711712,
  "match_rate": 0.29343629343629346,
  "weighted_match_rate": 0.28063448942178437,
  "ipr": -4590.606821106821,
  "ipr_z_score": 0.0,
  "precision_burst_count": 0,
  "mean_move_time": -5.272844272844273,
  "time_variance": 354.48216110071775,
  "time_complexity_corr": -0.1784078741908327,
  "lag_spike_count": 0,
  "uniformity_score": 0.3536047418269157,
  "clutch_accuracy_diff": NaN,
  "opening_entropy": -0.0,
  "novelty_depth": 5,
  "second_choice_rate": 0.11711711711711711,
  "opening_breadth": 8,
  "tb_match_rate": NaN,
  "dtz_deviation": NaN,
  "conversion_efficiency": 769,
  "suspicious_quality": "False",
  "suspicious_timing": "False",
  "suspicious_opening": true,
  "overall_suspicion_score": -2138.8049652067407,
  "analyzed_at": "2025-06-27 11:12:44.943961+00:00",
  "game": null
}