{
  "game_id": 58,
  "acpl": 9498.588178294574,
  "match_rate": 0.2131782945736434,
  "weighted_match_rate": 0.21678252603757736,
  "ipr": -2578.751453488372,
  "ipr_z_score": 0.0,
  "precision_burst_count": 0,
  "mean_move_time": 77.45542635658914,
  "time_variance": 4173.93011601591,
  "time_complexity_corr": -0.7655273198795648,
  "lag_spike_count": 1,
  "uniformity_score": 0.27687182419572504,
  "clutch_accuracy_diff": -9494.082015810276,
  "opening_entropy": -0.0,
  "novelty_depth": 5,
  "second_choice_rate": 0.07364341085271318,
  "opening_breadth": 8,
  "tb_match_rate": NaN,
  "dtz_deviation": NaN,
  "conversion_efficiency": 127,
  "suspicious_quality": "False",
  "suspicious_timing": "False",
  "suspicious_opening": true,
  "overall_suspicion_score": -1477.1536808773506,
  "analyzed_at": "2025-06-27 13:33:03.430624+00:00",
  "game": null
}