{
  "game_id": 28,
  "acpl": 18442.82894736842,
  "match_rate": 0.15789473684210525,
  "weighted_match_rate": 0.16628296138008186,
  "ipr": -7095.098684210525,
  "ipr_z_score": 0.0,
  "precision_burst_count": 0,
  "mean_move_time": 6.2368421052631575,
  "time_variance": 231.30641989589355,
  "time_complexity_corr": -0.22912376423377412,
  "lag_spike_count": 9,
  "uniformity_score": 0.2881384463366524,
  "clutch_accuracy_diff": NaN,
  "opening_entropy": -0.0,
  "novelty_depth": 5,
  "second_choice_rate": 0.09868421052631579,
  "opening_breadth": 8,
  "tb_match_rate": NaN,
  "dtz_deviation": NaN,
  "conversion_efficiency": 449,
  "suspicious_quality": "False",
  "suspicious_timing": "False",
  "suspicious_opening": true,
  "overall_suspicion_score": -2909.3607686210726,
  "analyzed_at": "2025-06-26 21:52:18.937893+00:00",
  "game": null
}