{
  "game_id": 2,
  "acpl": 12072.589353612168,
  "match_rate": 0.44866920152091255,
  "weighted_match_rate": 0.48410552560818765,
  "ipr": -3677.359315589354,
  "ipr_z_score": 0.0,
  "precision_burst_count": 0,
  "mean_move_time": 4.783269961977187,
  "time_variance": 2151.994833541346,
  "time_complexity_corr": 0.41837183282253965,
  "lag_spike_count": 0,
  "uniformity_score": 0.3156829282419281,
  "clutch_accuracy_diff": NaN,
  "opening_entropy": -0.0,
  "novelty_depth": 5,
  "second_choice_rate": 0.07604562737642585,
  "opening_breadth": 7,
  "tb_match_rate": NaN,
  "dtz_deviation": NaN,
  "conversion_efficiency": 258,
  "suspicious_quality": "False",
  "suspicious_timing": "False",
  "suspicious_opening": true,
  "overall_suspicion_score": -1877.2453153390918,
  "analyzed_at": "2025-06-27 11:12:41.403107+00:00",
  "game": null
}