{
  "game_id": 89,
  "acpl": 116.27272727272727,
  "match_rate": 0.2727272727272727,
  "weighted_match_rate": 0.27940458572942267,
  "ipr": 2160.0454545454545,
  "ipr_z_score": 0.0,
  "precision_burst_count": 0,
  "mean_move_time": 25.454545454545453,
  "time_variance": 418.4502164502165,
  "time_complexity_corr": 0.1389284072511518,
  "lag_spike_count": 0,
  "uniformity_score": 0.3306201426018477,
  "clutch_accuracy_diff": NaN,
  "opening_entropy": -0.0,
  "novelty_depth": 5,
  "second_choice_rate": 0.09090909090909091,
  "opening_breadth": 8,
  "tb_match_rate": NaN,
  "dtz_deviation": NaN,
  "conversion_efficiency": 8,
  "suspicious_quality": "False",
  "suspicious_timing": "False",
  "suspicious_opening": true,
  "overall_suspicion_score": 27.891302811006476,
  "analyzed_at": "2025-06-26 09:11:06.957337+00:00",
  "game": null
}