{
  "game_id": 28,
  "acpl": 18445.540935672514,
  "match_rate": 0.15789473684210525,
  "weighted_match_rate": 0.16237576517530175,
  "ipr": -7096.454678362572,
  "ipr_z_score": 0.0,
  "precision_burst_count": 0,
  "mean_move_time": 7.2748538011695905,
  "time_variance": 222.0063452864811,
  "time_complexity_corr": -0.3220988859759623,
  "lag_spike_count": 8,
  "uniformity_score": 0.29588775888775154,
  "clutch_accuracy_diff": NaN,
  "opening_entropy": -0.0,
  "novelty_depth": 5,
  "second_choice_rate": 0.08771929824561403,
  "opening_breadth": 8,
  "tb_match_rate": NaN,
  "dtz_deviation": NaN,
  "conversion_efficiency": 335,
  "suspicious_quality": "False",
  "suspicious_timing": "False",
  "suspicious_opening": true,
  "overall_suspicion_score": -2909.7447066972964,
  "analyzed_at": "2025-06-26 21:26:24.760543+00:00",
  "game": null
}