{
  "game_id": 2,
  "acpl": 11789.353982300885,
  "match_rate": 0.46017699115044247,
  "weighted_match_rate": 0.49572912554191134,
  "ipr": -3526.5353982300885,
  "ipr_z_score": 0.0,
  "precision_burst_count": 0,
  "mean_move_time": 2.6371681415929205,
  "time_variance": 2143.197534766119,
  "time_complexity_corr": 0.40164108601375365,
  "lag_spike_count": 0,
  "uniformity_score": 0.32963652458091575,
  "clutch_accuracy_diff": NaN,
  "opening_entropy": -0.0,
  "novelty_depth": 5,
  "second_choice_rate": 0.07079646017699115,
  "opening_breadth": 7,
  "tb_match_rate": NaN,
  "dtz_deviation": NaN,
  "conversion_efficiency": 108,
  "suspicious_quality": "False",
  "suspicious_timing": "False",
  "suspicious_opening": true,
  "overall_suspicion_score": -1831.6847936354002,
  "analyzed_at": "2025-06-26 21:26:16.699313+00:00",
  "game": null
}