{
  "game_id": 4,
  "acpl": 187.41935483870967,
  "match_rate": 0.3225806451612903,
  "weighted_match_rate": 0.33888687485768393,
  "ipr": 2164.3548387096776,
  "ipr_z_score": 0.0,
  "precision_burst_count": 0,
  "mean_move_time": 9.193548387096774,
  "time_variance": 481.0111052353252,
  "time_complexity_corr": -0.28001549698215217,
  "lag_spike_count": 2,
  "uniformity_score": 0.3051135794200602,
  "clutch_accuracy_diff": NaN,
  "opening_entropy": -0.0,
  "novelty_depth": 5,
  "second_choice_rate": 0.08064516129032258,
  "opening_breadth": 8,
  "tb_match_rate": NaN,
  "dtz_deviation": NaN,
  "conversion_efficiency": 50,
  "suspicious_quality": "False",
  "suspicious_timing": "False",
  "suspicious_opening": true,
  "overall_suspicion_score": 15.764433208784897,
  "analyzed_at": "2025-06-26 21:01:37.818500+00:00",
  "game": null
}