{
  "game_id": 5,
  "acpl": 182.22727272727272,
  "match_rate": 0.22727272727272727,
  "weighted_match_rate": 0.2200525208997634,
  "ipr": 2090.7045454545455,
  "ipr_z_score": 0.0,
  "precision_burst_count": 0,
  "mean_move_time": 18.636363636363637,
  "time_variance": 439.6709956709957,
  "time_complexity_corr": 0.5227615860052528,
  "lag_spike_count": 1,
  "uniformity_score": 0.33405280689542005,
  "clutch_accuracy_diff": NaN,
  "opening_entropy": 1.9219280948873623,
  "novelty_depth": 5,
  "second_choice_rate": 0.13636363636363635,
  "opening_breadth": 8,
  "tb_match_rate": NaN,
  "dtz_deviation": NaN,
  "conversion_efficiency": 15,
  "suspicious_quality": "False",
  "suspicious_timing": "False",
  "suspicious_opening": true,
  "overall_suspicion_score": 20.921719252964664,
  "analyzed_at": "2025-06-26 08:55:44.969034+00:00",
  "game": null
}