{
  "game_id": 1891,
  "acpl": 4551.954545454545,
  "match_rate": 0.3181818181818182,
  "weighted_match_rate": 0.31200705725736444,
  "ipr": -21.431818181818016,
  "ipr_z_score": 0.0,
  "precision_burst_count": 0,
  "mean_move_time": 33.22727272727273,
  "time_variance": 573.9935064935065,
  "time_complexity_corr": 0.13378738551120606,
  "lag_spike_count": 0,
  "uniformity_score": 0.3145083382620229,
  "clutch_accuracy_diff": NaN,
  "opening_entropy": 4.045914521951839,
  "novelty_depth": 5,
  "second_choice_rate": 0.18181818181818182,
  "opening_breadth": 7,
  "tb_match_rate": NaN,
  "dtz_deviation": NaN,
  "conversion_efficiency": null,
  "suspicious_quality": "False",
  "suspicious_timing": "False",
  "suspicious_opening": true,
  "overall_suspicion_score": -681.1467642202917,
  "analyzed_at": "2025-06-25 13:04:46.872248+00:00",
  "game": null
}