{
  "game_id": 22,
  "acpl": 2238.1736111111113,
  "match_rate": 0.30787037037037035,
  "weighted_match_rate": 0.3314401318525898,
  "ipr": 1127.2094907407406,
  "ipr_z_score": 0.0,
  "precision_burst_count": 0,
  "mean_move_time": 14.391203703703704,
  "time_variance": 438.1783911231417,
  "time_complexity_corr": -0.33484871632468227,
  "lag_spike_count": 2,
  "uniformity_score": 0.3314835439477998,
  "clutch_accuracy_diff": NaN,
  "opening_entropy": -0.0,
  "novelty_depth": 5,
  "second_choice_rate": 0.18055555555555555,
  "opening_breadth": 8,
  "tb_match_rate": NaN,
  "dtz_deviation": NaN,
  "conversion_efficiency": 418,
  "suspicious_quality": "False",
  "suspicious_timing": "False",
  "suspicious_opening": true,
  "overall_suspicion_score": -312.2925074517548,
  "analyzed_at": "2025-06-26 21:26:25.295203+00:00",
  "game": null
}}