{
  "game_id": 1889,
  "acpl": 10869.486486486487,
  "match_rate": 0.2702702702702703,
  "weighted_match_rate": 0.3218705882061131,
  "ipr": -3218.5270270270275,
  "ipr_z_score": 0.0,
  "precision_burst_count": 0,
  "mean_move_time": 4.594594594594595,
  "time_variance": 368.58869778869774,
  "time_complexity_corr": 0.21044208986027504,
  "lag_spike_count": 0,
  "uniformity_score": 0.3035243655317393,
  "clutch_accuracy_diff": NaN,
  "opening_entropy": 4.250939988202237,
  "novelty_depth": 5,
  "second_choice_rate": 0.10810810810810811,
  "opening_breadth": 8,
  "tb_match_rate": NaN,
  "dtz_deviation": NaN,
  "conversion_efficiency": null,
  "suspicious_quality": "False",
  "suspicious_timing": "False",
  "suspicious_opening": true,
  "overall_suspicion_score": -1691.5875668437209,
  "analyzed_at": "2025-06-25 13:49:28.987980+00:00",
  "game": null
}