{
  "game_id": 62,
  "acpl": 8833.695652173914,
  "match_rate": 0.21739130434782608,
  "weighted_match_rate": 0.19862111208902206,
  "ipr": -2242.934782608696,
  "ipr_z_score": 0.0,
  "precision_burst_count": 0,
  "mean_move_time": -31.17391304347826,
  "time_variance": 934.2046035805627,
  "time_complexity_corr": -0.5352010563660486,
  "lag_spike_count": 0,
  "uniformity_score": 0.8697054828631914,
  "clutch_accuracy_diff": NaN,
  "opening_entropy": -0.0,
  "novelty_depth": 5,
  "second_choice_rate": 0.2608695652173913,
  "opening_breadth": 8,
  "tb_match_rate": NaN,
  "dtz_deviation": NaN,
  "conversion_efficiency": 56,
  "suspicious_quality": "False",
  "suspicious_timing": "False",
  "suspicious_opening": true,
  "overall_suspicion_score": -1363.527836814794,
  "analyzed_at": "2025-06-26 20:41:23.158130+00:00",
  "game": null
}