{
  "game_id": 13,
  "acpl": 16229.877551020409,
  "match_rate": 0.2653061224489796,
  "weighted_match_rate": 0.27537499992309333,
  "ipr": -5902.693877551021,
  "ipr_z_score": 0.0,
  "precision_burst_count": 0,
  "mean_move_time": 53.326530612244895,
  "time_variance": 1445.141156462585,
  "time_complexity_corr": 0.2740815845503971,
  "lag_spike_count": 0,
  "uniformity_score": 0.2860703450824409,
  "clutch_accuracy_diff": NaN,
  "opening_entropy": -0.0,
  "novelty_depth": 5,
  "second_choice_rate": 0.08163265306122448,
  "opening_breadth": 8,
  "tb_match_rate": NaN,
  "dtz_deviation": NaN,
  "conversion_efficiency": 27,
  "suspicious_quality": "False",
  "suspicious_timing": "False",
  "suspicious_opening": true,
  "overall_suspicion_score": -2549.29033557439,
  "analyzed_at": "2025-06-26 12:28:37.804733+00:00",
  "game": null
}