{
  "game_id": 1,
  "acpl": 13638.912162162162,
  "match_rate": 0.28716216216216217,
  "weighted_match_rate": 0.2764255012682067,
  "ipr": -4589.726351351351,
  "ipr_z_score": 0.0,
  "precision_burst_count": 0,
  "mean_move_time": -3.739864864864865,
  "time_variance": 385.1151511681172,
  "time_complexity_corr": -0.20957600978231436,
  "lag_spike_count": 0,
  "uniformity_score": 0.34476277657549725,
  "clutch_accuracy_diff": NaN,
  "opening_entropy": -0.0,
  "novelty_depth": 5,
  "second_choice_rate": 0.13175675675675674,
  "opening_breadth": 8,
  "tb_match_rate": NaN,
  "dtz_deviation": NaN,
  "conversion_efficiency": 288,
  "suspicious_quality": "False",
  "suspicious_timing": "False",
  "suspicious_opening": true,
  "overall_suspicion_score": -2137.153359277588,
  "analyzed_at": "2025-06-26 21:20:38.876685+00:00",
  "game": null
}