{
  "game_id": 44,
  "acpl": 12236.359861591696,
  "match_rate": 0.33217993079584773,
  "weighted_match_rate": 0.3603706321858465,
  "ipr": -3852.43598615917,
  "ipr_z_score": 0.0,
  "precision_burst_count": 0,
  "mean_move_time": 9.36159169550173,
  "time_variance": 3807.246841136291,
  "time_complexity_corr": -0.038071695527749735,
  "lag_spike_count": 0,
  "uniformity_score": 0.32345534286873895,
  "clutch_accuracy_diff": NaN,
  "opening_entropy": -0.0,
  "novelty_depth": 5,
  "second_choice_rate": 0.16089965397923875,
  "opening_breadth": 8,
  "tb_match_rate": NaN,
  "dtz_deviation": NaN,
  "conversion_efficiency": 561,
  "suspicious_quality": "False",
  "suspicious_timing": "False",
  "suspicious_opening": true,
  "overall_suspicion_score": -1911.4637793130316,
  "analyzed_at": "2025-06-26 21:57:14.809836+00:00",
  "game": null
}