{
  "game_id": 1,
  "acpl": 13650.348648648649,
  "match_rate": 0.29324324324324325,
  "weighted_match_rate": 0.2805024389867137,
  "ipr": -4590.57972972973,
  "ipr_z_score": 0.0,
  "precision_burst_count": 0,
  "mean_move_time": -5.225675675675675,
  "time_variance": 355.49297992173496,
  "time_complexity_corr": -0.17948496818781356,
  "lag_spike_count": 0,
  "uniformity_score": 0.35333168733582476,
  "clutch_accuracy_diff": NaN,
  "opening_entropy": -0.0,
  "novelty_depth": 5,
  "second_choice_rate": 0.11756756756756757,
  "opening_breadth": 8,
  "tb_match_rate": NaN,
  "dtz_deviation": NaN,
  "conversion_efficiency": 732,
  "suspicious_quality": "False",
  "suspicious_timing": "False",
  "suspicious_opening": true,
  "overall_suspicion_score": -2138.7541895053264,
  "analyzed_at": "2025-06-27 11:07:00.838801+00:00",
  "game": null
}