{
  "game_id": 46,
  "acpl": 6027.565034965035,
  "match_rate": 0.28251748251748254,
  "weighted_match_rate": 0.28660951373038884,
  "ipr": -787.7685314685314,
  "ipr_z_score": 0.0,
  "precision_burst_count": 0,
  "mean_move_time": 5.302097902097902,
  "time_variance": 1031.989841531018,
  "time_complexity_corr": -0.4315352868416308,
  "lag_spike_count": 4,
  "uniformity_score": 0.2932921115440982,
  "clutch_accuracy_diff": NaN,
  "opening_entropy": -0.0,
  "novelty_depth": 5,
  "second_choice_rate": 0.1986013986013986,
  "opening_breadth": 8,
  "tb_match_rate": NaN,
  "dtz_deviation": NaN,
  "conversion_efficiency": 681,
  "suspicious_quality": "False",
  "suspicious_timing": "False",
  "suspicious_opening": true,
  "overall_suspicion_score": -919.91473024513,
  "analyzed_at": "2025-06-26 21:26:28.156480+00:00",
  "game": null
}