{
  "game_id": 15,
  "acpl": 73.1304347826087,
  "match_rate": 0.21739130434782608,
  "weighted_match_rate": 0.22261780214259858,
  "ipr": 2137.3478260869565,
  "ipr_z_score": 0.0,
  "precision_burst_count": 0,
  "mean_move_time": 8.478260869565217,
  "time_variance": 4673.624505928854,
  "time_complexity_corr": 0.4664366310112404,
  "lag_spike_count": 1,
  "uniformity_score": 0.3258819599611745,
  "clutch_accuracy_diff": NaN,
  "opening_entropy": -0.0,
  "novelty_depth": 5,
  "second_choice_rate": 0.17391304347826086,
  "opening_breadth": 8,
  "tb_match_rate": NaN,
  "dtz_deviation": NaN,
  "conversion_efficiency": 0,
  "suspicious_quality": "False",
  "suspicious_timing": "False",
  "suspicious_opening": true,
  "overall_suspicion_score": 37.483222099822896,
  "analyzed_at": "2025-06-26 20:32:40.664902+00:00",
  "game": null
}