{
  "game_id": 1836,
  "acpl": 104.57142857142857,
  "match_rate": 0.35714285714285715,
  "weighted_match_rate": 0.42488409420103007,
  "ipr": 2233.4285714285716,
  "ipr_z_score": 0.0,
  "precision_burst_count": 0,
  "mean_move_time": 3755.4285714285716,
  "time_variance": 31612868.57142858,
  "time_complexity_corr": -0.39647673270685824,
  "lag_spike_count": 0,
  "uniformity_score": 0.25428408346275444,
  "clutch_accuracy_diff": NaN,
  "opening_entropy": 1.584962500721156,
  "novelty_depth": 5,
  "second_choice_rate": 0.35714285714285715,
  "opening_breadth": 8,
  "tb_match_rate": NaN,
  "dtz_deviation": NaN,
  "conversion_efficiency": null,
  "suspicious_quality": "False",
  "suspicious_timing": "False",
  "suspicious_opening": true,
  "overall_suspicion_score": 29.83144588798251,
  "analyzed_at": "2025-06-25 12:36:02.914438+00:00",
  "game": null
}