{
  "game_id": 33,
  "acpl": 7018.396551724138,
  "match_rate": 0.43103448275862066,
  "weighted_match_rate": 0.4514953404604108,
  "ipr": -1164.370689655172,
  "ipr_z_score": 0.0,
  "precision_burst_count": 0,
  "mean_move_time": 141.6206896551724,
  "time_variance": 8121.923774954628,
  "time_complexity_corr": -0.6472148052894812,
  "lag_spike_count": 0,
  "uniformity_score": 0.27029226652781024,
  "clutch_accuracy_diff": NaN,
  "opening_entropy": 3.978249347574414,
  "novelty_depth": 5,
  "second_choice_rate": 0.06896551724137931,
  "opening_breadth": 8,
  "tb_match_rate": NaN,
  "dtz_deviation": NaN,
  "conversion_efficiency": 50,
  "suspicious_quality": "False",
  "suspicious_timing": "False",
  "suspicious_opening": true,
  "overall_suspicion_score": -1074.9744370656363,
  "analyzed_at": "2025-06-26 08:55:49.967008+00:00",
  "game": null
}