{
  "game_id": 1840,
  "acpl": 111.45901639344262,
  "match_rate": 0.3770491803278688,
  "weighted_match_rate": 0.3829997491824371,
  "ipr": 2245.909836065574,
  "ipr_z_score": 0.0,
  "precision_burst_count": 0,
  "mean_move_time": 1428.4426229508197,
  "time_variance": 8290020.61748634,
  "time_complexity_corr": 0.13124841424122324,
  "lag_spike_count": 0,
  "uniformity_score": 0.2492930646675704,
  "clutch_accuracy_diff": NaN,
  "opening_entropy": 3.0,
  "novelty_depth": 5,
  "second_choice_rate": 0.11475409836065574,
  "opening_breadth": 8,
  "tb_match_rate": NaN,
  "dtz_deviation": NaN,
  "conversion_efficiency": 54,
  "suspicious_quality": "False",
  "suspicious_timing": "False",
  "suspicious_opening": true,
  "overall_suspicion_score": 30.043913017532773,
  "analyzed_at": "2025-06-25 12:36:19.254411+00:00",
  "game": null
}