{
  "game_id": 1865,
  "acpl": 2241.2291666666665,
  "match_rate": 0.3125,
  "weighted_match_rate": 0.33625386020896514,
  "ipr": 1129.3854166666667,
  "ipr_z_score": 0.0,
  "precision_burst_count": 0,
  "mean_move_time": 22.354166666666668,
  "time_variance": 220.52587719298245,
  "time_complexity_corr": -0.42173954132990726,
  "lag_spike_count": 0,
  "uniformity_score": 0.31035680333645366,
  "clutch_accuracy_diff": NaN,
  "opening_entropy": 4.250939988202237,
  "novelty_depth": 5,
  "second_choice_rate": 0.16666666666666666,
  "opening_breadth": 8,
  "tb_match_rate": NaN,
  "dtz_deviation": NaN,
  "conversion_efficiency": 82,
  "suspicious_quality": "False",
  "suspicious_timing": "False",
  "suspicious_opening": true,
  "overall_suspicion_score": -312.93216030245344,
  "analyzed_at": "2025-06-25 13:21:52.923404+00:00",
  "game": null
}