{
  "game_id": 48,
  "acpl": 92.86666666666666,
  "match_rate": 0.24444444444444444,
  "weighted_match_rate": 0.28438796072527533,
  "ipr": 2149.1222222222223,
  "ipr_z_score": 0.0,
  "precision_burst_count": 0,
  "mean_move_time": 4.511111111111111,
  "time_variance": 407.1191919191919,
  "time_complexity_corr": -0.5515159251452472,
  "lag_spike_count": 1,
  "uniformity_score": 0.30878185653182616,
  "clutch_accuracy_diff": NaN,
  "opening_entropy": -0.0,
  "novelty_depth": 5,
  "second_choice_rate": 0.2,
  "opening_breadth": 8,
  "tb_match_rate": NaN,
  "dtz_deviation": NaN,
  "conversion_efficiency": 39,
  "suspicious_quality": "False",
  "suspicious_timing": "False",
  "suspicious_opening": true,
  "overall_suspicion_score": 29.3470954020178,
  "analyzed_at": "2025-06-26 20:32:43.991445+00:00",
  "game": null
}