{
  "game_id": 1846,
  "acpl": 177.28571428571428,
  "match_rate": 0.2857142857142857,
  "weighted_match_rate": 0.321724494456462,
  "ipr": 2139.9285714285716,
  "ipr_z_score": 0.0,
  "precision_burst_count": 0,
  "mean_move_time": -6.0,
  "time_variance": 228.2608695652174,
  "time_complexity_corr": -0.8688029884241528,
  "lag_spike_count": 5,
  "uniformity_score": 0.3769495874877295,
  "clutch_accuracy_diff": NaN,
  "opening_entropy": 4.250939988202237,
  "novelty_depth": 5,
  "second_choice_rate": 0.0,
  "opening_breadth": 8,
  "tb_match_rate": NaN,
  "dtz_deviation": NaN,
  "conversion_efficiency": null,
  "suspicious_quality": "False",
  "suspicious_timing": "False",
  "suspicious_opening": true,
  "overall_suspicion_score": 17.635420919931306,
  "analyzed_at": "2025-06-25 13:43:51.832422+00:00",
  "game": null
}