{
  "game_id": 46,
  "acpl": 6077.405034324943,
  "match_rate": 0.2826086956521739,
  "weighted_match_rate": 0.28670302460747676,
  "ipr": -812.6155606407324,
  "ipr_z_score": 0.0,
  "precision_burst_count": 0,
  "mean_move_time": 4.823798627002288,
  "time_variance": 1034.2415406512696,
  "time_complexity_corr": -0.4209679592591678,
  "lag_spike_count": 5,
  "uniformity_score": 0.2969825433713139,
  "clutch_accuracy_diff": NaN,
  "opening_entropy": -0.0,
  "novelty_depth": 5,
  "second_choice_rate": 0.19794050343249428,
  "opening_breadth": 8,
  "tb_match_rate": NaN,
  "dtz_deviation": NaN,
  "conversion_efficiency": 840,
  "suspicious_quality": "False",
  "suspicious_timing": "False",
  "suspicious_opening": true,
  "overall_suspicion_score": -927.8407830567338,
  "analyzed_at": "2025-06-26 21:36:33.380406+00:00",
  "game": null
}