{
  "game_id": 1855,
  "acpl": 6473.434782608696,
  "match_rate": 0.2608695652173913,
  "weighted_match_rate": 0.27245395014744056,
  "ipr": -1028.021739130435,
  "ipr_z_score": 0.0,
  "precision_burst_count": 0,
  "mean_move_time": -37.84782608695652,
  "time_variance": 319.88178356077435,
  "time_complexity_corr": 0.15382286273421503,
  "lag_spike_count": 0,
  "uniformity_score": 0.8282372645760818,
  "clutch_accuracy_diff": NaN,
  "opening_entropy": 4.250939988202237,
  "novelty_depth": 5,
  "second_choice_rate": 0.1956521739130435,
  "opening_breadth": 7,
  "tb_match_rate": NaN,
  "dtz_deviation": NaN,
  "conversion_efficiency": null,
  "suspicious_quality": "False",
  "suspicious_timing": "False",
  "suspicious_opening": true,
  "overall_suspicion_score": -983.0739314416347,
  "analyzed_at": "2025-06-25 13:34:58.644493+00:00",
  "game": null
}