{
  "game_id": 28,
  "acpl": 18445.757894736842,
  "match_rate": 0.15789473684210525,
  "weighted_match_rate": 0.162069339906274,
  "ipr": -7096.563157894736,
  "ipr_z_score": 0.0,
  "precision_burst_count": 0,
  "mean_move_time": 7.3578947368421055,
  "time_variance": 221.09057075406196,
  "time_complexity_corr": -0.32919646350035225,
  "lag_spike_count": 9,
  "uniformity_score": 0.2973924578776192,
  "clutch_accuracy_diff": NaN,
  "opening_entropy": -0.0,
  "novelty_depth": 5,
  "second_choice_rate": 0.0868421052631579,
  "opening_breadth": 8,
  "tb_match_rate": NaN,
  "dtz_deviation": NaN,
  "conversion_efficiency": 373,
  "suspicious_quality": "False",
  "suspicious_timing": "False",
  "suspicious_opening": true,
  "overall_suspicion_score": -2909.764288513444,
  "analyzed_at": "2025-06-26 21:31:08.805285+00:00",
  "game": null
}