{
  "game_id": 58,
  "acpl": 9515.73467230444,
  "match_rate": 0.2135306553911205,
  "weighted_match_rate": 0.21720831053862866,
  "ipr": -2587.042811839323,
  "ipr_z_score": 0.0,
  "precision_burst_count": 0,
  "mean_move_time": 76.85623678646934,
  "time_variance": 4260.6417441301155,
  "time_complexity_corr": -0.7644548813696668,
  "lag_spike_count": 1,
  "uniformity_score": 0.2767839705824102,
  "clutch_accuracy_diff": -9528.686825053996,
  "opening_entropy": -0.0,
  "novelty_depth": 5,
  "second_choice_rate": 0.07399577167019028,
  "opening_breadth": 8,
  "tb_match_rate": NaN,
  "dtz_deviation": NaN,
  "conversion_efficiency": 41,
  "suspicious_quality": "False",
  "suspicious_timing": "False",
  "suspicious_opening": true,
  "overall_suspicion_score": -1479.8888803452733,
  "analyzed_at": "2025-06-27 11:35:13.628710+00:00",
  "game": null
}