{
  "game_id": 52,
  "acpl": 5972.064593301436,
  "match_rate": 0.43779904306220097,
  "weighted_match_rate": 0.4193874240725646,
  "ipr": -635.7930622009571,
  "ipr_z_score": 0.0,
  "precision_burst_count": 0,
  "mean_move_time": 84.70334928229666,
  "time_variance": 4020.719589731056,
  "time_complexity_corr": -0.17692596143991465,
  "lag_spike_count": 0,
  "uniformity_score": 0.34838263471662356,
  "clutch_accuracy_diff": -5987.143073505655,
  "opening_entropy": -0.0,
  "novelty_depth": 5,
  "second_choice_rate": 0.12440191387559808,
  "opening_breadth": 8,
  "tb_match_rate": NaN,
  "dtz_deviation": NaN,
  "conversion_efficiency": null,
  "suspicious_quality": "False",
  "suspicious_timing": "False",
  "suspicious_opening": true,
  "overall_suspicion_score": -906.8893143886547,
  "analyzed_at": "2025-06-27 10:54:42.088888+00:00",
  "game": null
}