{
  "game_id": 6,
  "acpl": 12478.205952380953,
  "match_rate": 0.22380952380952382,
  "weighted_match_rate": 0.23827871640876286,
  "ipr": -4060.0553571428572,
  "ipr_z_score": 0.0,
  "precision_burst_count": 0,
  "mean_move_time": -94.54166666666667,
  "time_variance": 5316.684793404847,
  "time_complexity_corr": 0.5865511279978904,
  "lag_spike_count": 10,
  "uniformity_score": 0.5170680596795851,
  "clutch_accuracy_diff": NaN,
  "opening_entropy": -0.0,
  "novelty_depth": 5,
  "second_choice_rate": 0.2702380952380952,
  "opening_breadth": 8,
  "tb_match_rate": NaN,
  "dtz_deviation": NaN,
  "conversion_efficiency": 790,
  "suspicious_quality": "False",
  "suspicious_timing": "True",
  "suspicious_opening": true,
  "overall_suspicion_score": -1943.1726536523652,
  "analyzed_at": "2025-06-26 21:52:17.920026+00:00",
  "game": null
}