{
  "game_id": 13,
  "acpl": 16431.276288659792,
  "match_rate": 0.3525773195876289,
  "weighted_match_rate": 0.37378761087457135,
  "ipr": -5933.576288659793,
  "ipr_z_score": 0.0,
  "precision_burst_count": 0,
  "mean_move_time": -3.8804123711340206,
  "time_variance": 3970.4484791684417,
  "time_complexity_corr": 0.547783592024633,
  "lag_spike_count": 7,
  "uniformity_score": 0.3608401407841662,
  "clutch_accuracy_diff": NaN,
  "opening_entropy": -0.0,
  "novelty_depth": 5,
  "second_choice_rate": 0.13402061855670103,
  "opening_breadth": 8,
  "tb_match_rate": NaN,
  "dtz_deviation": NaN,
  "conversion_efficiency": 463,
  "suspicious_quality": "False",
  "suspicious_timing": "False",
  "suspicious_opening": true,
  "overall_suspicion_score": -2574.9300303599102,
  "analyzed_at": "2025-06-26 21:31:07.947510+00:00",
  "game": null
}