{
  "game_id": 48,
  "acpl": 92.07728337236534,
  "match_rate": 0.24121779859484777,
  "weighted_match_rate": 0.2819006152367228,
  "ipr": 2146.9355971896957,
  "ipr_z_score": 0.0,
  "precision_burst_count": 0,
  "mean_move_time": 3.791569086651054,
  "time_variance": 398.63016349462896,
  "time_complexity_corr": -0.5698507626547515,
  "lag_spike_count": 9,
  "uniformity_score": 0.31758229399823595,
  "clutch_accuracy_diff": NaN,
  "opening_entropy": -0.0,
  "novelty_depth": 5,
  "second_choice_rate": 0.20140515222482436,
  "opening_breadth": 8,
  "tb_match_rate": NaN,
  "dtz_deviation": NaN,
  "conversion_efficiency": 421,
  "suspicious_quality": "False",
  "suspicious_timing": "False",
  "suspicious_opening": true,
  "overall_suspicion_score": 29.51483430137834,
  "analyzed_at": "2025-06-27 10:54:37.950923+00:00",
  "game": null
}