{
  "game_id": 45,
  "acpl": 11676.813793103449,
  "match_rate": 0.3017241379310345,
  "weighted_match_rate": 0.28327049921077185,
  "ipr": -3597.0275862068966,
  "ipr_z_score": 0.0,
  "precision_burst_count": 0,
  "mean_move_time": 2.896551724137931,
  "time_variance": 58.76648204395212,
  "time_complexity_corr": 0.2375513893867868,
  "lag_spike_count": 29,
  "uniformity_score": 0.281445298141202,
  "clutch_accuracy_diff": NaN,
  "opening_entropy": -0.0,
  "novelty_depth": 5,
  "second_choice_rate": 0.14482758620689656,
  "opening_breadth": 8,
  "tb_match_rate": NaN,
  "dtz_deviation": NaN,
  "conversion_efficiency": 568,
  "suspicious_quality": "False",
  "suspicious_timing": "False",
  "suspicious_opening": true,
  "overall_suspicion_score": -1820.7828126567501,
  "analyzed_at": "2025-06-27 10:54:35.111235+00:00",
  "game": null
}