{
  "game_id": 43,
  "acpl": 25734.914285714287,
  "match_rate": 0.2571428571428571,
  "weighted_match_rate": 0.2719173846895902,
  "ipr": -10661.742857142857,
  "ipr_z_score": 0.0,
  "precision_burst_count": 0,
  "mean_move_time": 89.54285714285714,
  "time_variance": 5269.3657006478015,
  "time_complexity_corr": -0.7567342748240007,
  "lag_spike_count": 0,
  "uniformity_score": 0.22338313630390472,
  "clutch_accuracy_diff": NaN,
  "opening_entropy": -0.0,
  "novelty_depth": 5,
  "second_choice_rate": 0.08571428571428572,
  "opening_breadth": 8,
  "tb_match_rate": NaN,
  "dtz_deviation": NaN,
  "conversion_efficiency": null,
  "suspicious_quality": "False",
  "suspicious_timing": "False",
  "suspicious_opening": true,
  "overall_suspicion_score": -4074.4452736084972,
  "analyzed_at": "2025-06-26 21:52:19.957405+00:00",
  "game": null
}