{
  "game_id": 1844,
  "acpl": 13657.972972972973,
  "match_rate": 0.2972972972972973,
  "weighted_match_rate": 0.2833105306839035,
  "ipr": -4591.148648648649,
  "ipr_z_score": 0.0,
  "precision_burst_count": 0,
  "mean_move_time": -6.216216216216216,
  "time_variance": 336.38918918918915,
  "time_complexity_corr": -0.15527931934900735,
  "lag_spike_count": 0,
  "uniformity_score": 0.3590802495881432,
  "clutch_accuracy_diff": NaN,
  "opening_entropy": 4.250939988202237,
  "novelty_depth": 5,
  "second_choice_rate": 0.10810810810810811,
  "opening_breadth": 8,
  "tb_match_rate": NaN,
  "dtz_deviation": NaN,
  "conversion_efficiency": 103,
  "suspicious_quality": "False",
  "suspicious_timing": "False",
  "suspicious_opening": true,
  "overall_suspicion_score": -2139.8198786200496,
  "analyzed_at": "2025-06-25 13:34:57.850091+00:00",
  "game": null
}