{
  "game_id": 1919,
  "acpl": 25734.914285714287,
  "match_rate": 0.2571428571428571,
  "weighted_match_rate": 0.2719173846895902,
  "ipr": -10661.742857142857,
  "ipr_z_score": 0.0,
  "precision_burst_count": 0,
  "mean_move_time": 89.54285714285714,
  "time_variance": 5307.365934065934,
  "time_complexity_corr": -0.7567342748240008,
  "lag_spike_count": 0,
  "uniformity_score": 0.22338313630390472,
  "clutch_accuracy_diff": NaN,
  "opening_entropy": 4.250939988202237,
  "novelty_depth": 5,
  "second_choice_rate": 0.08571428571428572,
  "opening_breadth": 8,
  "tb_match_rate": NaN,
  "dtz_deviation": NaN,
  "conversion_efficiency": null,
  "suspicious_quality": "False",
  "suspicious_timing": "False",
  "suspicious_opening": true,
  "overall_suspicion_score": -4074.4452736084972,
  "analyzed_at": "2025-06-25 13:35:05.944141+00:00",
  "game": null
}