{
  "game_id": 52,
  "acpl": 5879.154040404041,
  "match_rate": 0.43813131313131315,
  "weighted_match_rate": 0.41932599591425973,
  "ipr": -589.07196969697,
  "ipr_z_score": 0.0,
  "precision_burst_count": 0,
  "mean_move_time": 82.27651515151516,
  "time_variance": 4433.092848523159,
  "time_complexity_corr": -0.14718488851855674,
  "lag_spike_count": 0,
  "uniformity_score": 0.34808412435989644,
  "clutch_accuracy_diff": NaN,
  "opening_entropy": -0.0,
  "novelty_depth": 5,
  "second_choice_rate": 0.125,
  "opening_breadth": 8,
  "tb_match_rate": NaN,
  "dtz_deviation": NaN,
  "conversion_efficiency": null,
  "suspicious_quality": "False",
  "suspicious_timing": "False",
  "suspicious_opening": true,
  "overall_suspicion_score": -892.0241072016009,
  "analyzed_at": "2025-06-26 21:52:24.047424+00:00",
  "game": null
}