{
  "game_id": 79,
  "acpl": 3821.987341772152,
  "match_rate": 0.27848101265822783,
  "weighted_match_rate": 0.2825856614713343,
  "ipr": 311.79113924050625,
  "ipr_z_score": 0.0,
  "precision_burst_count": 0,
  "mean_move_time": 26.468354430379748,
  "time_variance": 467.1752677702044,
  "time_complexity_corr": -0.7535854516727141,
  "lag_spike_count": 0,
  "uniformity_score": 0.24203780502823335,
  "clutch_accuracy_diff": NaN,
  "opening_entropy": 4.169238745980352,
  "novelty_depth": 5,
  "second_choice_rate": 0.22784810126582278,
  "opening_breadth": 8,
  "tb_match_rate": NaN,
  "dtz_deviation": NaN,
  "conversion_efficiency": 45,
  "suspicious_quality": "False",
  "suspicious_timing": "False",
  "suspicious_opening": true,
  "overall_suspicion_score": -567.7597020311366,
  "analyzed_at": "2025-06-26 08:55:52.266010+00:00",
  "game": null
}