{
  "game_id": 641,
  "acpl": 59.17777777777778,
  "match_rate": 0.28888888888888886,
  "weighted_match_rate": 0.29194435320292894,
  "ipr": 2201.5222222222224,
  "ipr_z_score": 0.0,
  "precision_burst_count": 0,
  "mean_move_time": 0.8444444444444444,
  "time_variance": 82.96429463171037,
  "time_complexity_corr": 0.1836420467635335,
  "lag_spike_count": 0,
  "uniformity_score": 0.35596153587056334,
  "clutch_accuracy_diff": NaN,
  "opening_entropy": 4.544507255789622,
  "novelty_depth": 5,
  "second_choice_rate": 0.24444444444444444,
  "opening_breadth": 7,
  "tb_match_rate": NaN,
  "dtz_deviation": NaN,
  "conversion_efficiency": 69,
  "suspicious_quality": "False",
  "suspicious_timing": "False",
  "suspicious_opening": true,
  "overall_suspicion_score": 38.24659924358358,
  "analyzed_at": "2025-06-24 12:13:16.873098+00:00",
  "game": null
}