{
  "game_id": 1338,
  "acpl": 78.5609756097561,
  "match_rate": 0.36585365853658536,
  "weighted_match_rate": 0.37971369796644583,
  "ipr": 2253.4024390243903,
  "ipr_z_score": 0.0,
  "precision_burst_count": 0,
  "mean_move_time": 1.3902439024390243,
  "time_variance": 331.2532369768142,
  "time_complexity_corr": -0.2107542877143857,
  "lag_spike_count": 0,
  "uniformity_score": 0.31610458736988606,
  "clutch_accuracy_diff": NaN,
  "opening_entropy": 4.544507255789622,
  "novelty_depth": 5,
  "second_choice_rate": 0.17073170731707318,
  "opening_breadth": 8,
  "tb_match_rate": NaN,
  "dtz_deviation": NaN,
  "conversion_efficiency": 62,
  "suspicious_quality": "False",
  "suspicious_timing": "False",
  "suspicious_opening": true,
  "overall_suspicion_score": 34.32835952259897,
  "analyzed_at": "2025-06-24 12:21:18.548767+00:00",
  "game": null
}