{
  "game_id": 1108,
  "acpl": 86.13333333333334,
  "match_rate": 0.3,
  "weighted_match_rate": 0.2795525273195768,
  "ipr": 2196.9333333333334,
  "ipr_z_score": 0.0,
  "precision_burst_count": 0,
  "mean_move_time": 25.9,
  "time_variance": 363.4521008403362,
  "time_complexity_corr": 0.5936210882015015,
  "lag_spike_count": 0,
  "uniformity_score": 0.2665595335018551,
  "clutch_accuracy_diff": NaN,
  "opening_entropy": 4.544507255789622,
  "novelty_depth": 5,
  "second_choice_rate": 0.06666666666666667,
  "opening_breadth": 8,
  "tb_match_rate": NaN,
  "dtz_deviation": NaN,
  "conversion_efficiency": null,
  "suspicious_quality": "False",
  "suspicious_timing": "False",
  "suspicious_opening": true,
  "overall_suspicion_score": 37.92555476579354,
  "analyzed_at": "2025-06-24 12:18:37.778386+00:00",
  "game": null
}