{
  "game_id": 128,
  "acpl": 55.6078431372549,
  "match_rate": 0.23529411764705882,
  "weighted_match_rate": 0.2495014209258029,
  "ipr": 2160.4313725490197,
  "ipr_z_score": 0.0,
  "precision_burst_count": 0,
  "mean_move_time": 1.2941176470588236,
  "time_variance": 808.8037274315668,
  "time_complexity_corr": -0.4596537445695364,
  "lag_spike_count": 0,
  "uniformity_score": 0.3544181848064689,
  "clutch_accuracy_diff": NaN,
  "opening_entropy": 4.544507255789622,
  "novelty_depth": 5,
  "second_choice_rate": 0.21568627450980393,
  "opening_breadth": 8,
  "tb_match_rate": NaN,
  "dtz_deviation": NaN,
  "conversion_efficiency": 81,
  "suspicious_quality": "False",
  "suspicious_timing": "False",
  "suspicious_opening": true,
  "overall_suspicion_score": 35.35051887099442,
  "analyzed_at": "2025-06-24 12:07:23.814664+00:00",
  "game": null
}