{
  "game_id": 718,
  "acpl": 46.86904761904762,
  "match_rate": 0.42857142857142855,
  "weighted_match_rate": 0.46733863847423157,
  "ipr": 2319.4226190476193,
  "ipr_z_score": 0.0,
  "precision_burst_count": 0,
  "mean_move_time": 14.595238095238095,
  "time_variance": 875.3281698221455,
  "time_complexity_corr": 0.4087898195438998,
  "lag_spike_count": 0,
  "uniformity_score": 0.2303087737145446,
  "clutch_accuracy_diff": NaN,
  "opening_entropy": 4.544507255789622,
  "novelty_depth": 5,
  "second_choice_rate": 0.10714285714285714,
  "opening_breadth": 8,
  "tb_match_rate": NaN,
  "dtz_deviation": NaN,
  "conversion_efficiency": null,
  "suspicious_quality": "False",
  "suspicious_timing": "False",
  "suspicious_opening": true,
  "overall_suspicion_score": 45.240605601230854,
  "analyzed_at": "2025-06-24 12:14:04.953074+00:00",
  "game": null
}