{
  "game_id": 1606,
  "acpl": 65.42424242424242,
  "match_rate": 0.45454545454545453,
  "weighted_match_rate": 0.4689323085422631,
  "ipr": 2330.9242424242425,
  "ipr_z_score": 0.0,
  "precision_burst_count": 0,
  "mean_move_time": 25.96969696969697,
  "time_variance": 288.33495257922743,
  "time_complexity_corr": 0.3193974519886306,
  "lag_spike_count": 0,
  "uniformity_score": 0.361519352368956,
  "clutch_accuracy_diff": NaN,
  "opening_entropy": 4.544507255789622,
  "novelty_depth": 5,
  "second_choice_rate": 0.12121212121212122,
  "opening_breadth": 8,
  "tb_match_rate": NaN,
  "dtz_deviation": NaN,
  "conversion_efficiency": 115,
  "suspicious_quality": "False",
  "suspicious_timing": "False",
  "suspicious_opening": true,
  "overall_suspicion_score": 43.12531442364366,
  "analyzed_at": "2025-06-24 12:24:30.991876+00:00",
  "game": null
}