{
  "game_id": 667,
  "acpl": 3349.6666666666665,
  "match_rate": 0.3,
  "weighted_match_rate": 0.30409635390954864,
  "ipr": 565.1666666666667,
  "ipr_z_score": 0.0,
  "precision_burst_count": 0,
  "mean_move_time": 11.433333333333334,
  "time_variance": 54.49971988795519,
  "time_complexity_corr": 0.2836838794680201,
  "lag_spike_count": 0,
  "uniformity_score": 0.2755831823320059,
  "clutch_accuracy_diff": NaN,
  "opening_entropy": 4.544507255789622,
  "novelty_depth": 5,
  "second_choice_rate": 0.2,
  "opening_breadth": 8,
  "tb_match_rate": NaN,
  "dtz_deviation": NaN,
  "conversion_efficiency": null,
  "suspicious_quality": "False",
  "suspicious_timing": "False",
  "suspicious_opening": true,
  "overall_suspicion_score": -487.7066721472518,
  "analyzed_at": "2025-06-24 12:13:33.901925+00:00",
  "game": null
}