{
  "game_id": 279,
  "acpl": 53.40229885057471,
  "match_rate": 0.3563218390804598,
  "weighted_match_rate": 0.35310920666264417,
  "ipr": 2258.3563218390805,
  "ipr_z_score": 0.0,
  "precision_burst_count": 0,
  "mean_move_time": 0.9885057471264368,
  "time_variance": 91.7570925519899,
  "time_complexity_corr": 0.22886072409118308,
  "lag_spike_count": 2,
  "uniformity_score": 0.34836709561664597,
  "clutch_accuracy_diff": NaN,
  "opening_entropy": 4.544507255789622,
  "novelty_depth": 5,
  "second_choice_rate": 0.26436781609195403,
  "opening_breadth": 8,
  "tb_match_rate": NaN,
  "dtz_deviation": NaN,
  "conversion_efficiency": 155,
  "suspicious_quality": "False",
  "suspicious_timing": "False",
  "suspicious_opening": true,
  "overall_suspicion_score": 41.18415247917316,
  "analyzed_at": "2025-06-24 12:09:13.560372+00:00",
  "game": null
}