{
  "game_id": 979,
  "acpl": 48.6271186440678,
  "match_rate": 0.3389830508474576,
  "weighted_match_rate": 0.3264166282514272,
  "ipr": 2246.8728813559323,
  "ipr_z_score": 0.0,
  "precision_burst_count": 0,
  "mean_move_time": 1.1864406779661016,
  "time_variance": 965.6230624366218,
  "time_complexity_corr": -0.5320014194461727,
  "lag_spike_count": 0,
  "uniformity_score": 0.3512507318236063,
  "clutch_accuracy_diff": NaN,
  "opening_entropy": 4.544507255789622,
  "novelty_depth": 5,
  "second_choice_rate": 0.15254237288135594,
  "opening_breadth": 8,
  "tb_match_rate": NaN,
  "dtz_deviation": NaN,
  "conversion_efficiency": 59,
  "suspicious_quality": "False",
  "suspicious_timing": "False",
  "suspicious_opening": true,
  "overall_suspicion_score": 38.59509131393085,
  "analyzed_at": "2025-06-24 12:17:07.651159+00:00",
  "game": null
}