{
  "game_id": 211,
  "acpl": 3257.0476190476193,
  "match_rate": 0.25396825396825395,
  "weighted_match_rate": 0.24720099187671896,
  "ipr": 574.6507936507935,
  "ipr_z_score": 0.0,
  "precision_burst_count": 0,
  "mean_move_time": 1.5396825396825398,
  "time_variance": 517.0504126984127,
  "time_complexity_corr": 0.13720393539747583,
  "lag_spike_count": 0,
  "uniformity_score": 0.3504778688301427,
  "clutch_accuracy_diff": NaN,
  "opening_entropy": 4.544507255789622,
  "novelty_depth": 5,
  "second_choice_rate": 0.14285714285714285,
  "opening_breadth": 8,
  "tb_match_rate": NaN,
  "dtz_deviation": NaN,
  "conversion_efficiency": 98,
  "suspicious_quality": "False",
  "suspicious_timing": "False",
  "suspicious_opening": true,
  "overall_suspicion_score": -475.0175655446341,
  "analyzed_at": "2025-06-24 12:08:23.702702+00:00",
  "game": null
}