{
  "game_id": 1347,
  "acpl": 49.333333333333336,
  "match_rate": 0.25925925925925924,
  "weighted_match_rate": 0.2671146351092021,
  "ipr": 2182.740740740741,
  "ipr_z_score": 0.0,
  "precision_burst_count": 0,
  "mean_move_time": 2.3333333333333335,
  "time_variance": 191.62790697674419,
  "time_complexity_corr": -0.24566300447689737,
  "lag_spike_count": 0,
  "uniformity_score": 0.33645748084729676,
  "clutch_accuracy_diff": NaN,
  "opening_entropy": 4.544507255789622,
  "novelty_depth": 5,
  "second_choice_rate": 0.2037037037037037,
  "opening_breadth": 8,
  "tb_match_rate": NaN,
  "dtz_deviation": NaN,
  "conversion_efficiency": 162,
  "suspicious_quality": "False",
  "suspicious_timing": "False",
  "suspicious_opening": true,
  "overall_suspicion_score": 36.62887190967942,
  "analyzed_at": "2025-06-24 12:21:27.068293+00:00",
  "game": null
}