{
  "game_id": 107,
  "acpl": 59.68421052631579,
  "match_rate": 0.39473684210526316,
  "weighted_match_rate": 0.4153115388574306,
  "ipr": 2285.9473684210525,
  "ipr_z_score": 0.0,
  "precision_burst_count": 0,
  "mean_move_time": 7.157894736842105,
  "time_variance": 87.92192401533634,
  "time_complexity_corr": 0.833379621594938,
  "lag_spike_count": 4,
  "uniformity_score": 0.2926850598798058,
  "clutch_accuracy_diff": NaN,
  "opening_entropy": 4.544507255789622,
  "novelty_depth": 5,
  "second_choice_rate": 0.07894736842105263,
  "opening_breadth": 8,
  "tb_match_rate": NaN,
  "dtz_deviation": NaN,
  "conversion_efficiency": null,
  "suspicious_quality": "False",
  "suspicious_timing": "True",
  "suspicious_opening": true,
  "overall_suspicion_score": 48.2469154057761,
  "analyzed_at": "2025-06-24 12:07:13.326431+00:00",
  "game": null
}