{
  "game_id": 1206,
  "acpl": 32.54545454545455,
  "match_rate": 0.45454545454545453,
  "weighted_match_rate": 0.4579556992025444,
  "ipr": 2347.3636363636365,
  "ipr_z_score": 0.0,
  "precision_burst_count": 0,
  "mean_move_time": 26.0,
  "time_variance": 593.9541984732824,
  "time_complexity_corr": 0.7181118134798704,
  "lag_spike_count": 0,
  "uniformity_score": 0.21608195608681047,
  "clutch_accuracy_diff": NaN,
  "opening_entropy": 4.544507255789622,
  "novelty_depth": 5,
  "second_choice_rate": 0.06060606060606061,
  "opening_breadth": 8,
  "tb_match_rate": NaN,
  "dtz_deviation": NaN,
  "conversion_efficiency": null,
  "suspicious_quality": "True",
  "suspicious_timing": "False",
  "suspicious_opening": true,
  "overall_suspicion_score": 51.42016323728677,
  "analyzed_at": "2025-06-24 12:19:48.617709+00:00",
  "game": null
}