{
  "game_id": 208,
  "acpl": 30.696969696969695,
  "match_rate": 0.31313131313131315,
  "weighted_match_rate": 0.3094932938793089,
  "ipr": 2235.156565656566,
  "ipr_z_score": 0.0,
  "precision_burst_count": 0,
  "mean_move_time": 6.237373737373737,
  "time_variance": 508.20225093575345,
  "time_complexity_corr": -0.3332751455325162,
  "lag_spike_count": 0,
  "uniformity_score": 0.2986397852274919,
  "clutch_accuracy_diff": NaN,
  "opening_entropy": 4.544507255789622,
  "novelty_depth": 5,
  "second_choice_rate": 0.14646464646464646,
  "opening_breadth": 8,
  "tb_match_rate": NaN,
  "dtz_deviation": NaN,
  "conversion_efficiency": null,
  "suspicious_quality": "False",
  "suspicious_timing": "False",
  "suspicious_opening": true,
  "overall_suspicion_score": 40.29297744795596,
  "analyzed_at": "2025-06-24 12:08:26.286366+00:00",
  "game": null
}