{
  "game_id": 416,
  "acpl": 65.15492957746478,
  "match_rate": 0.28169014084507044,
  "weighted_match_rate": 0.286548331886423,
  "ipr": 2192.774647887324,
  "ipr_z_score": 0.0,
  "precision_burst_count": 0,
  "mean_move_time": 5.098591549295775,
  "time_variance": 66.80296620713682,
  "time_complexity_corr": 0.36941272643108647,
  "lag_spike_count": 4,
  "uniformity_score": 0.2684383522385652,
  "clutch_accuracy_diff": NaN,
  "opening_entropy": 4.544507255789622,
  "novelty_depth": 5,
  "second_choice_rate": 0.11267605633802817,
  "opening_breadth": 8,
  "tb_match_rate": NaN,
  "dtz_deviation": NaN,
  "conversion_efficiency": null,
  "suspicious_quality": "False",
  "suspicious_timing": "False",
  "suspicious_opening": true,
  "overall_suspicion_score": 38.3672114237542,
  "analyzed_at": "2025-06-24 12:10:51.853870+00:00",
  "game": null
}