{
  "game_id": 858,
  "acpl": 63.320754716981135,
  "match_rate": 0.32075471698113206,
  "weighted_match_rate": 0.3105750751872436,
  "ipr": 2224.943396226415,
  "ipr_z_score": 0.0,
  "precision_burst_count": 0,
  "mean_move_time": 1.7547169811320755,
  "time_variance": 533.2154537286613,
  "time_complexity_corr": -0.16777047275376525,
  "lag_spike_count": 1,
  "uniformity_score": 0.3538090394858447,
  "clutch_accuracy_diff": NaN,
  "opening_entropy": 4.544507255789622,
  "novelty_depth": 5,
  "second_choice_rate": 0.18867924528301888,
  "opening_breadth": 8,
  "tb_match_rate": NaN,
  "dtz_deviation": NaN,
  "conversion_efficiency": 84,
  "suspicious_quality": "False",
  "suspicious_timing": "False",
  "suspicious_opening": true,
  "overall_suspicion_score": 35.86724974487659,
  "analyzed_at": "2025-06-24 12:15:38.880351+00:00",
  "game": null
}