{
  "game_id": 409,
  "acpl": 74.29508196721312,
  "match_rate": 0.4098360655737705,
  "weighted_match_rate": 0.42750959331332894,
  "ipr": 2290.72131147541,
  "ipr_z_score": 0.0,
  "precision_burst_count": 0,
  "mean_move_time": 0.8852459016393442,
  "time_variance": 27.110689608454138,
  "time_complexity_corr": 0.4276964349773875,
  "lag_spike_count": 4,
  "uniformity_score": 0.32660347008125895,
  "clutch_accuracy_diff": NaN,
  "opening_entropy": 4.544507255789622,
  "novelty_depth": 5,
  "second_choice_rate": 0.09836065573770492,
  "opening_breadth": 8,
  "tb_match_rate": NaN,
  "dtz_deviation": NaN,
  "conversion_efficiency": 92,
  "suspicious_quality": "False",
  "suspicious_timing": "False",
  "suspicious_opening": true,
  "overall_suspicion_score": 41.58968360512418,
  "analyzed_at": "2025-06-24 12:10:38.057693+00:00",
  "game": null
}