{
  "game_id": 363,
  "acpl": 1229.9529411764706,
  "match_rate": 0.23529411764705882,
  "weighted_match_rate": 0.2163561601575234,
  "ipr": 1573.2588235294118,
  "ipr_z_score": 0.0,
  "precision_burst_count": 0,
  "mean_move_time": 1.035294117647059,
  "time_variance": 193.28868778280545,
  "time_complexity_corr": 0.035573764539943944,
  "lag_spike_count": 1,
  "uniformity_score": 0.35933332376557614,
  "clutch_accuracy_diff": NaN,
  "opening_entropy": 4.544507255789622,
  "novelty_depth": 5,
  "second_choice_rate": 0.17647058823529413,
  "opening_breadth": 8,
  "tb_match_rate": NaN,
  "dtz_deviation": NaN,
  "conversion_efficiency": 128,
  "suspicious_quality": "False",
  "suspicious_timing": "False",
  "suspicious_opening": true,
  "overall_suspicion_score": -152.43632865076134,
  "analyzed_at": "2025-06-24 12:10:04.979676+00:00",
  "game": null
}