{
  "game_id": 1085,
  "acpl": 46.58490566037736,
  "match_rate": 0.4339622641509434,
  "weighted_match_rate": 0.4334060298434425,
  "ipr": 2323.877358490566,
  "ipr_z_score": 0.0,
  "precision_burst_count": 0,
  "mean_move_time": -9.660377358490566,
  "time_variance": 51.97889653939014,
  "time_complexity_corr": -0.7195861183763348,
  "lag_spike_count": 0,
  "uniformity_score": 0.5362786077051476,
  "clutch_accuracy_diff": NaN,
  "opening_entropy": 4.544507255789622,
  "novelty_depth": 5,
  "second_choice_rate": 0.07547169811320754,
  "opening_breadth": 8,
  "tb_match_rate": NaN,
  "dtz_deviation": NaN,
  "conversion_efficiency": null,
  "suspicious_quality": "False",
  "suspicious_timing": "False",
  "suspicious_opening": true,
  "overall_suspicion_score": 43.6583172185866,
  "analyzed_at": "2025-06-24 12:18:23.918342+00:00",
  "game": null
}