{
  "game_id": 855,
  "acpl": 2739.4864864864867,
  "match_rate": 0.3783783783783784,
  "weighted_match_rate": 0.39111301030346474,
  "ipr": 932.9594594594594,
  "ipr_z_score": 0.0,
  "precision_burst_count": 0,
  "mean_move_time": 0.8108108108108109,
  "time_variance": 123.44316919659383,
  "time_complexity_corr": -0.6676185392324231,
  "lag_spike_count": 0,
  "uniformity_score": 0.3595880574602735,
  "clutch_accuracy_diff": NaN,
  "opening_entropy": 4.544507255789622,
  "novelty_depth": 5,
  "second_choice_rate": 0.13513513513513514,
  "opening_breadth": 8,
  "tb_match_rate": NaN,
  "dtz_deviation": NaN,
  "conversion_efficiency": 56,
  "suspicious_quality": "False",
  "suspicious_timing": "False",
  "suspicious_opening": true,
  "overall_suspicion_score": -390.5890904554024,
  "analyzed_at": "2025-06-24 12:15:35.810226+00:00",
  "game": null
}