{
  "game_id": 126,
  "acpl": 39.20779220779221,
  "match_rate": 0.4025974025974026,
  "weighted_match_rate": 0.3990908550337959,
  "ipr": 2302.474025974026,
  "ipr_z_score": 0.0,
  "precision_burst_count": 0,
  "mean_move_time": 1.077922077922078,
  "time_variance": 114.34682964094729,
  "time_complexity_corr": 0.3258217632215343,
  "lag_spike_count": 2,
  "uniformity_score": 0.3494474553621806,
  "clutch_accuracy_diff": NaN,
  "opening_entropy": 4.544507255789622,
  "novelty_depth": 5,
  "second_choice_rate": 0.12987012987012986,
  "opening_breadth": 8,
  "tb_match_rate": NaN,
  "dtz_deviation": NaN,
  "conversion_efficiency": 115,
  "suspicious_quality": "False",
  "suspicious_timing": "False",
  "suspicious_opening": true,
  "overall_suspicion_score": 45.78787757062406,
  "analyzed_at": "2025-06-24 12:07:26.920828+00:00",
  "game": null
}