{
  "game_id": 1139,
  "acpl": 3424.866666666667,
  "match_rate": 0.5,
  "weighted_match_rate": 0.5238329494850756,
  "ipr": 687.5666666666666,
  "ipr_z_score": 0.0,
  "precision_burst_count": 0,
  "mean_move_time": -13.633333333333333,
  "time_variance": 401.9148459383754,
  "time_complexity_corr": -0.20988346560264234,
  "lag_spike_count": 0,
  "uniformity_score": 0.4588476620267361,
  "clutch_accuracy_diff": NaN,
  "opening_entropy": 4.544507255789622,
  "novelty_depth": 5,
  "second_choice_rate": 0.13333333333333333,
  "opening_breadth": 8,
  "tb_match_rate": NaN,
  "dtz_deviation": NaN,
  "conversion_efficiency": 98,
  "suspicious_quality": "False",
  "suspicious_timing": "False",
  "suspicious_opening": true,
  "overall_suspicion_score": -495.9570754975116,
  "analyzed_at": "2025-06-24 12:19:05.774827+00:00",
  "game": null
}