{
  "game_id": 1812,
  "acpl": 46.54945054945055,
  "match_rate": 0.4945054945054945,
  "weighted_match_rate": 0.5056722209677453,
  "ipr": 2372.3296703296705,
  "ipr_z_score": 0.0,
  "precision_burst_count": 0,
  "mean_move_time": 0.967032967032967,
  "time_variance": 1202.5955922530507,
  "time_complexity_corr": -0.1900703383045903,
  "lag_spike_count": 0,
  "uniformity_score": 0.3483015720473963,
  "clutch_accuracy_diff": NaN,
  "opening_entropy": 4.544507255789622,
  "novelty_depth": 5,
  "second_choice_rate": 0.15384615384615385,
  "opening_breadth": 8,
  "tb_match_rate": NaN,
  "dtz_deviation": NaN,
  "conversion_efficiency": 149,
  "suspicious_quality": "True",
  "suspicious_timing": "False",
  "suspicious_opening": true,
  "overall_suspicion_score": 42.90799014835925,
  "analyzed_at": "2025-06-24 12:26:50.636478+00:00",
  "game": null
}