{
  "game_id": 1811,
  "acpl": 67.60655737704919,
  "match_rate": 0.2786885245901639,
  "weighted_match_rate": 0.2883256285838136,
  "ipr": 2189.1475409836066,
  "ipr_z_score": 0.0,
  "precision_burst_count": 0,
  "mean_move_time": 0.5573770491803278,
  "time_variance": 921.438829426907,
  "time_complexity_corr": 0.3205037536923228,
  "lag_spike_count": 0,
  "uniformity_score": 0.34090644354602967,
  "clutch_accuracy_diff": NaN,
  "opening_entropy": 4.544507255789622,
  "novelty_depth": 5,
  "second_choice_rate": 0.21311475409836064,
  "opening_breadth": 8,
  "tb_match_rate": NaN,
  "dtz_deviation": NaN,
  "conversion_efficiency": 104,
  "suspicious_quality": "False",
  "suspicious_timing": "False",
  "suspicious_opening": true,
  "overall_suspicion_score": 38.25474812323927,
  "analyzed_at": "2025-06-24 12:26:47.390272+00:00",
  "game": null
}