{
  "game_id": 401,
  "acpl": 65.8,
  "match_rate": 0.3142857142857143,
  "weighted_match_rate": 0.31897854266841735,
  "ipr": 2218.5285714285715,
  "ipr_z_score": 0.0,
  "precision_burst_count": 0,
  "mean_move_time": 26.685714285714287,
  "time_variance": 295.81418293936275,
  "time_complexity_corr": 0.3159078164976122,
  "lag_spike_count": 0,
  "uniformity_score": 0.3295865353506291,
  "clutch_accuracy_diff": NaN,
  "opening_entropy": 4.544507255789622,
  "novelty_depth": 5,
  "second_choice_rate": 0.17142857142857143,
  "opening_breadth": 8,
  "tb_match_rate": NaN,
  "dtz_deviation": NaN,
  "conversion_efficiency": 114,
  "suspicious_quality": "False",
  "suspicious_timing": "False",
  "suspicious_opening": true,
  "overall_suspicion_score": 39.1398504815526,
  "analyzed_at": "2025-06-24 12:10:34.870391+00:00",
  "game": null
}