{
  "game_id": 1463,
  "acpl": 53.588235294117645,
  "match_rate": 0.3235294117647059,
  "weighted_match_rate": 0.31352646702528975,
  "ipr": 2232.029411764706,
  "ipr_z_score": 0.0,
  "precision_burst_count": 0,
  "mean_move_time": 35.970588235294116,
  "time_variance": 915.3472766884531,
  "time_complexity_corr": 0.16374870581572584,
  "lag_spike_count": 0,
  "uniformity_score": 0.3165365908226931,
  "clutch_accuracy_diff": NaN,
  "opening_entropy": 4.544507255789622,
  "novelty_depth": 5,
  "second_choice_rate": 0.11764705882352941,
  "opening_breadth": 8,
  "tb_match_rate": NaN,
  "dtz_deviation": NaN,
  "conversion_efficiency": 114,
  "suspicious_quality": "False",
  "suspicious_timing": "False",
  "suspicious_opening": true,
  "overall_suspicion_score": 39.07411910640136,
  "analyzed_at": "2025-06-24 12:22:52.643410+00:00",
  "game": null
}