{
  "game_id": 419,
  "acpl": 87.43478260869566,
  "match_rate": 0.391304347826087,
  "weighted_match_rate": 0.4383547538255607,
  "ipr": 2269.326086956522,
  "ipr_z_score": 0.0,
  "precision_burst_count": 0,
  "mean_move_time": 4.043478260869565,
  "time_variance": 35.20688007644529,
  "time_complexity_corr": 0.31996133160903395,
  "lag_spike_count": 0,
  "uniformity_score": 0.3040348464661646,
  "clutch_accuracy_diff": NaN,
  "opening_entropy": 4.544507255789622,
  "novelty_depth": 5,
  "second_choice_rate": 0.17391304347826086,
  "opening_breadth": 8,
  "tb_match_rate": NaN,
  "dtz_deviation": NaN,
  "conversion_efficiency": 77,
  "suspicious_quality": "False",
  "suspicious_timing": "False",
  "suspicious_opening": true,
  "overall_suspicion_score": 37.76629622836845,
  "analyzed_at": "2025-06-24 12:10:40.895564+00:00",
  "game": null
}