{
  "game_id": 1390,
  "acpl": 69.28455284552845,
  "match_rate": 0.3170731707317073,
  "weighted_match_rate": 0.3320760265038177,
  "ipr": 2219.0162601626016,
  "ipr_z_score": 0.0,
  "precision_burst_count": 0,
  "mean_move_time": 0.8780487804878049,
  "time_variance": 94.03404678944749,
  "time_complexity_corr": -0.041171015528450185,
  "lag_spike_count": 4,
  "uniformity_score": 0.3324079421631374,
  "clutch_accuracy_diff": NaN,
  "opening_entropy": 4.544507255789622,
  "novelty_depth": 5,
  "second_choice_rate": 0.17886178861788618,
  "opening_breadth": 8,
  "tb_match_rate": NaN,
  "dtz_deviation": NaN,
  "conversion_efficiency": null,
  "suspicious_quality": "False",
  "suspicious_timing": "False",
  "suspicious_opening": true,
  "overall_suspicion_score": 34.85936118858096,
  "analyzed_at": "2025-06-24 12:22:04.942030+00:00",
  "game": null
}