{
  "game_id": 77,
  "acpl": 18006.048192771083,
  "match_rate": 0.27710843373493976,
  "weighted_match_rate": 0.2816978847238975,
  "ipr": -6781.337349397589,
  "ipr_z_score": 0.0,
  "precision_burst_count": 0,
  "mean_move_time": 0.5662650602409639,
  "time_variance": 453.8955823293173,
  "time_complexity_corr": 0.752378628130264,
  "lag_spike_count": 0,
  "uniformity_score": 0.3430366588737143,
  "clutch_accuracy_diff": NaN,
  "opening_entropy": 4.544507255789622,
  "novelty_depth": 5,
  "second_choice_rate": 0.1686746987951807,
  "opening_breadth": 8,
  "tb_match_rate": NaN,
  "dtz_deviation": NaN,
  "conversion_efficiency": 157,
  "suspicious_quality": "False",
  "suspicious_timing": "True",
  "suspicious_opening": true,
  "overall_suspicion_score": -2826.569343934318,
  "analyzed_at": "2025-06-24 12:06:50.605975+00:00",
  "game": null
}