{
  "game_id": 527,
  "acpl": 82.22448979591837,
  "match_rate": 0.32653061224489793,
  "weighted_match_rate": 0.3500292265834045,
  "ipr": 2220.112244897959,
  "ipr_z_score": 0.0,
  "precision_burst_count": 0,
  "mean_move_time": 1.2244897959183674,
  "time_variance": 244.0109404586577,
  "time_complexity_corr": -0.12587361888582593,
  "lag_spike_count": 0,
  "uniformity_score": 0.3427975056026318,
  "clutch_accuracy_diff": NaN,
  "opening_entropy": 4.544507255789622,
  "novelty_depth": 5,
  "second_choice_rate": 0.1836734693877551,
  "opening_breadth": 8,
  "tb_match_rate": NaN,
  "dtz_deviation": NaN,
  "conversion_efficiency": 78,
  "suspicious_quality": "False",
  "suspicious_timing": "False",
  "suspicious_opening": true,
  "overall_suspicion_score": 33.24776851862559,
  "analyzed_at": "2025-06-24 12:11:53.962556+00:00",
  "game": null
}