{
  "game_id": 1038,
  "acpl": 113.51923076923077,
  "match_rate": 0.3076923076923077,
  "weighted_match_rate": 0.2630999464161196,
  "ipr": 2189.394230769231,
  "ipr_z_score": 0.0,
  "precision_burst_count": 0,
  "mean_move_time": 13.442307692307692,
  "time_variance": 169.1367521367521,
  "time_complexity_corr": -0.5995807284506892,
  "lag_spike_count": 0,
  "uniformity_score": 0.24579409349523762,
  "clutch_accuracy_diff": NaN,
  "opening_entropy": 4.544507255789622,
  "novelty_depth": 5,
  "second_choice_rate": 0.19230769230769232,
  "opening_breadth": 8,
  "tb_match_rate": NaN,
  "dtz_deviation": NaN,
  "conversion_efficiency": null,
  "suspicious_quality": "False",
  "suspicious_timing": "False",
  "suspicious_opening": true,
  "overall_suspicion_score": 25.758856294914672,
  "analyzed_at": "2025-06-24 12:17:52.613258+00:00",
  "game": null
}