{
  "game_id": 1471,
  "acpl": 40.95348837209303,
  "match_rate": 0.5116279069767442,
  "weighted_match_rate": 0.5465296541338291,
  "ipr": 2388.8255813953488,
  "ipr_z_score": 0.0,
  "precision_burst_count": 0,
  "mean_move_time": 0.46511627906976744,
  "time_variance": 191.0752393980848,
  "time_complexity_corr": -0.13958424529620272,
  "lag_spike_count": 0,
  "uniformity_score": 0.35585581859120946,
  "clutch_accuracy_diff": NaN,
  "opening_entropy": 4.544507255789622,
  "novelty_depth": 5,
  "second_choice_rate": 0.11627906976744186,
  "opening_breadth": 8,
  "tb_match_rate": NaN,
  "dtz_deviation": NaN,
  "conversion_efficiency": 65,
  "suspicious_quality": "True",
  "suspicious_timing": "False",
  "suspicious_opening": true,
  "overall_suspicion_score": 44.59353032618211,
  "analyzed_at": "2025-06-24 12:22:51.723614+00:00",
  "game": null
}