{
  "game_id": 1828,
  "acpl": 2157.531914893617,
  "match_rate": 0.46808510638297873,
  "weighted_match_rate": 0.46722014979044785,
  "ipr": 1295.7021276595747,
  "ipr_z_score": 0.0,
  "precision_burst_count": 0,
  "mean_move_time": 0.9787234042553191,
  "time_variance": 74.60169297643557,
  "time_complexity_corr": 0.03618795434703499,
  "lag_spike_count": 4,
  "uniformity_score": 0.35522511548744445,
  "clutch_accuracy_diff": NaN,
  "opening_entropy": 4.544507255789622,
  "novelty_depth": 5,
  "second_choice_rate": 0.10638297872340426,
  "opening_breadth": 7,
  "tb_match_rate": NaN,
  "dtz_deviation": NaN,
  "conversion_efficiency": 70,
  "suspicious_quality": "False",
  "suspicious_timing": "False",
  "suspicious_opening": true,
  "overall_suspicion_score": -295.08877993596667,
  "analyzed_at": "2025-06-24 12:26:54.683324+00:00",
  "game": null
}