{
  "game_id": 717,
  "acpl": 41.57471264367816,
  "match_rate": 0.28735632183908044,
  "weighted_match_rate": 0.2955324254666537,
  "ipr": 2209.097701149425,
  "ipr_z_score": 0.0,
  "precision_burst_count": 0,
  "mean_move_time": 1.0,
  "time_variance": 333.36416184971097,
  "time_complexity_corr": -0.3054053243073903,
  "lag_spike_count": 0,
  "uniformity_score": 0.353381667800912,
  "clutch_accuracy_diff": NaN,
  "opening_entropy": 4.544507255789622,
  "novelty_depth": 5,
  "second_choice_rate": 0.19540229885057472,
  "opening_breadth": 8,
  "tb_match_rate": NaN,
  "dtz_deviation": NaN,
  "conversion_efficiency": null,
  "suspicious_quality": "False",
  "suspicious_timing": "False",
  "suspicious_opening": true,
  "overall_suspicion_score": 38.75998179219171,
  "analyzed_at": "2025-06-24 12:14:14.774446+00:00",
  "game": null
}