{
  "game_id": 1780,
  "acpl": 76.06896551724138,
  "match_rate": 0.3793103448275862,
  "weighted_match_rate": 0.416666577972016,
  "ipr": 2265.4137931034484,
  "ipr_z_score": 0.0,
  "precision_burst_count": 0,
  "mean_move_time": 22.17241379310345,
  "time_variance": 323.90044977511246,
  "time_complexity_corr": 0.38829923270930256,
  "lag_spike_count": 0,
  "uniformity_score": 0.3036718809989579,
  "clutch_accuracy_diff": NaN,
  "opening_entropy": 4.544507255789622,
  "novelty_depth": 5,
  "second_choice_rate": 0.1724137931034483,
  "opening_breadth": 8,
  "tb_match_rate": NaN,
  "dtz_deviation": NaN,
  "conversion_efficiency": null,
  "suspicious_quality": "False",
  "suspicious_timing": "False",
  "suspicious_opening": true,
  "overall_suspicion_score": 40.030327512189864,
  "analyzed_at": "2025-06-24 12:26:21.871278+00:00",
  "game": null
}