{
  "game_id": 922,
  "acpl": 75.43333333333334,
  "match_rate": 0.23333333333333334,
  "weighted_match_rate": 0.24326233678598047,
  "ipr": 2148.95,
  "ipr_z_score": 0.0,
  "precision_burst_count": 0,
  "mean_move_time": 37.36666666666667,
  "time_variance": 855.158543417367,
  "time_complexity_corr": 0.848785228967606,
  "lag_spike_count": 0,
  "uniformity_score": 0.23429057234842499,
  "clutch_accuracy_diff": NaN,
  "opening_entropy": 4.544507255789622,
  "novelty_depth": 5,
  "second_choice_rate": 0.1,
  "opening_breadth": 8,
  "tb_match_rate": NaN,
  "dtz_deviation": NaN,
  "conversion_efficiency": null,
  "suspicious_quality": "False",
  "suspicious_timing": "True",
  "suspicious_opening": true,
  "overall_suspicion_score": 41.18826222454882,
  "analyzed_at": "2025-06-24 12:16:27.368998+00:00",
  "game": null
}