{
  "game_id": 854,
  "acpl": 58.0989010989011,
  "match_rate": 0.43956043956043955,
  "weighted_match_rate": 0.44429191363595205,
  "ipr": 2322.598901098901,
  "ipr_z_score": 0.0,
  "precision_burst_count": 0,
  "mean_move_time": 0.9560439560439561,
  "time_variance": 186.07540525772563,
  "time_complexity_corr": 0.037727346399229846,
  "lag_spike_count": 4,
  "uniformity_score": 0.3247787560156535,
  "clutch_accuracy_diff": NaN,
  "opening_entropy": 4.544507255789622,
  "novelty_depth": 6,
  "second_choice_rate": 0.16483516483516483,
  "opening_breadth": 7,
  "tb_match_rate": NaN,
  "dtz_deviation": NaN,
  "conversion_efficiency": 169,
  "suspicious_quality": "False",
  "suspicious_timing": "False",
  "suspicious_opening": true,
  "overall_suspicion_score": 39.44173034271857,
  "analyzed_at": "2025-06-24 12:15:45.256816+00:00",
  "game": null
}