{
  "game_id": 235,
  "acpl": 5836.142857142857,
  "match_rate": 0.2857142857142857,
  "weighted_match_rate": 0.287979309740013,
  "ipr": -689.5,
  "ipr_z_score": 0.0,
  "precision_burst_count": 0,
  "mean_move_time": 19.114285714285714,
  "time_variance": 142.83576567317573,
  "time_complexity_corr": -0.002179721558149346,
  "lag_spike_count": 3,
  "uniformity_score": 0.26951493894439293,
  "clutch_accuracy_diff": NaN,
  "opening_entropy": 4.544507255789622,
  "novelty_depth": 5,
  "second_choice_rate": 0.17142857142857143,
  "opening_breadth": 8,
  "tb_match_rate": NaN,
  "dtz_deviation": NaN,
  "conversion_efficiency": null,
  "suspicious_quality": "False",
  "suspicious_timing": "False",
  "suspicious_opening": true,
  "overall_suspicion_score": -889.5295972606007,
  "analyzed_at": "2025-06-24 12:08:39.079578+00:00",
  "game": null
}