{
  "game_id": 1428,
  "acpl": 8116.594594594595,
  "match_rate": 0.4594594594594595,
  "weighted_match_rate": 0.4732571011873127,
  "ipr": -1690.72972972973,
  "ipr_z_score": 0.0,
  "precision_burst_count": 0,
  "mean_move_time": 0.7297297297297297,
  "time_variance": 61.07663828211773,
  "time_complexity_corr": 0.5693106133604053,
  "lag_spike_count": 0,
  "uniformity_score": 0.37485021749908765,
  "clutch_accuracy_diff": NaN,
  "opening_entropy": 4.544507255789622,
  "novelty_depth": 5,
  "second_choice_rate": 0.02702702702702703,
  "opening_breadth": 8,
  "tb_match_rate": NaN,
  "dtz_deviation": NaN,
  "conversion_efficiency": 61,
  "suspicious_quality": "False",
  "suspicious_timing": "False",
  "suspicious_opening": true,
  "overall_suspicion_score": -1241.6605260216304,
  "analyzed_at": "2025-06-24 12:22:19.954432+00:00",
  "game": null
}null
}