{
  "game_id": 1126,
  "acpl": 52.04347826086956,
  "match_rate": 0.391304347826087,
  "weighted_match_rate": 0.4125516227785923,
  "ipr": 2287.021739130435,
  "ipr_z_score": 0.0,
  "precision_burst_count": 0,
  "mean_move_time": -2.391304347826087,
  "time_variance": 45.163879598662206,
  "time_complexity_corr": 0.4860973187686196,
  "lag_spike_count": 0,
  "uniformity_score": 0.3286921451282421,
  "clutch_accuracy_diff": NaN,
  "opening_entropy": 4.544507255789622,
  "novelty_depth": 6,
  "second_choice_rate": 0.13043478260869565,
  "opening_breadth": 7,
  "tb_match_rate": NaN,
  "dtz_deviation": NaN,
  "conversion_efficiency": null,
  "suspicious_quality": "False",
  "suspicious_timing": "False",
  "suspicious_opening": true,
  "overall_suspicion_score": 45.1041834242278,
  "analyzed_at": "2025-06-24 12:18:50.912158+00:00",
  "game": null
}