{
  "game_id": 1588,
  "acpl": 4396.376811594203,
  "match_rate": 0.42028985507246375,
  "weighted_match_rate": 0.4324937762119888,
  "ipr": 138.0434782608695,
  "ipr_z_score": 0.0,
  "precision_burst_count": 0,
  "mean_move_time": 1.6956521739130435,
  "time_variance": 788.5052364328785,
  "time_complexity_corr": -0.6317503511334656,
  "lag_spike_count": 0,
  "uniformity_score": 0.3441671338495141,
  "clutch_accuracy_diff": NaN,
  "opening_entropy": 4.544507255789622,
  "novelty_depth": 5,
  "second_choice_rate": 0.14492753623188406,
  "opening_breadth": 8,
  "tb_match_rate": NaN,
  "dtz_deviation": NaN,
  "conversion_efficiency": 123,
  "suspicious_quality": "False",
  "suspicious_timing": "False",
  "suspicious_opening": true,
  "overall_suspicion_score": -654.8847971065402,
  "analyzed_at": "2025-06-24 12:24:18.848726+00:00",
  "game": null
}