{
  "game_id": 1830,
  "acpl": 42.51851851851852,
  "match_rate": 0.2962962962962963,
  "weighted_match_rate": 0.30729809382994067,
  "ipr": 2215.777777777778,
  "ipr_z_score": 0.0,
  "precision_burst_count": 0,
  "mean_move_time": 54.407407407407405,
  "time_variance": 970.1444444444447,
  "time_complexity_corr": 0.7871178975623992,
  "lag_spike_count": 0,
  "uniformity_score": 0.3041682808304457,
  "clutch_accuracy_diff": NaN,
  "opening_entropy": 4.544507255789622,
  "novelty_depth": 5,
  "second_choice_rate": 0.14814814814814814,
  "opening_breadth": 8,
  "tb_match_rate": NaN,
  "dtz_deviation": NaN,
  "conversion_efficiency": null,
  "suspicious_quality": "False",
  "suspicious_timing": "True",
  "suspicious_opening": true,
  "overall_suspicion_score": 48.08124694846244,
  "analyzed_at": "2025-06-24 12:26:55.787316+00:00",
  "game": null
}