{
  "game_id": 657,
  "acpl": 28.03030303030303,
  "match_rate": 0.42424242424242425,
  "weighted_match_rate": 0.40190104115033837,
  "ipr": 2325.378787878788,
  "ipr_z_score": 0.0,
  "precision_burst_count": 0,
  "mean_move_time": 31.666666666666668,
  "time_variance": 304.2849872773537,
  "time_complexity_corr": 0.2927823561046703,
  "lag_spike_count": 0,
  "uniformity_score": 0.416411251485599,
  "clutch_accuracy_diff": NaN,
  "opening_entropy": 4.544507255789622,
  "novelty_depth": 5,
  "second_choice_rate": 0.06060606060606061,
  "opening_breadth": 8,
  "tb_match_rate": NaN,
  "dtz_deviation": NaN,
  "conversion_efficiency": null,
  "suspicious_quality": "True",
  "suspicious_timing": "False",
  "suspicious_opening": true,
  "overall_suspicion_score": 48.29379319474303,
  "analyzed_at": "2025-06-24 12:13:25.194951+00:00",
  "game": null
}