{
  "game_id": 1059,
  "acpl": 64.21212121212122,
  "match_rate": 0.45454545454545453,
  "weighted_match_rate": 0.4633477693263276,
  "ipr": 2331.530303030303,
  "ipr_z_score": 0.0,
  "precision_burst_count": 0,
  "mean_move_time": 34.57575757575758,
  "time_variance": 404.2155910247514,
  "time_complexity_corr": 0.6232395183012814,
  "lag_spike_count": 0,
  "uniformity_score": 0.3341612670659556,
  "clutch_accuracy_diff": NaN,
  "opening_entropy": 4.544507255789622,
  "novelty_depth": 5,
  "second_choice_rate": 0.15151515151515152,
  "opening_breadth": 8,
  "tb_match_rate": NaN,
  "dtz_deviation": NaN,
  "conversion_efficiency": null,
  "suspicious_quality": "False",
  "suspicious_timing": "False",
  "suspicious_opening": true,
  "overall_suspicion_score": 46.70828910961245,
  "analyzed_at": "2025-06-24 12:18:05.395536+00:00",
  "game": null
}