{
  "game_id": 700,
  "acpl": 2277.5604395604396,
  "match_rate": 0.3516483516483517,
  "weighted_match_rate": 0.363596964387561,
  "ipr": 1142.5384615384614,
  "ipr_z_score": 0.0,
  "precision_burst_count": 0,
  "mean_move_time": 1.1868131868131868,
  "time_variance": 181.08093011960418,
  "time_complexity_corr": 0.07624216760801134,
  "lag_spike_count": 2,
  "uniformity_score": 0.32964486334315984,
  "clutch_accuracy_diff": NaN,
  "opening_entropy": 4.544507255789622,
  "novelty_depth": 5,
  "second_choice_rate": 0.18681318681318682,
  "opening_breadth": 8,
  "tb_match_rate": NaN,
  "dtz_deviation": NaN,
  "conversion_efficiency": null,
  "suspicious_quality": "False",
  "suspicious_timing": "False",
  "suspicious_opening": true,
  "overall_suspicion_score": -316.7531386503498,
  "analyzed_at": "2025-06-24 12:14:01.932920+00:00",
  "game": null
}