{
  "game_id": 1743,
  "acpl": 73.29411764705883,
  "match_rate": 0.2647058823529412,
  "weighted_match_rate": 0.2773634947652813,
  "ipr": 2175.1176470588234,
  "ipr_z_score": 0.0,
  "precision_burst_count": 0,
  "mean_move_time": -23.735294117647058,
  "time_variance": 72.2553376906318,
  "time_complexity_corr": -0.5593914690769657,
  "lag_spike_count": 0,
  "uniformity_score": 0.8282372645760818,
  "clutch_accuracy_diff": NaN,
  "opening_entropy": 4.544507255789622,
  "novelty_depth": 5,
  "second_choice_rate": 0.058823529411764705,
  "opening_breadth": 7,
  "tb_match_rate": NaN,
  "dtz_deviation": NaN,
  "conversion_efficiency": null,
  "suspicious_quality": "False",
  "suspicious_timing": "False",
  "suspicious_opening": true,
  "overall_suspicion_score": 39.13073950909028,
  "analyzed_at": "2025-06-24 12:25:58.197085+00:00",
  "game": null
}