{
  "game_id": 1706,
  "acpl": 1852.6545454545455,
  "match_rate": 0.5272727272727272,
  "weighted_match_rate": 0.5707474553674343,
  "ipr": 1495.490909090909,
  "ipr_z_score": 0.0,
  "precision_burst_count": 0,
  "mean_move_time": 1.6363636363636365,
  "time_variance": 54.65554628857381,
  "time_complexity_corr": -0.03662599663970962,
  "lag_spike_count": 2,
  "uniformity_score": 0.28577056961517366,
  "clutch_accuracy_diff": NaN,
  "opening_entropy": 4.544507255789622,
  "novelty_depth": 5,
  "second_choice_rate": 0.05454545454545454,
  "opening_breadth": 8,
  "tb_match_rate": NaN,
  "dtz_deviation": NaN,
  "conversion_efficiency": 82,
  "suspicious_quality": "False",
  "suspicious_timing": "False",
  "suspicious_opening": true,
  "overall_suspicion_score": -245.67635296085564,
  "analyzed_at": "2025-06-24 12:25:34.944399+00:00",
  "game": null
}