{
  "game_id": 408,
  "acpl": 102.04081632653062,
  "match_rate": 0.3673469387755102,
  "weighted_match_rate": 0.3875124907919112,
  "ipr": 2242.857142857143,
  "ipr_z_score": 0.0,
  "precision_burst_count": 0,
  "mean_move_time": 0.8775510204081632,
  "time_variance": 1495.5312434252053,
  "time_complexity_corr": 0.2904663133822742,
  "lag_spike_count": 0,
  "uniformity_score": 0.345301304523604,
  "clutch_accuracy_diff": NaN,
  "opening_entropy": 4.544507255789622,
  "novelty_depth": 6,
  "second_choice_rate": 0.16326530612244897,
  "opening_breadth": 8,
  "tb_match_rate": NaN,
  "dtz_deviation": NaN,
  "conversion_efficiency": 88,
  "suspicious_quality": "False",
  "suspicious_timing": "False",
  "suspicious_opening": true,
  "overall_suspicion_score": 34.27887776638764,
  "analyzed_at": "2025-06-24 12:10:35.853683+00:00",
  "game": null
}