{
  "game_id": 1227,
  "acpl": 3736.1111111111113,
  "match_rate": 0.37037037037037035,
  "weighted_match_rate": 0.38618734090983065,
  "ipr": 428.24074074074065,
  "ipr_z_score": 0.0,
  "precision_burst_count": 0,
  "mean_move_time": 6.888888888888889,
  "time_variance": 24.099688473520253,
  "time_complexity_corr": 0.3362848684294183,
  "lag_spike_count": 3,
  "uniformity_score": 0.32651304633218253,
  "clutch_accuracy_diff": NaN,
  "opening_entropy": 4.544507255789622,
  "novelty_depth": 5,
  "second_choice_rate": 0.18518518518518517,
  "opening_breadth": 8,
  "tb_match_rate": NaN,
  "dtz_deviation": NaN,
  "conversion_efficiency": null,
  "suspicious_quality": "False",
  "suspicious_timing": "False",
  "suspicious_opening": true,
  "overall_suspicion_score": -546.4141113078954,
  "analyzed_at": "2025-06-24 12:20:02.249690+00:00",
  "game": null
}