{
  "game_id": 91,
  "acpl": 33.30769230769231,
  "match_rate": 0.4461538461538462,
  "weighted_match_rate": 0.44514807006993096,
  "ipr": 2340.269230769231,
  "ipr_z_score": 0.0,
  "precision_burst_count": 0,
  "mean_move_time": 1.1538461538461537,
  "time_variance": 706.7978533094811,
  "time_complexity_corr": -0.18997790951254845,
  "lag_spike_count": 0,
  "uniformity_score": 0.33479651941013905,
  "clutch_accuracy_diff": NaN,
  "opening_entropy": 4.544507255789622,
  "novelty_depth": 5,
  "second_choice_rate": 0.2,
  "opening_breadth": 8,
  "tb_match_rate": NaN,
  "dtz_deviation": NaN,
  "conversion_efficiency": 108,
  "suspicious_quality": "True",
  "suspicious_timing": "False",
  "suspicious_opening": true,
  "overall_suspicion_score": 43.5513487180813,
  "analyzed_at": "2025-06-24 12:07:03.068763+00:00",
  "game": null
}