{
  "game_id": 517,
  "acpl": 32.8,
  "match_rate": 0.2857142857142857,
  "weighted_match_rate": 0.27194674344925307,
  "ipr": 2212.1714285714284,
  "ipr_z_score": 0.0,
  "precision_burst_count": 0,
  "mean_move_time": 6.3428571428571425,
  "time_variance": 74.35642343268242,
  "time_complexity_corr": -0.41656115340166006,
  "lag_spike_count": 4,
  "uniformity_score": 0.3258293347805562,
  "clutch_accuracy_diff": NaN,
  "opening_entropy": 4.544507255789622,
  "novelty_depth": 5,
  "second_choice_rate": 0.05714285714285714,
  "opening_breadth": 8,
  "tb_match_rate": NaN,
  "dtz_deviation": NaN,
  "conversion_efficiency": null,
  "suspicious_quality": "False",
  "suspicious_timing": "False",
  "suspicious_opening": true,
  "overall_suspicion_score": 39.51679903471942,
  "analyzed_at": "2025-06-24 12:11:49.686463+00:00",
  "game": null
}