{
  "game_id": 1088,
  "acpl": 2183.723404255319,
  "match_rate": 0.40425531914893614,
  "weighted_match_rate": 0.4538581861691252,
  "ipr": 1231.5425531914893,
  "ipr_z_score": 0.0,
  "precision_burst_count": 0,
  "mean_move_time": 1.0638297872340425,
  "time_variance": 228.01738732555478,
  "time_complexity_corr": 0.5285046414427145,
  "lag_spike_count": 0,
  "uniformity_score": 0.35654188382546886,
  "clutch_accuracy_diff": NaN,
  "opening_entropy": 4.544507255789622,
  "novelty_depth": 5,
  "second_choice_rate": 0.23404255319148937,
  "opening_breadth": 8,
  "tb_match_rate": NaN,
  "dtz_deviation": NaN,
  "conversion_efficiency": 72,
  "suspicious_quality": "False",
  "suspicious_timing": "False",
  "suspicious_opening": true,
  "overall_suspicion_score": -294.035301051182,
  "analyzed_at": "2025-06-24 12:18:22.432894+00:00",
  "game": null
}