{
  "game_id": 1355,
  "acpl": 884.7142857142857,
  "match_rate": 0.40336134453781514,
  "weighted_match_rate": 0.41914382074150847,
  "ipr": 1880.3319327731092,
  "ipr_z_score": 0.0,
  "precision_burst_count": 0,
  "mean_move_time": 0.5462184873949579,
  "time_variance": 376.2995426018509,
  "time_complexity_corr": 0.04155355905956092,
  "lag_spike_count": 0,
  "uniformity_score": 0.33345908318105694,
  "clutch_accuracy_diff": NaN,
  "opening_entropy": 4.544507255789622,
  "novelty_depth": 5,
  "second_choice_rate": 0.13445378151260504,
  "opening_breadth": 8,
  "tb_match_rate": NaN,
  "dtz_deviation": NaN,
  "conversion_efficiency": 189,
  "suspicious_quality": "False",
  "suspicious_timing": "False",
  "suspicious_opening": true,
  "overall_suspicion_score": -92.99656570292609,
  "analyzed_at": "2025-06-24 12:21:34.943027+00:00",
  "game": null
}