{
  "game_id": 1816,
  "acpl": 86.54166666666667,
  "match_rate": 0.16666666666666666,
  "weighted_match_rate": 0.17357258070059983,
  "ipr": 2090.0625,
  "ipr_z_score": 0.0,
  "precision_burst_count": 0,
  "mean_move_time": 34.833333333333336,
  "time_variance": 478.45614035087715,
  "time_complexity_corr": 0.120716348891013,
  "lag_spike_count": 0,
  "uniformity_score": 0.27123199444593,
  "clutch_accuracy_diff": NaN,
  "opening_entropy": 4.544507255789622,
  "novelty_depth": 5,
  "second_choice_rate": 0.3333333333333333,
  "opening_breadth": 8,
  "tb_match_rate": NaN,
  "dtz_deviation": NaN,
  "conversion_efficiency": null,
  "suspicious_quality": "False",
  "suspicious_timing": "False",
  "suspicious_opening": true,
  "overall_suspicion_score": 29.13555859345232,
  "analyzed_at": "2025-06-24 12:26:45.587898+00:00",
  "game": null
}