{
  "game_id": 136,
  "acpl": 8369.333333333334,
  "match_rate": 0.4166666666666667,
  "weighted_match_rate": 0.49208995305674763,
  "ipr": -1851.3333333333335,
  "ipr_z_score": 0.0,
  "precision_burst_count": 0,
  "mean_move_time": 4.125,
  "time_variance": 54.17368421052632,
  "time_complexity_corr": 0.19649898117741288,
  "lag_spike_count": 4,
  "uniformity_score": 0.2924646243148802,
  "clutch_accuracy_diff": NaN,
  "opening_entropy": 4.544507255789622,
  "novelty_depth": 5,
  "second_choice_rate": 0.041666666666666664,
  "opening_breadth": 8,
  "tb_match_rate": NaN,
  "dtz_deviation": NaN,
  "conversion_efficiency": null,
  "suspicious_quality": "False",
  "suspicious_timing": "False",
  "suspicious_opening": true,
  "overall_suspicion_score": -1288.076208827999,
  "analyzed_at": "2025-06-24 12:07:30.596479+00:00",
  "game": null
}