{
  "game_id": 822,
  "acpl": 2368.0232558139537,
  "match_rate": 0.46511627906976744,
  "weighted_match_rate": 0.48830194573322894,
  "ipr": 1188.081395348837,
  "ipr_z_score": 0.0,
  "precision_burst_count": 0,
  "mean_move_time": 0.6744186046511628,
  "time_variance": 274.5751025991792,
  "time_complexity_corr": 0.49539833807499717,
  "lag_spike_count": 0,
  "uniformity_score": 0.3570826795250543,
  "clutch_accuracy_diff": NaN,
  "opening_entropy": 4.544507255789622,
  "novelty_depth": 5,
  "second_choice_rate": 0.18604651162790697,
  "opening_breadth": 8,
  "tb_match_rate": NaN,
  "dtz_deviation": NaN,
  "conversion_efficiency": 64,
  "suspicious_quality": "False",
  "suspicious_timing": "False",
  "suspicious_opening": true,
  "overall_suspicion_score": -322.786689512596,
  "analyzed_at": "2025-06-24 12:15:13.187247+00:00",
  "game": null
}