{
  "game_id": 880,
  "acpl": 41.42553191489362,
  "match_rate": 0.44680851063829785,
  "weighted_match_rate": 0.43461560690851525,
  "ipr": 2336.7340425531916,
  "ipr_z_score": 0.0,
  "precision_burst_count": 0,
  "mean_move_time": 0.6170212765957447,
  "time_variance": 8.582932967284375,
  "time_complexity_corr": 0.022103736011765414,
  "lag_spike_count": 0,
  "uniformity_score": 0.3564316381791147,
  "clutch_accuracy_diff": NaN,
  "opening_entropy": 4.544507255789622,
  "novelty_depth": 5,
  "second_choice_rate": 0.10638297872340426,
  "opening_breadth": 8,
  "tb_match_rate": NaN,
  "dtz_deviation": NaN,
  "conversion_efficiency": 74,
  "suspicious_quality": "False",
  "suspicious_timing": "False",
  "suspicious_opening": true,
  "overall_suspicion_score": 42.68069648156478,
  "analyzed_at": "2025-06-24 12:15:59.945426+00:00",
  "game": null
}