{
  "game_id": 1118,
  "acpl": 31.106194690265486,
  "match_rate": 0.34513274336283184,
  "weighted_match_rate": 0.3557637144887599,
  "ipr": 2260.5530973451328,
  "ipr_z_score": 0.0,
  "precision_burst_count": 0,
  "mean_move_time": 0.6902654867256637,
  "time_variance": 79.13030481809244,
  "time_complexity_corr": -0.11658362838143374,
  "lag_spike_count": 4,
  "uniformity_score": 0.33137647076828763,
  "clutch_accuracy_diff": NaN,
  "opening_entropy": 4.544507255789622,
  "novelty_depth": 5,
  "second_choice_rate": 0.168141592920354,
  "opening_breadth": 8,
  "tb_match_rate": NaN,
  "dtz_deviation": NaN,
  "conversion_efficiency": 186,
  "suspicious_quality": "False",
  "suspicious_timing": "False",
  "suspicious_opening": true,
  "overall_suspicion_score": 41.575972228380216,
  "analyzed_at": "2025-06-24 12:18:51.773259+00:00",
  "game": null
}