{
  "game_id": 1027,
  "acpl": 13095.5,
  "match_rate": 0.47368421052631576,
  "weighted_match_rate": 0.5033857071396804,
  "ipr": -4168.8026315789475,
  "ipr_z_score": 0.0,
  "precision_burst_count": 0,
  "mean_move_time": -15.763157894736842,
  "time_variance": 152.6057859881492,
  "time_complexity_corr": -0.7794670579589505,
  "lag_spike_count": 0,
  "uniformity_score": 0.8282372645760818,
  "clutch_accuracy_diff": NaN,
  "opening_entropy": 4.544507255789622,
  "novelty_depth": 5,
  "second_choice_rate": 0.10526315789473684,
  "opening_breadth": 8,
  "tb_match_rate": NaN,
  "dtz_deviation": NaN,
  "conversion_efficiency": null,
  "suspicious_quality": "False",
  "suspicious_timing": "False",
  "suspicious_opening": true,
  "overall_suspicion_score": -2039.2021951808074,
  "analyzed_at": "2025-06-24 12:17:41.544794+00:00",
  "game": null
}