{
  "game_id": 1178,
  "acpl": 164.5068493150685,
  "match_rate": 0.3424657534246575,
  "weighted_match_rate": 0.351882045575785,
  "ipr": 2191.719178082192,
  "ipr_z_score": 0.0,
  "precision_burst_count": 0,
  "mean_move_time": 1.2465753424657535,
  "time_variance": 71.1663675011809,
  "time_complexity_corr": -0.39749001700000003,
  "lag_spike_count": 6,
  "uniformity_score": 0.32032470062158014,
  "clutch_accuracy_diff": NaN,
  "opening_entropy": 4.544507255789622,
  "novelty_depth": 5,
  "second_choice_rate": 0.2054794520547945,
  "opening_breadth": 8,
  "tb_match_rate": NaN,
  "dtz_deviation": NaN,
  "conversion_efficiency": 126,
  "suspicious_quality": "False",
  "suspicious_timing": "False",
  "suspicious_opening": true,
  "overall_suspicion_score": 20.0151364553641,
  "analyzed_at": "2025-06-24 12:19:29.679333+00:00",
  "game": null
} null
}