{
  "game_id": 1259,
  "acpl": 87.88372093023256,
  "match_rate": 0.29457364341085274,
  "weighted_match_rate": 0.2897396954617062,
  "ipr": 2191.717054263566,
  "ipr_z_score": 0.0,
  "precision_burst_count": 0,
  "mean_move_time": 0.6201550387596899,
  "time_variance": 87.67616806925467,
  "time_complexity_corr": -0.09913783821036429,
  "lag_spike_count": 0,
  "uniformity_score": 0.3418629826998919,
  "clutch_accuracy_diff": NaN,
  "opening_entropy": 4.544507255789622,
  "novelty_depth": 5,
  "second_choice_rate": 0.20930232558139536,
  "opening_breadth": 8,
  "tb_match_rate": NaN,
  "dtz_deviation": NaN,
  "conversion_efficiency": 223,
  "suspicious_quality": "False",
  "suspicious_timing": "False",
  "suspicious_opening": true,
  "overall_suspicion_score": 31.22365200138215,
  "analyzed_at": "2025-06-24 12:20:31.851864+00:00",
  "game": null
}