{
  "game_id": 94,
  "acpl": 37.30508474576271,
  "match_rate": 0.4067796610169492,
  "weighted_match_rate": 0.39597414021246957,
  "ipr": 2306.771186440678,
  "ipr_z_score": 0.0,
  "precision_burst_count": 0,
  "mean_move_time": 0.4915254237288136,
  "time_variance": 56.69650876430538,
  "time_complexity_corr": -0.08216627471663088,
  "lag_spike_count": 0,
  "uniformity_score": 0.3435761723694376,
  "clutch_accuracy_diff": NaN,
  "opening_entropy": 4.544507255789622,
  "novelty_depth": 5,
  "second_choice_rate": 0.11864406779661017,
  "opening_breadth": 8,
  "tb_match_rate": NaN,
  "dtz_deviation": NaN,
  "conversion_efficiency": 91,
  "suspicious_quality": "False",
  "suspicious_timing": "False",
  "suspicious_opening": true,
  "overall_suspicion_score": 41.958934210048966,
  "analyzed_at": "2025-06-24 12:07:02.168547+00:00",
  "game": null
}