{
  "game_id": 673,
  "acpl": 8477.254237288136,
  "match_rate": 0.4745762711864407,
  "weighted_match_rate": 0.5134354113244054,
  "ipr": -1858.9661016949158,
  "ipr_z_score": 0.0,
  "precision_burst_count": 0,
  "mean_move_time": 1.6440677966101696,
  "time_variance": 1659.7183833116037,
  "time_complexity_corr": -0.40843062748410697,
  "lag_spike_count": 0,
  "uniformity_score": 0.3434967842529158,
  "clutch_accuracy_diff": NaN,
  "opening_entropy": 4.544507255789622,
  "novelty_depth": 5,
  "second_choice_rate": 0.2033898305084746,
  "opening_breadth": 8,
  "tb_match_rate": NaN,
  "dtz_deviation": NaN,
  "conversion_efficiency": 98,
  "suspicious_quality": "False",
  "suspicious_timing": "False",
  "suspicious_opening": true,
  "overall_suspicion_score": -1306.2108279728104,
  "analyzed_at": "2025-06-24 12:13:34.712056+00:00",
  "game": null
}