{
  "game_id": 1592,
  "acpl": 2747.7567567567567,
  "match_rate": 0.2972972972972973,
  "weighted_match_rate": 0.3022273288944471,
  "ipr": 863.9594594594596,
  "ipr_z_score": 0.0,
  "precision_burst_count": 0,
  "mean_move_time": 3.27027027027027,
  "time_variance": 178.97407611693328,
  "time_complexity_corr": -0.4015371917914191,
  "lag_spike_count": 0,
  "uniformity_score": 0.3892112277298494,
  "clutch_accuracy_diff": NaN,
  "opening_entropy": 4.544507255789622,
  "novelty_depth": 5,
  "second_choice_rate": 0.1891891891891892,
  "opening_breadth": 8,
  "tb_match_rate": NaN,
  "dtz_deviation": NaN,
  "conversion_efficiency": null,
  "suspicious_quality": "False",
  "suspicious_timing": "False",
  "suspicious_opening": true,
  "overall_suspicion_score": -393.58164522015704,
  "analyzed_at": "2025-06-24 12:24:21.274931+00:00",
  "game": null
}