{
  "game_id": 1282,
  "acpl": 52.705882352941174,
  "match_rate": 0.5,
  "weighted_match_rate": 0.49839216339238035,
  "ipr": 2373.6470588235293,
  "ipr_z_score": 0.0,
  "precision_burst_count": 0,
  "mean_move_time": 9.676470588235293,
  "time_variance": 54.20566448801743,
  "time_complexity_corr": 0.5042752526338676,
  "lag_spike_count": 0,
  "uniformity_score": 0.23319929481207435,
  "clutch_accuracy_diff": NaN,
  "opening_entropy": 4.544507255789622,
  "novelty_depth": 5,
  "second_choice_rate": 0.14705882352941177,
  "opening_breadth": 8,
  "tb_match_rate": NaN,
  "dtz_deviation": NaN,
  "conversion_efficiency": 124,
  "suspicious_quality": "False",
  "suspicious_timing": "False",
  "suspicious_opening": true,
  "overall_suspicion_score": 46.766196627312254,
  "analyzed_at": "2025-06-24 12:20:37.104758+00:00",
  "game": null
}