{
  "game_id": 1042,
  "acpl": 53.5,
  "match_rate": 0.35294117647058826,
  "weighted_match_rate": 0.3677679324455093,
  "ipr": 2255.6029411764707,
  "ipr_z_score": 0.0,
  "precision_burst_count": 0,
  "mean_move_time": -2.5588235294117645,
  "time_variance": 15.537254901960784,
  "time_complexity_corr": -0.05438760101969131,
  "lag_spike_count": 0,
  "uniformity_score": 0.4881123066248994,
  "clutch_accuracy_diff": NaN,
  "opening_entropy": 4.544507255789622,
  "novelty_depth": 5,
  "second_choice_rate": 0.14705882352941177,
  "opening_breadth": 8,
  "tb_match_rate": NaN,
  "dtz_deviation": NaN,
  "conversion_efficiency": null,
  "suspicious_quality": "False",
  "suspicious_timing": "False",
  "suspicious_opening": true,
  "overall_suspicion_score": 40.18991313980442,
  "analyzed_at": "2025-06-24 12:17:50.723285+00:00",
  "game": null
}