{
  "game_id": 421,
  "acpl": 2084.8571428571427,
  "match_rate": 0.2857142857142857,
  "weighted_match_rate": 0.300719828932629,
  "ipr": 1186.1428571428573,
  "ipr_z_score": 0.0,
  "precision_burst_count": 0,
  "mean_move_time": -11.591836734693878,
  "time_variance": 91.68895866038726,
  "time_complexity_corr": 0.6526016740868563,
  "lag_spike_count": 0,
  "uniformity_score": 0.535458976443123,
  "clutch_accuracy_diff": NaN,
  "opening_entropy": 4.544507255789622,
  "novelty_depth": 5,
  "second_choice_rate": 0.20408163265306123,
  "opening_breadth": 8,
  "tb_match_rate": NaN,
  "dtz_deviation": NaN,
  "conversion_efficiency": 176,
  "suspicious_quality": "False",
  "suspicious_timing": "True",
  "suspicious_opening": true,
  "overall_suspicion_score": -277.68917534975515,
  "analyzed_at": "2025-06-24 12:10:47.703565+00:00",
  "game": null
}