{
  "game_id": 135,
  "acpl": 65.85185185185185,
  "match_rate": 0.25925925925925924,
  "weighted_match_rate": 0.24987285136426815,
  "ipr": 2174.4814814814813,
  "ipr_z_score": 0.0,
  "precision_burst_count": 0,
  "mean_move_time": 7.703703703703703,
  "time_variance": 43.20110764970579,
  "time_complexity_corr": 0.4897366115452623,
  "lag_spike_count": 0,
  "uniformity_score": 0.28544902121543425,
  "clutch_accuracy_diff": NaN,
  "opening_entropy": 4.544507255789622,
  "novelty_depth": 5,
  "second_choice_rate": 0.25925925925925924,
  "opening_breadth": 8,
  "tb_match_rate": NaN,
  "dtz_deviation": NaN,
  "conversion_efficiency": null,
  "suspicious_quality": "False",
  "suspicious_timing": "False",
  "suspicious_opening": true,
  "overall_suspicion_score": 39.26310944069474,
  "analyzed_at": "2025-06-24 12:07:29.611019+00:00",
  "game": null
}