{
  "game_id": 1211,
  "acpl": 3060.1492537313434,
  "match_rate": 0.34328358208955223,
  "weighted_match_rate": 0.35527312383126103,
  "ipr": 744.5522388059701,
  "ipr_z_score": 0.0,
  "precision_burst_count": 0,
  "mean_move_time": 0.5970149253731343,
  "time_variance": 53.77623162383571,
  "time_complexity_corr": -0.43247741578090004,
  "lag_spike_count": 2,
  "uniformity_score": 0.3446916059665856,
  "clutch_accuracy_diff": NaN,
  "opening_entropy": 4.544507255789622,
  "novelty_depth": 5,
  "second_choice_rate": 0.1791044776119403,
  "opening_breadth": 8,
  "tb_match_rate": NaN,
  "dtz_deviation": NaN,
  "conversion_efficiency": 103,
  "suspicious_quality": "False",
  "suspicious_timing": "False",
  "suspicious_opening": true,
  "overall_suspicion_score": -442.9325550513829,
  "analyzed_at": "2025-06-24 12:19:51.837748+00:00",
  "game": null
}