{
  "game_id": 592,
  "acpl": 1918.5,
  "match_rate": 0.3333333333333333,
  "weighted_match_rate": 0.3492629695623374,
  "ipr": 1307.4166666666665,
  "ipr_z_score": 0.0,
  "precision_burst_count": 0,
  "mean_move_time": -33.53703703703704,
  "time_variance": 457.29164513350554,
  "time_complexity_corr": 0.44973100629168894,
  "lag_spike_count": 0,
  "uniformity_score": 0.8282372645760818,
  "clutch_accuracy_diff": NaN,
  "opening_entropy": 4.544507255789622,
  "novelty_depth": 5,
  "second_choice_rate": 0.2962962962962963,
  "opening_breadth": 8,
  "tb_match_rate": NaN,
  "dtz_deviation": NaN,
  "conversion_efficiency": null,
  "suspicious_quality": "False",
  "suspicious_timing": "True",
  "suspicious_opening": true,
  "overall_suspicion_score": -248.79424097940478,
  "analyzed_at": "2025-06-24 12:12:48.019443+00:00",
  "game": null
}