{
  "game_id": 429,
  "acpl": 53.25806451612903,
  "match_rate": 0.3870967741935484,
  "weighted_match_rate": 0.3992135290873461,
  "ipr": 2283.048387096774,
  "ipr_z_score": 0.0,
  "precision_burst_count": 0,
  "mean_move_time": 0.946236559139785,
  "time_variance": 104.26736413833187,
  "time_complexity_corr": -0.15240007262908736,
  "lag_spike_count": 2,
  "uniformity_score": 0.33512071107633984,
  "clutch_accuracy_diff": NaN,
  "opening_entropy": 4.544507255789622,
  "novelty_depth": 5,
  "second_choice_rate": 0.20430107526881722,
  "opening_breadth": 8,
  "tb_match_rate": NaN,
  "dtz_deviation": NaN,
  "conversion_efficiency": 160,
  "suspicious_quality": "False",
  "suspicious_timing": "False",
  "suspicious_opening": true,
  "overall_suspicion_score": 39.103442205244335,
  "analyzed_at": "2025-06-24 12:10:53.948072+00:00",
  "game": null
}