{
  "game_id": 246,
  "acpl": 1998.0588235294117,
  "match_rate": 0.39215686274509803,
  "weighted_match_rate": 0.37812136570360305,
  "ipr": 1314.6960784313726,
  "ipr_z_score": 0.0,
  "precision_burst_count": 0,
  "mean_move_time": 2.0588235294117645,
  "time_variance": 929.1252184041933,
  "time_complexity_corr": -0.44880027387901905,
  "lag_spike_count": 2,
  "uniformity_score": 0.34434802383930424,
  "clutch_accuracy_diff": NaN,
  "opening_entropy": 4.544507255789622,
  "novelty_depth": 5,
  "second_choice_rate": 0.0784313725490196,
  "opening_breadth": 8,
  "tb_match_rate": NaN,
  "dtz_deviation": NaN,
  "conversion_efficiency": 80,
  "suspicious_quality": "False",
  "suspicious_timing": "False",
  "suspicious_opening": true,
  "overall_suspicion_score": -272.1417227253302,
  "analyzed_at": "2025-06-24 12:08:41.177293+00:00",
  "game": null
}