{
  "game_id": 851,
  "acpl": 5785.384615384615,
  "match_rate": 0.2692307692307692,
  "weighted_match_rate": 0.3294382689326242,
  "ipr": -677.3076923076924,
  "ipr_z_score": 0.0,
  "precision_burst_count": 0,
  "mean_move_time": 26.826923076923077,
  "time_variance": 120.6462281679673,
  "time_complexity_corr": 0.2753273595489312,
  "lag_spike_count": 0,
  "uniformity_score": 0.31759395443077176,
  "clutch_accuracy_diff": NaN,
  "opening_entropy": 4.544507255789622,
  "novelty_depth": 5,
  "second_choice_rate": 0.15384615384615385,
  "opening_breadth": 8,
  "tb_match_rate": NaN,
  "dtz_deviation": NaN,
  "conversion_efficiency": null,
  "suspicious_quality": "False",
  "suspicious_timing": "False",
  "suspicious_opening": true,
  "overall_suspicion_score": -877.0659935788314,
  "analyzed_at": "2025-06-24 12:15:39.400417+00:00",
  "game": null
}