{
  "game_id": 474,
  "acpl": 86.6,
  "match_rate": 0.3111111111111111,
  "weighted_match_rate": 0.33344218920986435,
  "ipr": 2205.588888888889,
  "ipr_z_score": 0.0,
  "precision_burst_count": 0,
  "mean_move_time": 7.377777777777778,
  "time_variance": 92.16933581626317,
  "time_complexity_corr": 0.20358984707914793,
  "lag_spike_count": 0,
  "uniformity_score": 0.295510992671709,
  "clutch_accuracy_diff": NaN,
  "opening_entropy": 4.544507255789622,
  "novelty_depth": 5,
  "second_choice_rate": 0.2,
  "opening_breadth": 7,
  "tb_match_rate": NaN,
  "dtz_deviation": NaN,
  "conversion_efficiency": null,
  "suspicious_quality": "False",
  "suspicious_timing": "False",
  "suspicious_opening": true,
  "overall_suspicion_score": 34.11740010073742,
  "analyzed_at": "2025-06-24 12:11:22.785540+00:00",
  "game": null
}