{
  "game_id": 1396,
  "acpl": 47.99009900990099,
  "match_rate": 0.43564356435643564,
  "weighted_match_rate": 0.45401021704045635,
  "ipr": 2324.5198019801983,
  "ipr_z_score": 0.0,
  "precision_burst_count": 0,
  "mean_move_time": 0.7425742574257426,
  "time_variance": 102.16225801684647,
  "time_complexity_corr": -0.12812055431651598,
  "lag_spike_count": 4,
  "uniformity_score": 0.3266571124732994,
  "clutch_accuracy_diff": NaN,
  "opening_entropy": 4.544507255789622,
  "novelty_depth": 5,
  "second_choice_rate": 0.13861386138613863,
  "opening_breadth": 8,
  "tb_match_rate": NaN,
  "dtz_deviation": NaN,
  "conversion_efficiency": null,
  "suspicious_quality": "False",
  "suspicious_timing": "False",
  "suspicious_opening": true,
  "overall_suspicion_score": 41.08064344109479,
  "analyzed_at": "2025-06-24 12:22:03.758550+00:00",
  "game": null
}