{
  "game_id": 1585,
  "acpl": 48.58888888888889,
  "match_rate": 0.29444444444444445,
  "weighted_match_rate": 0.30336767858939034,
  "ipr": 2211.261111111111,
  "ipr_z_score": 0.0,
  "precision_burst_count": 0,
  "mean_move_time": -31.68888888888889,
  "time_variance": 498.5395406579764,
  "time_complexity_corr": 0.6007787519361383,
  "lag_spike_count": 0,
  "uniformity_score": 0.5392098158200573,
  "clutch_accuracy_diff": NaN,
  "opening_entropy": 4.544507255789622,
  "novelty_depth": 2,
  "second_choice_rate": 0.12777777777777777,
  "opening_breadth": 8,
  "tb_match_rate": NaN,
  "dtz_deviation": NaN,
  "conversion_efficiency": null,
  "suspicious_quality": "False",
  "suspicious_timing": "True",
  "suspicious_opening": true,
  "overall_suspicion_score": 48.84938035113625,
  "analyzed_at": "2025-06-24 12:24:14.166632+00:00",
  "game": null
}