{
  "game_id": 158,
  "acpl": 45.2,
  "match_rate": 0.41818181818181815,
  "weighted_match_rate": 0.4281001343753186,
  "ipr": 2311.9454545454546,
  "ipr_z_score": 0.0,
  "precision_burst_count": 0,
  "mean_move_time": 1.0727272727272728,
  "time_variance": 44.985487906588816,
  "time_complexity_corr": 0.07192067719929465,
  "lag_spike_count": 3,
  "uniformity_score": 0.33302611798977516,
  "clutch_accuracy_diff": NaN,
  "opening_entropy": 4.544507255789622,
  "novelty_depth": 5,
  "second_choice_rate": 0.10909090909090909,
  "opening_breadth": 8,
  "tb_match_rate": NaN,
  "dtz_deviation": NaN,
  "conversion_efficiency": 86,
  "suspicious_quality": "False",
  "suspicious_timing": "False",
  "suspicious_opening": true,
  "overall_suspicion_score": 41.98521837054901,
  "analyzed_at": "2025-06-24 12:07:51.900732+00:00",
  "game": null
}