{
  "game_id": 241,
  "acpl": 111.44067796610169,
  "match_rate": 0.3050847457627119,
  "weighted_match_rate": 0.35598816757717855,
  "ipr": 2188.3474576271187,
  "ipr_z_score": 0.0,
  "precision_burst_count": 0,
  "mean_move_time": 0.4067796610169492,
  "time_variance": 373.5425177459076,
  "time_complexity_corr": -0.3897581056931367,
  "lag_spike_count": 0,
  "uniformity_score": 0.36786553987087595,
  "clutch_accuracy_diff": NaN,
  "opening_entropy": 4.544507255789622,
  "novelty_depth": 5,
  "second_choice_rate": 0.11864406779661017,
  "opening_breadth": 8,
  "tb_match_rate": NaN,
  "dtz_deviation": NaN,
  "conversion_efficiency": null,
  "suspicious_quality": "False",
  "suspicious_timing": "False",
  "suspicious_opening": true,
  "overall_suspicion_score": 28.700685733888363,
  "analyzed_at": "2025-06-24 12:08:40.666019+00:00",
  "game": null
}