{
  "game_id": 719,
  "acpl": 2087.469387755102,
  "match_rate": 0.3469387755102041,
  "weighted_match_rate": 0.3529242522828217,
  "ipr": 1233.816326530612,
  "ipr_z_score": 0.0,
  "precision_burst_count": 0,
  "mean_move_time": 2.020408163265306,
  "time_variance": 1108.5562802440563,
  "time_complexity_corr": -0.6458657052574146,
  "lag_spike_count": 0,
  "uniformity_score": 0.34519540568469886,
  "clutch_accuracy_diff": NaN,
  "opening_entropy": 4.544507255789622,
  "novelty_depth": 5,
  "second_choice_rate": 0.12244897959183673,
  "opening_breadth": 8,
  "tb_match_rate": NaN,
  "dtz_deviation": NaN,
  "conversion_efficiency": 77,
  "suspicious_quality": "False",
  "suspicious_timing": "False",
  "suspicious_opening": true,
  "overall_suspicion_score": -287.2818031362413,
  "analyzed_at": "2025-06-24 12:14:05.797879+00:00",
  "game": null
}