{
  "game_id": 1041,
  "acpl": 4391.347826086957,
  "match_rate": 0.391304347826087,
  "weighted_match_rate": 0.390944280057716,
  "ipr": 117.36956521739103,
  "ipr_z_score": 0.0,
  "precision_burst_count": 0,
  "mean_move_time": -0.782608695652174,
  "time_variance": 103.0291447682752,
  "time_complexity_corr": 0.08215444400218949,
  "lag_spike_count": 0,
  "uniformity_score": 0.44098922807593677,
  "clutch_accuracy_diff": NaN,
  "opening_entropy": 4.544507255789622,
  "novelty_depth": 5,
  "second_choice_rate": 0.17391304347826086,
  "opening_breadth": 8,
  "tb_match_rate": NaN,
  "dtz_deviation": NaN,
  "conversion_efficiency": null,
  "suspicious_quality": "False",
  "suspicious_timing": "False",
  "suspicious_opening": true,
  "overall_suspicion_score": -652.689372738331,
  "analyzed_at": "2025-06-24 12:17:48.772300+00:00",
  "game": null
}