{
  "game_id": 1403,
  "acpl": 70.24242424242425,
  "match_rate": 0.36363636363636365,
  "weighted_match_rate": 0.33665685367655734,
  "ipr": 2255.787878787879,
  "ipr_z_score": 0.0,
  "precision_burst_count": 0,
  "mean_move_time": 1.0909090909090908,
  "time_variance": 54.48391608391608,
  "time_complexity_corr": -0.2189412918255964,
  "lag_spike_count": 1,
  "uniformity_score": 0.39259500483810916,
  "clutch_accuracy_diff": NaN,
  "opening_entropy": 4.544507255789622,
  "novelty_depth": 5,
  "second_choice_rate": 0.15151515151515152,
  "opening_breadth": 8,
  "tb_match_rate": NaN,
  "dtz_deviation": NaN,
  "conversion_efficiency": 50,
  "suspicious_quality": "False",
  "suspicious_timing": "False",
  "suspicious_opening": true,
  "overall_suspicion_score": 36.07216828944354,
  "analyzed_at": "2025-06-24 12:22:01.924792+00:00",
  "game": null
}