{
  "game_id": 482,
  "acpl": 86.74324324324324,
  "match_rate": 0.44594594594594594,
  "weighted_match_rate": 0.44979188671444864,
  "ipr": 2313.385135135135,
  "ipr_z_score": 0.0,
  "precision_burst_count": 0,
  "mean_move_time": 10.95945945945946,
  "time_variance": 114.94072377462206,
  "time_complexity_corr": -0.7332907757673289,
  "lag_spike_count": 4,
  "uniformity_score": 0.2743550301538747,
  "clutch_accuracy_diff": NaN,
  "opening_entropy": 4.544507255789622,
  "novelty_depth": 5,
  "second_choice_rate": 0.13513513513513514,
  "opening_breadth": 8,
  "tb_match_rate": NaN,
  "dtz_deviation": NaN,
  "conversion_efficiency": 273,
  "suspicious_quality": "False",
  "suspicious_timing": "False",
  "suspicious_opening": true,
  "overall_suspicion_score": 34.29937294992925,
  "analyzed_at": "2025-06-24 12:11:32.756559+00:00",
  "game": null
}