{
  "game_id": 502,
  "acpl": 42.05263157894737,
  "match_rate": 0.3508771929824561,
  "weighted_match_rate": 0.3725427003314608,
  "ipr": 2259.6754385964914,
  "ipr_z_score": 0.0,
  "precision_burst_count": 0,
  "mean_move_time": 11.771929824561404,
  "time_variance": 62.73189581884227,
  "time_complexity_corr": -0.5647707198306062,
  "lag_spike_count": 0,
  "uniformity_score": 0.2259094462029525,
  "clutch_accuracy_diff": NaN,
  "opening_entropy": 4.544507255789622,
  "novelty_depth": 5,
  "second_choice_rate": 0.14035087719298245,
  "opening_breadth": 8,
  "tb_match_rate": NaN,
  "dtz_deviation": NaN,
  "conversion_efficiency": null,
  "suspicious_quality": "False",
  "suspicious_timing": "False",
  "suspicious_opening": true,
  "overall_suspicion_score": 38.776485744672335,
  "analyzed_at": "2025-06-24 12:11:39.813935+00:00",
  "game": null
}