{
  "game_id": 871,
  "acpl": 4825.9047619047615,
  "match_rate": 0.47619047619047616,
  "weighted_match_rate": 0.5537714851844021,
  "ipr": -31.999999999999773,
  "ipr_z_score": 0.0,
  "precision_burst_count": 0,
  "mean_move_time": 10.857142857142858,
  "time_variance": 50.43717728055077,
  "time_complexity_corr": 0.38218219212505855,
  "lag_spike_count": 3,
  "uniformity_score": 0.314932242577676,
  "clutch_accuracy_diff": NaN,
  "opening_entropy": 4.544507255789622,
  "novelty_depth": 5,
  "second_choice_rate": 0.047619047619047616,
  "opening_breadth": 8,
  "tb_match_rate": NaN,
  "dtz_deviation": NaN,
  "conversion_efficiency": null,
  "suspicious_quality": "False",
  "suspicious_timing": "False",
  "suspicious_opening": true,
  "overall_suspicion_score": -717.0712879344792,
  "analyzed_at": "2025-06-24 12:15:51.186170+00:00",
  "game": null
}