{
  "game_id": 1710,
  "acpl": 73.81538461538462,
  "match_rate": 0.46153846153846156,
  "weighted_match_rate": 0.4883836861451722,
  "ipr": 2332.3230769230768,
  "ipr_z_score": 0.0,
  "precision_burst_count": 0,
  "mean_move_time": 1.3076923076923077,
  "time_variance": 75.43947525342875,
  "time_complexity_corr": 0.18024134658277696,
  "lag_spike_count": 3,
  "uniformity_score": 0.35152903637075117,
  "clutch_accuracy_diff": NaN,
  "opening_entropy": 4.544507255789622,
  "novelty_depth": 6,
  "second_choice_rate": 0.12307692307692308,
  "opening_breadth": 8,
  "tb_match_rate": NaN,
  "dtz_deviation": NaN,
  "conversion_efficiency": 122,
  "suspicious_quality": "False",
  "suspicious_timing": "False",
  "suspicious_opening": true,
  "overall_suspicion_score": 39.83573402066117,
  "analyzed_at": "2025-06-24 12:25:39.732609+00:00",
  "game": null
}