{
  "game_id": 96,
  "acpl": 5981.882352941177,
  "match_rate": 0.4117647058823529,
  "weighted_match_rate": 0.5061298105333706,
  "ipr": -661.5294117647059,
  "ipr_z_score": 0.0,
  "precision_burst_count": 0,
  "mean_move_time": 10.352941176470589,
  "time_variance": 77.72431957857769,
  "time_complexity_corr": 0.6609144634745381,
  "lag_spike_count": 3,
  "uniformity_score": 0.2822009636298929,
  "clutch_accuracy_diff": NaN,
  "opening_entropy": 4.544507255789622,
  "novelty_depth": 5,
  "second_choice_rate": 0.058823529411764705,
  "opening_breadth": 8,
  "tb_match_rate": NaN,
  "dtz_deviation": NaN,
  "conversion_efficiency": null,
  "suspicious_quality": "False",
  "suspicious_timing": "False",
  "suspicious_opening": true,
  "overall_suspicion_score": -900.2974994347943,
  "analyzed_at": "2025-06-24 12:06:58.582524+00:00",
  "game": null
}