{
  "game_id": 1413,
  "acpl": 70.26612903225806,
  "match_rate": 0.18548387096774194,
  "weighted_match_rate": 0.18180317313264938,
  "ipr": 2113.2540322580644,
  "ipr_z_score": 0.0,
  "precision_burst_count": 0,
  "mean_move_time": 21.64516129032258,
  "time_variance": 2092.0519276160503,
  "time_complexity_corr": 0.20541121778222815,
  "lag_spike_count": 0,
  "uniformity_score": 0.33150052764751853,
  "clutch_accuracy_diff": NaN,
  "opening_entropy": 4.544507255789622,
  "novelty_depth": 5,
  "second_choice_rate": 0.1532258064516129,
  "opening_breadth": 8,
  "tb_match_rate": NaN,
  "dtz_deviation": NaN,
  "conversion_efficiency": null,
  "suspicious_quality": "False",
  "suspicious_timing": "False",
  "suspicious_opening": true,
  "overall_suspicion_score": 33.87626070191524,
  "analyzed_at": "2025-06-24 12:22:10.612092+00:00",
  "game": null
}