{
  "game_id": 664,
  "acpl": 48.0,
  "match_rate": 0.36363636363636365,
  "weighted_match_rate": 0.3162443149212281,
  "ipr": 2266.909090909091,
  "ipr_z_score": 0.0,
  "precision_burst_count": 0,
  "mean_move_time": 15.272727272727273,
  "time_variance": 100.33855799373042,
  "time_complexity_corr": 0.6537262943105789,
  "lag_spike_count": 3,
  "uniformity_score": 0.32374529860801343,
  "clutch_accuracy_diff": NaN,
  "opening_entropy": 4.544507255789622,
  "novelty_depth": 5,
  "second_choice_rate": 0.18181818181818182,
  "opening_breadth": 8,
  "tb_match_rate": NaN,
  "dtz_deviation": NaN,
  "conversion_efficiency": null,
  "suspicious_quality": "False",
  "suspicious_timing": "False",
  "suspicious_opening": true,
  "overall_suspicion_score": 46.69696305417351,
  "analyzed_at": "2025-06-24 12:13:27.997859+00:00",
  "game": null
}