{
  "game_id": 813,
  "acpl": 58.19047619047619,
  "match_rate": 0.5238095238095238,
  "weighted_match_rate": 0.5387209803652171,
  "ipr": 2389.952380952381,
  "ipr_z_score": 0.0,
  "precision_burst_count": 0,
  "mean_move_time": 1.6825396825396826,
  "time_variance": 521.4024126984127,
  "time_complexity_corr": 0.4849991184822127,
  "lag_spike_count": 0,
  "uniformity_score": 0.34466579268685543,
  "clutch_accuracy_diff": NaN,
  "opening_entropy": 4.544507255789622,
  "novelty_depth": 5,
  "second_choice_rate": 0.14285714285714285,
  "opening_breadth": 8,
  "tb_match_rate": NaN,
  "dtz_deviation": NaN,
  "conversion_efficiency": null,
  "suspicious_quality": "False",
  "suspicious_timing": "False",
  "suspicious_opening": true,
  "overall_suspicion_score": 47.81070124923406,
  "analyzed_at": "2025-06-24 12:15:18.875320+00:00",
  "game": null
}