{
  "game_id": 969,
  "acpl": 1740.7457627118645,
  "match_rate": 0.4745762711864407,
  "weighted_match_rate": 0.46052507134708276,
  "ipr": 1509.2881355932204,
  "ipr_z_score": 0.0,
  "precision_burst_count": 0,
  "mean_move_time": 1.271186440677966,
  "time_variance": 480.9172823410111,
  "time_complexity_corr": 0.22827024858862532,
  "lag_spike_count": 2,
  "uniformity_score": 0.3439856367776881,
  "clutch_accuracy_diff": NaN,
  "opening_entropy": 4.544507255789622,
  "novelty_depth": 5,
  "second_choice_rate": 0.11864406779661017,
  "opening_breadth": 8,
  "tb_match_rate": NaN,
  "dtz_deviation": NaN,
  "conversion_efficiency": 100,
  "suspicious_quality": "False",
  "suspicious_timing": "False",
  "suspicious_opening": true,
  "overall_suspicion_score": -226.14490735641718,
  "analyzed_at": "2025-06-24 12:16:59.695864+00:00",
  "game": null
}