{
  "game_id": 931,
  "acpl": 40.55102040816327,
  "match_rate": 0.46938775510204084,
  "weighted_match_rate": 0.46781211847815074,
  "ipr": 2355.234693877551,
  "ipr_z_score": 0.0,
  "precision_burst_count": 0,
  "mean_move_time": 0.6530612244897959,
  "time_variance": 108.18767094466655,
  "time_complexity_corr": 0.25600182084206874,
  "lag_spike_count": 2,
  "uniformity_score": 0.3441223227807327,
  "clutch_accuracy_diff": NaN,
  "opening_entropy": 4.544507255789622,
  "novelty_depth": 5,
  "second_choice_rate": 0.14285714285714285,
  "opening_breadth": 8,
  "tb_match_rate": NaN,
  "dtz_deviation": NaN,
  "conversion_efficiency": 85,
  "suspicious_quality": "True",
  "suspicious_timing": "False",
  "suspicious_opening": true,
  "overall_suspicion_score": 46.259787012941196,
  "analyzed_at": "2025-06-24 12:16:33.726762+00:00",
  "game": null
}