{
  "game_id": 1782,
  "acpl": 10613.36170212766,
  "match_rate": 0.3829787234042553,
  "weighted_match_rate": 0.3956903884346076,
  "ipr": -3000.297872340426,
  "ipr_z_score": 0.0,
  "precision_burst_count": 0,
  "mean_move_time": 20.04255319148936,
  "time_variance": 66.69336670838548,
  "time_complexity_corr": 0.17485800423479617,
  "lag_spike_count": 0,
  "uniformity_score": 0.3624949102307411,
  "clutch_accuracy_diff": NaN,
  "opening_entropy": 4.544507255789622,
  "novelty_depth": 5,
  "second_choice_rate": 0.1702127659574468,
  "opening_breadth": 8,
  "tb_match_rate": NaN,
  "dtz_deviation": NaN,
  "conversion_efficiency": null,
  "suspicious_quality": "False",
  "suspicious_timing": "False",
  "suspicious_opening": true,
  "overall_suspicion_score": -1648.07693156754,
  "analyzed_at": "2025-06-24 12:26:27.804658+00:00",
  "game": null
}