{
  "game_id": 188,
  "acpl": 40.421052631578945,
  "match_rate": 0.3157894736842105,
  "weighted_match_rate": 0.28553215734091925,
  "ipr": 2232.4210526315787,
  "ipr_z_score": 0.0,
  "precision_burst_count": 0,
  "mean_move_time": 13.31578947368421,
  "time_variance": 43.09894736842105,
  "time_complexity_corr": 0.4360685453560522,
  "lag_spike_count": 0,
  "uniformity_score": 0.3270102620161589,
  "clutch_accuracy_diff": NaN,
  "opening_entropy": 4.544507255789622,
  "novelty_depth": 5,
  "second_choice_rate": 0.15789473684210525,
  "opening_breadth": 8,
  "tb_match_rate": NaN,
  "dtz_deviation": NaN,
  "conversion_efficiency": null,
  "suspicious_quality": "False",
  "suspicious_timing": "False",
  "suspicious_opening": true,
  "overall_suspicion_score": 44.28697624340156,
  "analyzed_at": "2025-06-24 12:08:04.214156+00:00",
  "game": null
}