{
  "game_id": 1150,
  "acpl": 2443.8571428571427,
  "match_rate": 0.30952380952380953,
  "weighted_match_rate": 0.29948984368505954,
  "ipr": 1025.6904761904761,
  "ipr_z_score": 0.0,
  "precision_burst_count": 0,
  "mean_move_time": 20.738095238095237,
  "time_variance": 249.41179815209665,
  "time_complexity_corr": -0.014750025353156775,
  "lag_spike_count": 3,
  "uniformity_score": 0.3745132901921697,
  "clutch_accuracy_diff": NaN,
  "opening_entropy": 4.544507255789622,
  "novelty_depth": 5,
  "second_choice_rate": 0.11904761904761904,
  "opening_breadth": 8,
  "tb_match_rate": NaN,
  "dtz_deviation": NaN,
  "conversion_efficiency": 313,
  "suspicious_quality": "False",
  "suspicious_timing": "False",
  "suspicious_opening": true,
  "overall_suspicion_score": -345.02756289123425,
  "analyzed_at": "2025-06-24 12:19:21.465523+00:00",
  "game": null
}