{
  "game_id": 1737,
  "acpl": 1621.2,
  "match_rate": 0.4153846153846154,
  "weighted_match_rate": 0.45436328315765384,
  "ipr": 1521.7076923076922,
  "ipr_z_score": 0.0,
  "precision_burst_count": 0,
  "mean_move_time": 1.353846153846154,
  "time_variance": 733.6877757901015,
  "time_complexity_corr": 0.10468660011934051,
  "lag_spike_count": 0,
  "uniformity_score": 0.33348402982014036,
  "clutch_accuracy_diff": NaN,
  "opening_entropy": 4.544507255789622,
  "novelty_depth": 6,
  "second_choice_rate": 0.16923076923076924,
  "opening_breadth": 7,
  "tb_match_rate": NaN,
  "dtz_deviation": NaN,
  "conversion_efficiency": 115,
  "suspicious_quality": "False",
  "suspicious_timing": "False",
  "suspicious_opening": true,
  "overall_suspicion_score": -209.87789234324927,
  "analyzed_at": "2025-06-24 12:25:53.487600+00:00",
  "game": null
}