{
  "game_id": 1800,
  "acpl": 50.47826086956522,
  "match_rate": 0.43478260869565216,
  "weighted_match_rate": 0.4765225560660169,
  "ipr": 2322.586956521739,
  "ipr_z_score": 0.0,
  "precision_burst_count": 0,
  "mean_move_time": -10.26086956521739,
  "time_variance": 170.56856187290973,
  "time_complexity_corr": -0.014895737235449624,
  "lag_spike_count": 0,
  "uniformity_score": 0.4617129188731528,
  "clutch_accuracy_diff": NaN,
  "opening_entropy": 4.544507255789622,
  "novelty_depth": 5,
  "second_choice_rate": 0.0,
  "opening_breadth": 8,
  "tb_match_rate": NaN,
  "dtz_deviation": NaN,
  "conversion_efficiency": null,
  "suspicious_quality": "False",
  "suspicious_timing": "False",
  "suspicious_opening": true,
  "overall_suspicion_score": 42.630551723924,
  "analyzed_at": "2025-06-24 12:26:38.681005+00:00",
  "game": null
}