{
  "game_id": 1264,
  "acpl": 74.95061728395062,
  "match_rate": 0.25925925925925924,
  "weighted_match_rate": 0.2687998353015668,
  "ipr": 2169.932098765432,
  "ipr_z_score": 0.0,
  "precision_burst_count": 0,
  "mean_move_time": 1.2469135802469136,
  "time_variance": 232.70884134652252,
  "time_complexity_corr": 0.08317584627213821,
  "lag_spike_count": 1,
  "uniformity_score": 0.3546642677636475,
  "clutch_accuracy_diff": NaN,
  "opening_entropy": 4.544507255789622,
  "novelty_depth": 5,
  "second_choice_rate": 0.19753086419753085,
  "opening_breadth": 8,
  "tb_match_rate": NaN,
  "dtz_deviation": NaN,
  "conversion_efficiency": 144,
  "suspicious_quality": "False",
  "suspicious_timing": "False",
  "suspicious_opening": true,
  "overall_suspicion_score": 33.81761179474513,
  "analyzed_at": "2025-06-24 12:20:30.905786+00:00",
  "game": null
}