{
  "game_id": 908,
  "acpl": 59.44827586206897,
  "match_rate": 0.3793103448275862,
  "weighted_match_rate": 0.42098084721846196,
  "ipr": 2273.7241379310344,
  "ipr_z_score": 0.0,
  "precision_burst_count": 0,
  "mean_move_time": 1.9655172413793103,
  "time_variance": 46.490018148820326,
  "time_complexity_corr": -0.1560800838576857,
  "lag_spike_count": 1,
  "uniformity_score": 0.31344205056078883,
  "clutch_accuracy_diff": NaN,
  "opening_entropy": 4.544507255789622,
  "novelty_depth": 5,
  "second_choice_rate": 0.10344827586206896,
  "opening_breadth": 8,
  "tb_match_rate": NaN,
  "dtz_deviation": NaN,
  "conversion_efficiency": 43,
  "suspicious_quality": "False",
  "suspicious_timing": "False",
  "suspicious_opening": true,
  "overall_suspicion_score": 38.0097957986314,
  "analyzed_at": "2025-06-24 12:16:10.497081+00:00",
  "game": null
}