{
  "game_id": 810,
  "acpl": 93.07692307692308,
  "match_rate": 0.358974358974359,
  "weighted_match_rate": 0.367343625282894,
  "ipr": 2240.6410256410254,
  "ipr_z_score": 0.0,
  "precision_burst_count": 0,
  "mean_move_time": 0.4358974358974359,
  "time_variance": 25.703629703629705,
  "time_complexity_corr": 0.3476693427177196,
  "lag_spike_count": 0,
  "uniformity_score": 0.3864220524941022,
  "clutch_accuracy_diff": NaN,
  "opening_entropy": 4.544507255789622,
  "novelty_depth": 5,
  "second_choice_rate": 0.20512820512820512,
  "opening_breadth": 8,
  "tb_match_rate": NaN,
  "dtz_deviation": NaN,
  "conversion_efficiency": 58,
  "suspicious_quality": "False",
  "suspicious_timing": "False",
  "suspicious_opening": true,
  "overall_suspicion_score": 36.999650558927115,
  "analyzed_at": "2025-06-24 12:15:05.308810+00:00",
  "game": null
}