{
  "game_id": 153,
  "acpl": 30.5,
  "match_rate": 0.3888888888888889,
  "weighted_match_rate": 0.3892316764597054,
  "ipr": 2295.8611111111113,
  "ipr_z_score": 0.0,
  "precision_burst_count": 0,
  "mean_move_time": 19.61111111111111,
  "time_variance": 193.59311424100153,
  "time_complexity_corr": 0.4818655437008634,
  "lag_spike_count": 0,
  "uniformity_score": 0.26457810360343037,
  "clutch_accuracy_diff": NaN,
  "opening_entropy": 4.544507255789622,
  "novelty_depth": 5,
  "second_choice_rate": 0.2777777777777778,
  "opening_breadth": 8,
  "tb_match_rate": NaN,
  "dtz_deviation": NaN,
  "conversion_efficiency": null,
  "suspicious_quality": "True",
  "suspicious_timing": "False",
  "suspicious_opening": true,
  "overall_suspicion_score": 47.78799237548681,
  "analyzed_at": "2025-06-24 12:07:39.839619+00:00",
  "game": null
}