{
  "game_id": 867,
  "acpl": 45.583333333333336,
  "match_rate": 0.5416666666666666,
  "weighted_match_rate": 0.5428697754800897,
  "ipr": 2410.5416666666665,
  "ipr_z_score": 0.0,
  "precision_burst_count": 0,
  "mean_move_time": 19.125,
  "time_variance": 256.7,
  "time_complexity_corr": 0.5253639488337803,
  "lag_spike_count": 0,
  "uniformity_score": 0.21775120952619753,
  "clutch_accuracy_diff": NaN,
  "opening_entropy": 4.544507255789622,
  "novelty_depth": 5,
  "second_choice_rate": 0.16666666666666666,
  "opening_breadth": 8,
  "tb_match_rate": NaN,
  "dtz_deviation": NaN,
  "conversion_efficiency": null,
  "suspicious_quality": "True",
  "suspicious_timing": "False",
  "suspicious_opening": true,
  "overall_suspicion_score": 49.01004345192747,
  "analyzed_at": "2025-06-24 12:15:43.307034+00:00",
  "game": null
}