{
  "game_id": 565,
  "acpl": 6079.734939759036,
  "match_rate": 0.24096385542168675,
  "weighted_match_rate": 0.25721621293147706,
  "ipr": -847.0963855421687,
  "ipr_z_score": 0.0,
  "precision_burst_count": 0,
  "mean_move_time": 0.6144578313253012,
  "time_variance": 931.9231836436655,
  "time_complexity_corr": 0.42298237370054237,
  "lag_spike_count": 2,
  "uniformity_score": 0.3407033189242774,
  "clutch_accuracy_diff": NaN,
  "opening_entropy": 4.544507255789622,
  "novelty_depth": 5,
  "second_choice_rate": 0.1566265060240964,
  "opening_breadth": 8,
  "tb_match_rate": NaN,
  "dtz_deviation": NaN,
  "conversion_efficiency": 145,
  "suspicious_quality": "False",
  "suspicious_timing": "False",
  "suspicious_opening": true,
  "overall_suspicion_score": -923.2333583833974,
  "analyzed_at": "2025-06-24 12:12:25.316223+00:00",
  "game": null
}