{
  "game_id": 1099,
  "acpl": 64.85185185185185,
  "match_rate": 0.2222222222222222,
  "weighted_match_rate": 0.2162776091709185,
  "ipr": 2145.3518518518517,
  "ipr_z_score": 0.0,
  "precision_burst_count": 0,
  "mean_move_time": 1.0123456790123457,
  "time_variance": 190.49674104746566,
  "time_complexity_corr": -0.611940162508197,
  "lag_spike_count": 2,
  "uniformity_score": 0.34379315924153003,
  "clutch_accuracy_diff": NaN,
  "opening_entropy": 4.544507255789622,
  "novelty_depth": 5,
  "second_choice_rate": 0.2345679012345679,
  "opening_breadth": 8,
  "tb_match_rate": NaN,
  "dtz_deviation": NaN,
  "conversion_efficiency": 128,
  "suspicious_quality": "False",
  "suspicious_timing": "False",
  "suspicious_opening": true,
  "overall_suspicion_score": 33.18311617094052,
  "analyzed_at": "2025-06-24 12:18:34.472079+00:00",
  "game": null
}