{
  "game_id": 830,
  "acpl": 40.857142857142854,
  "match_rate": 0.42857142857142855,
  "weighted_match_rate": 0.4340096336344777,
  "ipr": 2322.4285714285716,
  "ipr_z_score": 0.0,
  "precision_burst_count": 0,
  "mean_move_time": 9.571428571428571,
  "time_variance": 57.69363166953529,
  "time_complexity_corr": 0.36092516511687156,
  "lag_spike_count": 0,
  "uniformity_score": 0.3556678207396127,
  "clutch_accuracy_diff": NaN,
  "opening_entropy": 4.544507255789622,
  "novelty_depth": 5,
  "second_choice_rate": 0.2857142857142857,
  "opening_breadth": 8,
  "tb_match_rate": NaN,
  "dtz_deviation": NaN,
  "conversion_efficiency": 64,
  "suspicious_quality": "False",
  "suspicious_timing": "False",
  "suspicious_opening": true,
  "overall_suspicion_score": 46.77124221253408,
  "analyzed_at": "2025-06-24 12:15:23.967587+00:00",
  "game": null
}