{
  "game_id": 69,
  "acpl": 7724.923076923077,
  "match_rate": 0.4358974358974359,
  "weighted_match_rate": 0.43229963498215246,
  "ipr": -1513.7435897435898,
  "ipr_z_score": 0.0,
  "precision_burst_count": 0,
  "mean_move_time": 0.717948717948718,
  "time_variance": 287.52980352980353,
  "time_complexity_corr": 0.6278267462937557,
  "lag_spike_count": 0,
  "uniformity_score": 0.371484890339799,
  "clutch_accuracy_diff": NaN,
  "opening_entropy": 4.544507255789622,
  "novelty_depth": 5,
  "second_choice_rate": 0.15384615384615385,
  "opening_breadth": 8,
  "tb_match_rate": NaN,
  "dtz_deviation": NaN,
  "conversion_efficiency": 58,
  "suspicious_quality": "False",
  "suspicious_timing": "False",
  "suspicious_opening": true,
  "overall_suspicion_score": -1179.077931999218,
  "analyzed_at": "2025-06-24 12:06:32.245211+00:00",
  "game": null
}