{
  "game_id": 325,
  "acpl": 55.63265306122449,
  "match_rate": 0.3673469387755102,
  "weighted_match_rate": 0.37292290499355263,
  "ipr": 2266.061224489796,
  "ipr_z_score": 0.0,
  "precision_burst_count": 0,
  "mean_move_time": 18.79591836734694,
  "time_variance": 163.03506017791727,
  "time_complexity_corr": 0.10354969922175089,
  "lag_spike_count": 0,
  "uniformity_score": 0.28782407184923203,
  "clutch_accuracy_diff": NaN,
  "opening_entropy": 4.544507255789622,
  "novelty_depth": 5,
  "second_choice_rate": 0.20408163265306123,
  "opening_breadth": 8,
  "tb_match_rate": NaN,
  "dtz_deviation": NaN,
  "conversion_efficiency": null,
  "suspicious_quality": "False",
  "suspicious_timing": "False",
  "suspicious_opening": true,
  "overall_suspicion_score": 38.87418577382012,
  "analyzed_at": "2025-06-24 12:09:45.197126+00:00",
  "game": null
}