{
  "game_id": 61,
  "acpl": 8929.719298245614,
  "match_rate": 0.3333333333333333,
  "weighted_match_rate": 0.3370000803197197,
  "ipr": -2198.1929824561403,
  "ipr_z_score": 0.0,
  "precision_burst_count": 0,
  "mean_move_time": 1.3508771929824561,
  "time_variance": 1082.813848781245,
  "time_complexity_corr": 0.4893075082575229,
  "lag_spike_count": 4,
  "uniformity_score": 0.35241941683543615,
  "clutch_accuracy_diff": NaN,
  "opening_entropy": 4.544507255789622,
  "novelty_depth": 5,
  "second_choice_rate": 0.15789473684210525,
  "opening_breadth": 8,
  "tb_match_rate": NaN,
  "dtz_deviation": NaN,
  "conversion_efficiency": 102,
  "suspicious_quality": "False",
  "suspicious_timing": "False",
  "suspicious_opening": true,
  "overall_suspicion_score": -1376.1895001917997,
  "analyzed_at": "2025-06-24 12:06:41.291661+00:00",
  "game": null
}