{
  "game_id": 481,
  "acpl": 35.57831325301205,
  "match_rate": 0.3132530120481928,
  "weighted_match_rate": 0.31333269954103854,
  "ipr": 2232.8132530120483,
  "ipr_z_score": 0.0,
  "precision_burst_count": 0,
  "mean_move_time": 0.6626506024096386,
  "time_variance": 125.99459656809054,
  "time_complexity_corr": -0.24594078693000104,
  "lag_spike_count": 0,
  "uniformity_score": 0.3435701536978042,
  "clutch_accuracy_diff": NaN,
  "opening_entropy": 4.544507255789622,
  "novelty_depth": 5,
  "second_choice_rate": 0.21686746987951808,
  "opening_breadth": 8,
  "tb_match_rate": NaN,
  "dtz_deviation": NaN,
  "conversion_efficiency": 151,
  "suspicious_quality": "False",
  "suspicious_timing": "False",
  "suspicious_opening": true,
  "overall_suspicion_score": 40.1211253398114,
  "analyzed_at": "2025-06-24 12:11:25.430726+00:00",
  "game": null
}