{
  "game_id": 1326,
  "acpl": 2287.6222222222223,
  "match_rate": 0.4444444444444444,
  "weighted_match_rate": 0.47515736873304165,
  "ipr": 1211.7444444444445,
  "ipr_z_score": 0.0,
  "precision_burst_count": 0,
  "mean_move_time": 0.8888888888888888,
  "time_variance": 279.56054931335825,
  "time_complexity_corr": 0.19482099570963904,
  "lag_spike_count": 0,
  "uniformity_score": 0.35681423207209456,
  "clutch_accuracy_diff": NaN,
  "opening_entropy": 4.544507255789622,
  "novelty_depth": 5,
  "second_choice_rate": 0.2,
  "opening_breadth": 8,
  "tb_match_rate": NaN,
  "dtz_deviation": NaN,
  "conversion_efficiency": 68,
  "suspicious_quality": "False",
  "suspicious_timing": "False",
  "suspicious_opening": true,
  "overall_suspicion_score": -314.08889345015405,
  "analyzed_at": "2025-06-24 12:21:05.338048+00:00",
  "game": null
}