{
  "game_id": 1815,
  "acpl": 5889.911764705882,
  "match_rate": 0.3235294117647059,
  "weighted_match_rate": 0.33659062242275495,
  "ipr": -686.1323529411761,
  "ipr_z_score": 0.0,
  "precision_burst_count": 0,
  "mean_move_time": 17.029411764705884,
  "time_variance": 120.50283224400872,
  "time_complexity_corr": 0.6417395381531991,
  "lag_spike_count": 0,
  "uniformity_score": 0.3437953106269221,
  "clutch_accuracy_diff": NaN,
  "opening_entropy": 4.544507255789622,
  "novelty_depth": 5,
  "second_choice_rate": 0.17647058823529413,
  "opening_breadth": 8,
  "tb_match_rate": NaN,
  "dtz_deviation": NaN,
  "conversion_efficiency": null,
  "suspicious_quality": "False",
  "suspicious_timing": "False",
  "suspicious_opening": true,
  "overall_suspicion_score": -888.1452563329403,
  "analyzed_at": "2025-06-24 12:26:48.280169+00:00",
  "game": null
}