{
  "game_id": 663,
  "acpl": 2070.6530612244896,
  "match_rate": 0.3469387755102041,
  "weighted_match_rate": 0.325719304232342,
  "ipr": 1242.2244897959185,
  "ipr_z_score": 0.0,
  "precision_burst_count": 0,
  "mean_move_time": 1.5510204081632653,
  "time_variance": 254.72417420576477,
  "time_complexity_corr": -0.4283416435849372,
  "lag_spike_count": 0,
  "uniformity_score": 0.3336555778387939,
  "clutch_accuracy_diff": NaN,
  "opening_entropy": 4.544507255789622,
  "novelty_depth": 5,
  "second_choice_rate": 0.08163265306122448,
  "opening_breadth": 8,
  "tb_match_rate": NaN,
  "dtz_deviation": NaN,
  "conversion_efficiency": 74,
  "suspicious_quality": "False",
  "suspicious_timing": "False",
  "suspicious_opening": true,
  "overall_suspicion_score": -285.0618981160229,
  "analyzed_at": "2025-06-24 12:13:26.357181+00:00",
  "game": null
}