{
  "game_id": 1602,
  "acpl": 3758.777777777778,
  "match_rate": 0.37037037037037035,
  "weighted_match_rate": 0.38231394542499114,
  "ipr": 416.9074074074074,
  "ipr_z_score": 0.0,
  "precision_burst_count": 0,
  "mean_move_time": 36.51851851851852,
  "time_variance": 498.3454482519903,
  "time_complexity_corr": 0.650262154384094,
  "lag_spike_count": 0,
  "uniformity_score": 0.2738206701241538,
  "clutch_accuracy_diff": NaN,
  "opening_entropy": 4.544507255789622,
  "novelty_depth": 5,
  "second_choice_rate": 0.07407407407407407,
  "opening_breadth": 8,
  "tb_match_rate": NaN,
  "dtz_deviation": NaN,
  "conversion_efficiency": null,
  "suspicious_quality": "False",
  "suspicious_timing": "False",
  "suspicious_opening": true,
  "overall_suspicion_score": -546.821197348547,
  "analyzed_at": "2025-06-24 12:24:22.509612+00:00",
  "game": null
}