{
  "game_id": 1770,
  "acpl": 4245.458333333333,
  "match_rate": 0.375,
  "weighted_match_rate": 0.3705208602126606,
  "ipr": 177.27083333333348,
  "ipr_z_score": 0.0,
  "precision_burst_count": 0,
  "mean_move_time": 16.833333333333332,
  "time_variance": 90.16140350877191,
  "time_complexity_corr": 0.1329683929094072,
  "lag_spike_count": 0,
  "uniformity_score": 0.31206172039876673,
  "clutch_accuracy_diff": NaN,
  "opening_entropy": 4.544507255789622,
  "novelty_depth": 5,
  "second_choice_rate": 0.16666666666666666,
  "opening_breadth": 8,
  "tb_match_rate": NaN,
  "dtz_deviation": NaN,
  "conversion_efficiency": null,
  "suspicious_quality": "False",
  "suspicious_timing": "False",
  "suspicious_opening": true,
  "overall_suspicion_score": -630.7642065944293,
  "analyzed_at": "2025-06-24 12:26:12.871837+00:00",
  "game": null
}