{
  "game_id": 1683,
  "acpl": 67.82352941176471,
  "match_rate": 0.3235294117647059,
  "weighted_match_rate": 0.32591507540396975,
  "ipr": 2224.9117647058824,
  "ipr_z_score": 0.0,
  "precision_burst_count": 0,
  "mean_move_time": -9.117647058823529,
  "time_variance": 161.76383442265796,
  "time_complexity_corr": 0.31049890091945104,
  "lag_spike_count": 0,
  "uniformity_score": 0.5338787349753277,
  "clutch_accuracy_diff": NaN,
  "opening_entropy": 4.544507255789622,
  "novelty_depth": 6,
  "second_choice_rate": 0.08823529411764706,
  "opening_breadth": 7,
  "tb_match_rate": NaN,
  "dtz_deviation": NaN,
  "conversion_efficiency": null,
  "suspicious_quality": "False",
  "suspicious_timing": "False",
  "suspicious_opening": true,
  "overall_suspicion_score": 41.096289588826494,
  "analyzed_at": "2025-06-24 12:25:20.998412+00:00",
  "game": null
}