{
  "game_id": 1434,
  "acpl": 5288.894736842105,
  "match_rate": 0.47368421052631576,
  "weighted_match_rate": 0.418082100292461,
  "ipr": -265.5,
  "ipr_z_score": 0.0,
  "precision_burst_count": 0,
  "mean_move_time": 0.21052631578947367,
  "time_variance": 32.71123755334282,
  "time_complexity_corr": 0.4544247787610619,
  "lag_spike_count": 2,
  "uniformity_score": 0.3789040296530796,
  "clutch_accuracy_diff": NaN,
  "opening_entropy": 4.544507255789622,
  "novelty_depth": 5,
  "second_choice_rate": 0.21052631578947367,
  "opening_breadth": 8,
  "tb_match_rate": NaN,
  "dtz_deviation": NaN,
  "conversion_efficiency": 28,
  "suspicious_quality": "False",
  "suspicious_timing": "False",
  "suspicious_opening": true,
  "overall_suspicion_score": -791.1053520597349,
  "analyzed_at": "2025-06-24 12:22:23.871563+00:00",
  "game": null
}