{
  "game_id": 146,
  "acpl": 1398.3150684931506,
  "match_rate": 0.3561643835616438,
  "weighted_match_rate": 0.3631938876809129,
  "ipr": 1585.7739726027398,
  "ipr_z_score": 0.0,
  "precision_burst_count": 0,
  "mean_move_time": 0.6027397260273972,
  "time_variance": 2320.5169579593767,
  "time_complexity_corr": 0.0016692822143675485,
  "lag_spike_count": 0,
  "uniformity_score": 0.3567259538335976,
  "clutch_accuracy_diff": NaN,
  "opening_entropy": 4.544507255789622,
  "novelty_depth": 5,
  "second_choice_rate": 0.1780821917808219,
  "opening_breadth": 8,
  "tb_match_rate": NaN,
  "dtz_deviation": NaN,
  "conversion_efficiency": 109,
  "suspicious_quality": "False",
  "suspicious_timing": "False",
  "suspicious_opening": true,
  "overall_suspicion_score": -176.6181712533939,
  "analyzed_at": "2025-06-24 12:07:36.596284+00:00",
  "game": null
}