{
  "game_id": 761,
  "acpl": 36.91428571428571,
  "match_rate": 0.42857142857142855,
  "weighted_match_rate": 0.4156626750733057,
  "ipr": 2324.4,
  "ipr_z_score": 0.0,
  "precision_burst_count": 0,
  "mean_move_time": 21.4,
  "time_variance": 221.0187050359712,
  "time_complexity_corr": 0.40337355371349115,
  "lag_spike_count": 0,
  "uniformity_score": 0.30554410905194146,
  "clutch_accuracy_diff": NaN,
  "opening_entropy": 4.544507255789622,
  "novelty_depth": 5,
  "second_choice_rate": 0.2,
  "opening_breadth": 8,
  "tb_match_rate": NaN,
  "dtz_deviation": NaN,
  "conversion_efficiency": null,
  "suspicious_quality": "True",
  "suspicious_timing": "False",
  "suspicious_opening": true,
  "overall_suspicion_score": 47.085994314019004,
  "analyzed_at": "2025-06-24 12:14:36.893669+00:00",
  "game": null
}