{
  "game_id": 891,
  "acpl": 49.94736842105263,
  "match_rate": 0.2894736842105263,
  "weighted_match_rate": 0.2786423771839512,
  "ipr": 2206.6052631578946,
  "ipr_z_score": 0.0,
  "precision_burst_count": 0,
  "mean_move_time": -3.8421052631578947,
  "time_variance": 60.902056465667485,
  "time_complexity_corr": 0.32331780935311133,
  "lag_spike_count": 4,
  "uniformity_score": 0.4475679531330757,
  "clutch_accuracy_diff": NaN,
  "opening_entropy": 4.544507255789622,
  "novelty_depth": 5,
  "second_choice_rate": 0.15789473684210525,
  "opening_breadth": 7,
  "tb_match_rate": NaN,
  "dtz_deviation": NaN,
  "conversion_efficiency": null,
  "suspicious_quality": "False",
  "suspicious_timing": "False",
  "suspicious_opening": true,
  "overall_suspicion_score": 42.461885820442646,
  "analyzed_at": "2025-06-24 12:16:06.732331+00:00",
  "game": null
}