{
  "game_id": 939,
  "acpl": 2476.8536585365855,
  "match_rate": 0.36585365853658536,
  "weighted_match_rate": 0.3774547307176419,
  "ipr": 1054.2560975609756,
  "ipr_z_score": 0.0,
  "precision_burst_count": 0,
  "mean_move_time": 1.853658536585366,
  "time_variance": 12.101152177165941,
  "time_complexity_corr": 0.5378288541526204,
  "lag_spike_count": 0,
  "uniformity_score": 0.3443815390150573,
  "clutch_accuracy_diff": NaN,
  "opening_entropy": 4.544507255789622,
  "novelty_depth": 5,
  "second_choice_rate": 0.24390243902439024,
  "opening_breadth": 8,
  "tb_match_rate": NaN,
  "dtz_deviation": NaN,
  "conversion_efficiency": null,
  "suspicious_quality": "False",
  "suspicious_timing": "False",
  "suspicious_opening": true,
  "overall_suspicion_score": -342.349254780207,
  "analyzed_at": "2025-06-24 12:16:37.984913+00:00",
  "game": null
}