{
  "game_id": 1404,
  "acpl": 52.869565217391305,
  "match_rate": 0.41304347826086957,
  "weighted_match_rate": 0.42504034812714336,
  "ipr": 2304.0,
  "ipr_z_score": 0.0,
  "precision_burst_count": 0,
  "mean_move_time": 30.347826086956523,
  "time_variance": 320.0969351389879,
  "time_complexity_corr": -0.3986328740192892,
  "lag_spike_count": 0,
  "uniformity_score": 0.292704700759136,
  "clutch_accuracy_diff": NaN,
  "opening_entropy": 4.544507255789622,
  "novelty_depth": 5,
  "second_choice_rate": 0.13043478260869565,
  "opening_breadth": 8,
  "tb_match_rate": NaN,
  "dtz_deviation": NaN,
  "conversion_efficiency": null,
  "suspicious_quality": "False",
  "suspicious_timing": "False",
  "suspicious_opening": true,
  "overall_suspicion_score": 39.25668424136275,
  "analyzed_at": "2025-06-24 12:22:07.430178+00:00",
  "game": null
}