{
  "game_id": 374,
  "acpl": 55.738461538461536,
  "match_rate": 0.38461538461538464,
  "weighted_match_rate": 0.4033177013869479,
  "ipr": 2279.8230769230768,
  "ipr_z_score": 0.0,
  "precision_burst_count": 0,
  "mean_move_time": 1.2769230769230768,
  "time_variance": 219.27155635062613,
  "time_complexity_corr": -0.5042477274506576,
  "lag_spike_count": 2,
  "uniformity_score": 0.32545197836191825,
  "clutch_accuracy_diff": NaN,
  "opening_entropy": 4.544507255789622,
  "novelty_depth": 5,
  "second_choice_rate": 0.1076923076923077,
  "opening_breadth": 8,
  "tb_match_rate": NaN,
  "dtz_deviation": NaN,
  "conversion_efficiency": 107,
  "suspicious_quality": "False",
  "suspicious_timing": "False",
  "suspicious_opening": true,
  "overall_suspicion_score": 38.60519291539812,
  "analyzed_at": "2025-06-24 12:10:11.783063+00:00",
  "game": null
}