{
  "game_id": 1442,
  "acpl": 66.86206896551724,
  "match_rate": 0.1724137931034483,
  "weighted_match_rate": 0.18188063414080627,
  "ipr": 2104.5,
  "ipr_z_score": 0.0,
  "precision_burst_count": 0,
  "mean_move_time": -13.413793103448276,
  "time_variance": 99.44467766116942,
  "time_complexity_corr": 0.05432247369424897,
  "lag_spike_count": 0,
  "uniformity_score": 0.5381590882762105,
  "clutch_accuracy_diff": NaN,
  "opening_entropy": 4.544507255789622,
  "novelty_depth": 5,
  "second_choice_rate": 0.20689655172413793,
  "opening_breadth": 8,
  "tb_match_rate": NaN,
  "dtz_deviation": NaN,
  "conversion_efficiency": 87,
  "suspicious_quality": "False",
  "suspicious_timing": "False",
  "suspicious_opening": true,
  "overall_suspicion_score": 34.95962161707904,
  "analyzed_at": "2025-06-24 12:22:32.379333+00:00",
  "game": null
}