{
  "game_id": 289,
  "acpl": 52.388888888888886,
  "match_rate": 0.2777777777777778,
  "weighted_match_rate": 0.3130125274492685,
  "ipr": 2196.027777777778,
  "ipr_z_score": 0.0,
  "precision_burst_count": 0,
  "mean_move_time": -4.0,
  "time_variance": 6.535211267605634,
  "time_complexity_corr": -0.6591910260125605,
  "lag_spike_count": 0,
  "uniformity_score": 0.5268822830557907,
  "clutch_accuracy_diff": NaN,
  "opening_entropy": 4.544507255789622,
  "novelty_depth": 5,
  "second_choice_rate": 0.3333333333333333,
  "opening_breadth": 8,
  "tb_match_rate": NaN,
  "dtz_deviation": NaN,
  "conversion_efficiency": null,
  "suspicious_quality": "False",
  "suspicious_timing": "False",
  "suspicious_opening": true,
  "overall_suspicion_score": 39.29328997869972,
  "analyzed_at": "2025-06-24 12:09:09.803484+00:00",
  "game": null
}