{
  "game_id": 447,
  "acpl": 57.40909090909091,
  "match_rate": 0.20454545454545456,
  "weighted_match_rate": 0.20220425312750814,
  "ipr": 2134.931818181818,
  "ipr_z_score": 0.0,
  "precision_burst_count": 0,
  "mean_move_time": 29.25,
  "time_variance": 657.4228571428572,
  "time_complexity_corr": -0.15478856378035002,
  "lag_spike_count": 0,
  "uniformity_score": 0.27236451647020254,
  "clutch_accuracy_diff": NaN,
  "opening_entropy": 4.544507255789622,
  "novelty_depth": 5,
  "second_choice_rate": 0.22727272727272727,
  "opening_breadth": 8,
  "tb_match_rate": NaN,
  "dtz_deviation": NaN,
  "conversion_efficiency": 148,
  "suspicious_quality": "False",
  "suspicious_timing": "False",
  "suspicious_opening": true,
  "overall_suspicion_score": 33.10009840249854,
  "analyzed_at": "2025-06-24 12:11:06.792865+00:00",
  "game": null
}