{
  "game_id": 928,
  "acpl": 15.23076923076923,
  "match_rate": 0.46153846153846156,
  "weighted_match_rate": 0.45478677047417476,
  "ipr": 2361.6153846153848,
  "ipr_z_score": 0.0,
  "precision_burst_count": 0,
  "mean_move_time": 4.076923076923077,
  "time_variance": 17.64102564102564,
  "time_complexity_corr": 0.5793894344028921,
  "lag_spike_count": 0,
  "uniformity_score": 0.3264336238903462,
  "clutch_accuracy_diff": NaN,
  "opening_entropy": 4.544507255789622,
  "novelty_depth": 5,
  "second_choice_rate": 0.15384615384615385,
  "opening_breadth": 8,
  "tb_match_rate": NaN,
  "dtz_deviation": NaN,
  "conversion_efficiency": null,
  "suspicious_quality": "True",
  "suspicious_timing": "False",
  "suspicious_opening": true,
  "overall_suspicion_score": 53.88176793589404,
  "analyzed_at": "2025-06-24 12:16:29.316086+00:00",
  "game": null
}