{
  "game_id": 771,
  "acpl": 68.66666666666667,
  "match_rate": 0.4166666666666667,
  "weighted_match_rate": 0.4578007312198572,
  "ipr": 2299.0,
  "ipr_z_score": 0.0,
  "precision_burst_count": 0,
  "mean_move_time": 25.875,
  "time_variance": 444.91052631578947,
  "time_complexity_corr": 0.6032771798798411,
  "lag_spike_count": 0,
  "uniformity_score": 0.34835507468900095,
  "clutch_accuracy_diff": NaN,
  "opening_entropy": 4.544507255789622,
  "novelty_depth": 5,
  "second_choice_rate": 0.125,
  "opening_breadth": 8,
  "tb_match_rate": NaN,
  "dtz_deviation": NaN,
  "conversion_efficiency": null,
  "suspicious_quality": "False",
  "suspicious_timing": "False",
  "suspicious_opening": true,
  "overall_suspicion_score": 45.402345290082145,
  "analyzed_at": "2025-06-24 12:14:45.193184+00:00",
  "game": null
}