{
  "game_id": 1547,
  "acpl": 39.66101694915254,
  "match_rate": 0.576271186440678,
  "weighted_match_rate": 0.5992794146743633,
  "ipr": 2441.186440677966,
  "ipr_z_score": 0.0,
  "precision_burst_count": 0,
  "mean_move_time": 0.7627118644067796,
  "time_variance": 422.98594813849064,
  "time_complexity_corr": 0.6446077134333013,
  "lag_spike_count": 0,
  "uniformity_score": 0.3445602959478405,
  "clutch_accuracy_diff": NaN,
  "opening_entropy": 4.544507255789622,
  "novelty_depth": 5,
  "second_choice_rate": 0.11864406779661017,
  "opening_breadth": 8,
  "tb_match_rate": NaN,
  "dtz_deviation": NaN,
  "conversion_efficiency": null,
  "suspicious_quality": "True",
  "suspicious_timing": "False",
  "suspicious_opening": true,
  "overall_suspicion_score": 54.125444618780364,
  "analyzed_at": "2025-06-24 12:23:45.116640+00:00",
  "game": null
}