{
  "game_id": 1698,
  "acpl": 2736.2432432432433,
  "match_rate": 0.40540540540540543,
  "weighted_match_rate": 0.3806770440072321,
  "ipr": 956.2027027027027,
  "ipr_z_score": 0.0,
  "precision_burst_count": 0,
  "mean_move_time": 0.43243243243243246,
  "time_variance": 14.604961125509073,
  "time_complexity_corr": -0.4618245611964544,
  "lag_spike_count": 0,
  "uniformity_score": 0.3468826813798951,
  "clutch_accuracy_diff": NaN,
  "opening_entropy": 4.544507255789622,
  "novelty_depth": 5,
  "second_choice_rate": 0.05405405405405406,
  "opening_breadth": 8,
  "tb_match_rate": NaN,
  "dtz_deviation": NaN,
  "conversion_efficiency": 60,
  "suspicious_quality": "False",
  "suspicious_timing": "False",
  "suspicious_opening": true,
  "overall_suspicion_score": -390.02989600871865,
  "analyzed_at": "2025-06-24 12:25:24.792569+00:00",
  "game": null
}