{
  "game_id": 782,
  "acpl": 87.07894736842105,
  "match_rate": 0.3684210526315789,
  "weighted_match_rate": 0.33203299728254704,
  "ipr": 2251.1973684210525,
  "ipr_z_score": 0.0,
  "precision_burst_count": 0,
  "mean_move_time": 25.05263157894737,
  "time_variance": 270.831648658069,
  "time_complexity_corr": 0.49692958148612615,
  "lag_spike_count": 0,
  "uniformity_score": 0.281888052709636,
  "clutch_accuracy_diff": NaN,
  "opening_entropy": 4.544507255789622,
  "novelty_depth": 5,
  "second_choice_rate": 0.07894736842105263,
  "opening_breadth": 8,
  "tb_match_rate": NaN,
  "dtz_deviation": NaN,
  "conversion_efficiency": 128,
  "suspicious_quality": "False",
  "suspicious_timing": "False",
  "suspicious_opening": true,
  "overall_suspicion_score": 38.20803744746917,
  "analyzed_at": "2025-06-24 12:14:53.758632+00:00",
  "game": null
}