{
  "game_id": 1485,
  "acpl": 2440.5,
  "match_rate": 0.35714285714285715,
  "weighted_match_rate": 0.35616436289396763,
  "ipr": 1065.4642857142858,
  "ipr_z_score": 0.0,
  "precision_burst_count": 0,
  "mean_move_time": 15.619047619047619,
  "time_variance": 150.4647847162817,
  "time_complexity_corr": 0.5013423445470127,
  "lag_spike_count": 4,
  "uniformity_score": 0.2975305586231662,
  "clutch_accuracy_diff": NaN,
  "opening_entropy": 4.544507255789622,
  "novelty_depth": 5,
  "second_choice_rate": 0.19047619047619047,
  "opening_breadth": 7,
  "tb_match_rate": NaN,
  "dtz_deviation": NaN,
  "conversion_efficiency": null,
  "suspicious_quality": "False",
  "suspicious_timing": "False",
  "suspicious_opening": true,
  "overall_suspicion_score": -337.9344020699309,
  "analyzed_at": "2025-06-24 12:23:02.613950+00:00",
  "game": null
}