{
  "game_id": 1556,
  "acpl": 38.57142857142857,
  "match_rate": 0.42857142857142855,
  "weighted_match_rate": 0.44246408188208103,
  "ipr": 2323.5714285714284,
  "ipr_z_score": 0.0,
  "precision_burst_count": 0,
  "mean_move_time": -2.7142857142857144,
  "time_variance": 27.407792207792202,
  "time_complexity_corr": 0.4534724088952148,
  "lag_spike_count": 0,
  "uniformity_score": 0.37790975185298914,
  "clutch_accuracy_diff": NaN,
  "opening_entropy": 4.544507255789622,
  "novelty_depth": 5,
  "second_choice_rate": 0.21428571428571427,
  "opening_breadth": 8,
  "tb_match_rate": NaN,
  "dtz_deviation": NaN,
  "conversion_efficiency": null,
  "suspicious_quality": "True",
  "suspicious_timing": "False",
  "suspicious_opening": true,
  "overall_suspicion_score": 48.67327456336609,
  "analyzed_at": "2025-06-24 12:23:46.923935+00:00",
  "game": null
}