{
  "game_id": 117,
  "acpl": 3052.4242424242425,
  "match_rate": 0.42424242424242425,
  "weighted_match_rate": 0.4125117712431167,
  "ipr": 813.181818181818,
  "ipr_z_score": 0.0,
  "precision_burst_count": 0,
  "mean_move_time": 0.12121212121212122,
  "time_variance": 10.015850815850817,
  "time_complexity_corr": 0.19736992536507544,
  "lag_spike_count": 2,
  "uniformity_score": 0.3635430146970176,
  "clutch_accuracy_diff": NaN,
  "opening_entropy": 4.544507255789622,
  "novelty_depth": 5,
  "second_choice_rate": 0.06060606060606061,
  "opening_breadth": 8,
  "tb_match_rate": NaN,
  "dtz_deviation": NaN,
  "conversion_efficiency": 51,
  "suspicious_quality": "False",
  "suspicious_timing": "False",
  "suspicious_opening": true,
  "overall_suspicion_score": -437.3354166912761,
  "analyzed_at": "2025-06-24 12:07:15.319911+00:00",
  "game": null
}