{
  "game_id": 167,
  "acpl": 38.395348837209305,
  "match_rate": 0.3953488372093023,
  "weighted_match_rate": 0.39173987435406193,
  "ipr": 2297.0813953488373,
  "ipr_z_score": 0.0,
  "precision_burst_count": 0,
  "mean_move_time": 0.6976744186046512,
  "time_variance": 85.9545827633379,
  "time_complexity_corr": -0.591700144195057,
  "lag_spike_count": 0,
  "uniformity_score": 0.35730410264706913,
  "clutch_accuracy_diff": NaN,
  "opening_entropy": 4.544507255789622,
  "novelty_depth": 5,
  "second_choice_rate": 0.13953488372093023,
  "opening_breadth": 8,
  "tb_match_rate": NaN,
  "dtz_deviation": NaN,
  "conversion_efficiency": 65,
  "suspicious_quality": "False",
  "suspicious_timing": "False",
  "suspicious_opening": true,
  "overall_suspicion_score": 41.768110007895245,
  "analyzed_at": "2025-06-24 12:07:53.915447+00:00",
  "game": null
}