{
  "game_id": 340,
  "acpl": 55.542857142857144,
  "match_rate": 0.22857142857142856,
  "weighted_match_rate": 0.22143947097266134,
  "ipr": 2155.0857142857144,
  "ipr_z_score": 0.0,
  "precision_burst_count": 0,
  "mean_move_time": 1.0857142857142856,
  "time_variance": 39.44583761562179,
  "time_complexity_corr": -0.09668157134000979,
  "lag_spike_count": 4,
  "uniformity_score": 0.4053378136258331,
  "clutch_accuracy_diff": NaN,
  "opening_entropy": 4.544507255789622,
  "novelty_depth": 5,
  "second_choice_rate": 0.2,
  "opening_breadth": 8,
  "tb_match_rate": NaN,
  "dtz_deviation": NaN,
  "conversion_efficiency": null,
  "suspicious_quality": "False",
  "suspicious_timing": "False",
  "suspicious_opening": true,
  "overall_suspicion_score": 35.57999632199485,
  "analyzed_at": "2025-06-24 12:09:54.549360+00:00",
  "game": null
}