{
  "game_id": 982,
  "acpl": 1669.241935483871,
  "match_rate": 0.2903225806451613,
  "weighted_match_rate": 0.2784331002743744,
  "ipr": 1397.6370967741937,
  "ipr_z_score": 0.0,
  "precision_burst_count": 0,
  "mean_move_time": 3.4838709677419355,
  "time_variance": 16.60702625048975,
  "time_complexity_corr": -0.4026847586937797,
  "lag_spike_count": 4,
  "uniformity_score": 0.32832194788497965,
  "clutch_accuracy_diff": NaN,
  "opening_entropy": 4.544507255789622,
  "novelty_depth": 5,
  "second_choice_rate": 0.22580645161290322,
  "opening_breadth": 8,
  "tb_match_rate": NaN,
  "dtz_deviation": NaN,
  "conversion_efficiency": null,
  "suspicious_quality": "False",
  "suspicious_timing": "False",
  "suspicious_opening": true,
  "overall_suspicion_score": -222.14961715782266,
  "analyzed_at": "2025-06-24 12:17:16.632542+00:00",
  "game": null
}