{
  "game_id": 878,
  "acpl": 64.3913043478261,
  "match_rate": 0.391304347826087,
  "weighted_match_rate": 0.38368266329758716,
  "ipr": 2280.8478260869565,
  "ipr_z_score": 0.0,
  "precision_burst_count": 0,
  "mean_move_time": 0.2608695652173913,
  "time_variance": 92.37487922705313,
  "time_complexity_corr": -0.22014928097686873,
  "lag_spike_count": 0,
  "uniformity_score": 0.3711122545603773,
  "clutch_accuracy_diff": NaN,
  "opening_entropy": 4.544507255789622,
  "novelty_depth": 5,
  "second_choice_rate": 0.30434782608695654,
  "opening_breadth": 8,
  "tb_match_rate": NaN,
  "dtz_deviation": NaN,
  "conversion_efficiency": null,
  "suspicious_quality": "False",
  "suspicious_timing": "False",
  "suspicious_opening": true,
  "overall_suspicion_score": 37.63613861983663,
  "analyzed_at": "2025-06-24 12:15:52.600567+00:00",
  "game": null
}