{
  "game_id": 1004,
  "acpl": 43.57142857142857,
  "match_rate": 0.49206349206349204,
  "weighted_match_rate": 0.5083723240794803,
  "ipr": 2371.8650793650795,
  "ipr_z_score": 0.0,
  "precision_burst_count": 0,
  "mean_move_time": 1.1904761904761905,
  "time_variance": 382.3314285714285,
  "time_complexity_corr": -0.0010826680554294928,
  "lag_spike_count": 0,
  "uniformity_score": 0.3761940425767477,
  "clutch_accuracy_diff": NaN,
  "opening_entropy": 4.544507255789622,
  "novelty_depth": 5,
  "second_choice_rate": 0.1111111111111111,
  "opening_breadth": 8,
  "tb_match_rate": NaN,
  "dtz_deviation": NaN,
  "conversion_efficiency": 100,
  "suspicious_quality": "True",
  "suspicious_timing": "False",
  "suspicious_opening": true,
  "overall_suspicion_score": 43.73622675449644,
  "analyzed_at": "2025-06-24 12:17:26.392446+00:00",
  "game": null
}