{
  "game_id": 1704,
  "acpl": 37.270833333333336,
  "match_rate": 0.4166666666666667,
  "weighted_match_rate": 0.41231130783806036,
  "ipr": 2314.6979166666665,
  "ipr_z_score": 0.0,
  "precision_burst_count": 0,
  "mean_move_time": 1.4375,
  "time_variance": 10.13219895287958,
  "time_complexity_corr": 0.15505798322732225,
  "lag_spike_count": 0,
  "uniformity_score": 0.3067576501876581,
  "clutch_accuracy_diff": NaN,
  "opening_entropy": 4.544507255789622,
  "novelty_depth": 5,
  "second_choice_rate": 0.14583333333333334,
  "opening_breadth": 8,
  "tb_match_rate": NaN,
  "dtz_deviation": NaN,
  "conversion_efficiency": null,
  "suspicious_quality": "False",
  "suspicious_timing": "False",
  "suspicious_opening": true,
  "overall_suspicion_score": 43.757097778410646,
  "analyzed_at": "2025-06-24 12:25:38.643116+00:00",
  "game": null
}