{
  "game_id": 1724,
  "acpl": 45.8187134502924,
  "match_rate": 0.27485380116959063,
  "weighted_match_rate": 0.27577658774120994,
  "ipr": 2196.9736842105262,
  "ipr_z_score": 0.0,
  "precision_burst_count": 0,
  "mean_move_time": 0.6432748538011696,
  "time_variance": 257.6846907101576,
  "time_complexity_corr": 0.034199029546416265,
  "lag_spike_count": 3,
  "uniformity_score": 0.3446689430769565,
  "clutch_accuracy_diff": NaN,
  "opening_entropy": 4.544507255789622,
  "novelty_depth": 5,
  "second_choice_rate": 0.14035087719298245,
  "opening_breadth": 8,
  "tb_match_rate": NaN,
  "dtz_deviation": NaN,
  "conversion_efficiency": 317,
  "suspicious_quality": "False",
  "suspicious_timing": "False",
  "suspicious_opening": true,
  "overall_suspicion_score": 38.012420172674986,
  "analyzed_at": "2025-06-24 12:25:50.181279+00:00",
  "game": null
}