{
  "game_id": 386,
  "acpl": 110.24050632911393,
  "match_rate": 0.3037974683544304,
  "weighted_match_rate": 0.3111122735865872,
  "ipr": 2187.9177215189875,
  "ipr_z_score": 0.0,
  "precision_burst_count": 0,
  "mean_move_time": 1.2025316455696202,
  "time_variance": 1060.5447069257439,
  "time_complexity_corr": -0.26086804033914246,
  "lag_spike_count": 0,
  "uniformity_score": 0.34249559938045915,
  "clutch_accuracy_diff": NaN,
  "opening_entropy": 4.544507255789622,
  "novelty_depth": 5,
  "second_choice_rate": 0.10126582278481013,
  "opening_breadth": 8,
  "tb_match_rate": NaN,
  "dtz_deviation": NaN,
  "conversion_efficiency": 118,
  "suspicious_quality": "False",
  "suspicious_timing": "False",
  "suspicious_opening": true,
  "overall_suspicion_score": 28.02163088288972,
  "analyzed_at": "2025-06-24 12:10:22.930593+00:00",
  "game": null
}