{
  "game_id": 177,
  "acpl": 59.21052631578947,
  "match_rate": 0.42105263157894735,
  "weighted_match_rate": 0.5657989722053316,
  "ipr": 2307.2368421052633,
  "ipr_z_score": 0.0,
  "precision_burst_count": 0,
  "mean_move_time": 26.105263157894736,
  "time_variance": 188.2554385964912,
  "time_complexity_corr": 0.4918394832280795,
  "lag_spike_count": 0,
  "uniformity_score": 0.34995269397179113,
  "clutch_accuracy_diff": NaN,
  "opening_entropy": 4.544507255789622,
  "novelty_depth": 5,
  "second_choice_rate": 0.05263157894736842,
  "opening_breadth": 8,
  "tb_match_rate": NaN,
  "dtz_deviation": NaN,
  "conversion_efficiency": null,
  "suspicious_quality": "False",
  "suspicious_timing": "False",
  "suspicious_opening": true,
  "overall_suspicion_score": 46.890937249883414,
  "analyzed_at": "2025-06-24 12:07:58.497962+00:00",
  "game": null
}