{
  "game_id": 1508,
  "acpl": 2202.340425531915,
  "match_rate": 0.23404255319148937,
  "weighted_match_rate": 0.24257164884434915,
  "ipr": 1086.063829787234,
  "ipr_z_score": 0.0,
  "precision_burst_count": 0,
  "mean_move_time": -2.9148936170212765,
  "time_variance": 57.8750711116168,
  "time_complexity_corr": 0.2923069329522181,
  "lag_spike_count": 4,
  "uniformity_score": 0.43288997936294804,
  "clutch_accuracy_diff": NaN,
  "opening_entropy": 4.544507255789622,
  "novelty_depth": 5,
  "second_choice_rate": 0.2127659574468085,
  "opening_breadth": 8,
  "tb_match_rate": NaN,
  "dtz_deviation": NaN,
  "conversion_efficiency": null,
  "suspicious_quality": "False",
  "suspicious_timing": "False",
  "suspicious_opening": true,
  "overall_suspicion_score": -303.59013625673674,
  "analyzed_at": "2025-06-24 12:23:22.347970+00:00",
  "game": null
}