{
  "game_id": 426,
  "acpl": 29.404255319148938,
  "match_rate": 0.46808510638297873,
  "weighted_match_rate": 0.46851156003719074,
  "ipr": 2359.7659574468084,
  "ipr_z_score": 0.0,
  "precision_burst_count": 0,
  "mean_move_time": 28.78723404255319,
  "time_variance": 301.34486289680285,
  "time_complexity_corr": -0.7686532565529071,
  "lag_spike_count": 0,
  "uniformity_score": 0.32321306503386643,
  "clutch_accuracy_diff": NaN,
  "opening_entropy": 4.544507255789622,
  "novelty_depth": 5,
  "second_choice_rate": 0.2127659574468085,
  "opening_breadth": 8,
  "tb_match_rate": NaN,
  "dtz_deviation": NaN,
  "conversion_efficiency": null,
  "suspicious_quality": "True",
  "suspicious_timing": "False",
  "suspicious_opening": true,
  "overall_suspicion_score": 44.574642458901536,
  "analyzed_at": "2025-06-24 12:10:49.806384+00:00",
  "game": null
}