{
  "game_id": 692,
  "acpl": 5902.823529411765,
  "match_rate": 0.38235294117647056,
  "weighted_match_rate": 0.37337198341197136,
  "ipr": -645.5294117647059,
  "ipr_z_score": 0.0,
  "precision_burst_count": 0,
  "mean_move_time": 40.029411764705884,
  "time_variance": 783.9102396514161,
  "time_complexity_corr": 0.6636816095363934,
  "lag_spike_count": 0,
  "uniformity_score": 0.28012321953625696,
  "clutch_accuracy_diff": NaN,
  "opening_entropy": 4.544507255789622,
  "novelty_depth": 5,
  "second_choice_rate": 0.14705882352941177,
  "opening_breadth": 8,
  "tb_match_rate": NaN,
  "dtz_deviation": NaN,
  "conversion_efficiency": 110,
  "suspicious_quality": "False",
  "suspicious_timing": "False",
  "suspicious_opening": true,
  "overall_suspicion_score": -889.5855052474129,
  "analyzed_at": "2025-06-24 12:13:51.398005+00:00",
  "game": null
}