{
  "game_id": 1362,
  "acpl": 67.16216216216216,
  "match_rate": 0.40540540540540543,
  "weighted_match_rate": 0.4417397114668545,
  "ipr": 2290.7432432432433,
  "ipr_z_score": 0.0,
  "precision_burst_count": 0,
  "mean_move_time": 0.3783783783783784,
  "time_variance": 4.2384302110329495,
  "time_complexity_corr": 0.7304091700651567,
  "lag_spike_count": 0,
  "uniformity_score": 0.3473740985368789,
  "clutch_accuracy_diff": NaN,
  "opening_entropy": 4.544507255789622,
  "novelty_depth": 5,
  "second_choice_rate": 0.10810810810810811,
  "opening_breadth": 8,
  "tb_match_rate": NaN,
  "dtz_deviation": NaN,
  "conversion_efficiency": 55,
  "suspicious_quality": "False",
  "suspicious_timing": "True",
  "suspicious_opening": true,
  "overall_suspicion_score": 46.892086314046615,
  "analyzed_at": "2025-06-24 12:21:30.870658+00:00",
  "game": null
}