{
  "game_id": 1563,
  "acpl": 80.82758620689656,
  "match_rate": 0.2413793103448276,
  "weighted_match_rate": 0.22897898058178154,
  "ipr": 2152.689655172414,
  "ipr_z_score": 0.0,
  "precision_burst_count": 0,
  "mean_move_time": 6.068965517241379,
  "time_variance": 13.421289355322338,
  "time_complexity_corr": 0.05654062886052787,
  "lag_spike_count": 0,
  "uniformity_score": 0.3619706937989712,
  "clutch_accuracy_diff": NaN,
  "opening_entropy": 4.544507255789622,
  "novelty_depth": 5,
  "second_choice_rate": 0.20689655172413793,
  "opening_breadth": 8,
  "tb_match_rate": NaN,
  "dtz_deviation": NaN,
  "conversion_efficiency": null,
  "suspicious_quality": "False",
  "suspicious_timing": "False",
  "suspicious_opening": true,
  "overall_suspicion_score": 31.9432772312596,
  "analyzed_at": "2025-06-24 12:23:58.147378+00:00",
  "game": null
}