{
  "game_id": 1337,
  "acpl": 31.142857142857142,
  "match_rate": 0.42857142857142855,
  "weighted_match_rate": 0.42092095708558763,
  "ipr": 2327.285714285714,
  "ipr_z_score": 0.0,
  "precision_burst_count": 0,
  "mean_move_time": 2.7142857142857144,
  "time_variance": 15.916883116883115,
  "time_complexity_corr": 0.4657714392678715,
  "lag_spike_count": 3,
  "uniformity_score": 0.3109146917061301,
  "clutch_accuracy_diff": NaN,
  "opening_entropy": 4.544507255789622,
  "novelty_depth": 5,
  "second_choice_rate": 0.2857142857142857,
  "opening_breadth": 8,
  "tb_match_rate": NaN,
  "dtz_deviation": NaN,
  "conversion_efficiency": null,
  "suspicious_quality": "True",
  "suspicious_timing": "False",
  "suspicious_opening": true,
  "overall_suspicion_score": 48.91962812220207,
  "analyzed_at": "2025-06-24 12:21:13.670878+00:00",
  "game": null
}