{
  "game_id": 1063,
  "acpl": 151.25531914893617,
  "match_rate": 0.3404255319148936,
  "weighted_match_rate": 0.3692404930156218,
  "ipr": 2196.7127659574467,
  "ipr_z_score": 0.0,
  "precision_burst_count": 0,
  "mean_move_time": 1.7446808510638299,
  "time_variance": 989.7405628002747,
  "time_complexity_corr": 0.45186495886226996,
  "lag_spike_count": 0,
  "uniformity_score": 0.3544881687023716,
  "clutch_accuracy_diff": NaN,
  "opening_entropy": 4.544507255789622,
  "novelty_depth": 5,
  "second_choice_rate": 0.1276595744680851,
  "opening_breadth": 8,
  "tb_match_rate": NaN,
  "dtz_deviation": NaN,
  "conversion_efficiency": 49,
  "suspicious_quality": "False",
  "suspicious_timing": "False",
  "suspicious_opening": true,
  "overall_suspicion_score": 28.394555329894416,
  "analyzed_at": "2025-06-24 12:18:04.868436+00:00",
  "game": null
}