{
  "game_id": 1226,
  "acpl": 63.714285714285715,
  "match_rate": 0.3333333333333333,
  "weighted_match_rate": 0.3406455789988483,
  "ipr": 2234.809523809524,
  "ipr_z_score": 0.0,
  "precision_burst_count": 0,
  "mean_move_time": 8.380952380952381,
  "time_variance": 42.35915088927137,
  "time_complexity_corr": -0.3482447527353406,
  "lag_spike_count": 0,
  "uniformity_score": 0.24018334885707582,
  "clutch_accuracy_diff": NaN,
  "opening_entropy": 4.544507255789622,
  "novelty_depth": 5,
  "second_choice_rate": 0.2857142857142857,
  "opening_breadth": 8,
  "tb_match_rate": NaN,
  "dtz_deviation": NaN,
  "conversion_efficiency": null,
  "suspicious_quality": "False",
  "suspicious_timing": "False",
  "suspicious_opening": true,
  "overall_suspicion_score": 34.89575309441392,
  "analyzed_at": "2025-06-24 12:19:59.742063+00:00",
  "game": null
}