{
  "game_id": 1091,
  "acpl": 73.0,
  "match_rate": 0.3076923076923077,
  "weighted_match_rate": 0.32988737935206053,
  "ipr": 2209.653846153846,
  "ipr_z_score": 0.0,
  "precision_burst_count": 0,
  "mean_move_time": 26.807692307692307,
  "time_variance": 464.70052277819264,
  "time_complexity_corr": 0.2846094816465924,
  "lag_spike_count": 0,
  "uniformity_score": 0.2475183860365256,
  "clutch_accuracy_diff": NaN,
  "opening_entropy": 4.544507255789622,
  "novelty_depth": 5,
  "second_choice_rate": 0.15384615384615385,
  "opening_breadth": 7,
  "tb_match_rate": NaN,
  "dtz_deviation": NaN,
  "conversion_efficiency": null,
  "suspicious_quality": "False",
  "suspicious_timing": "False",
  "suspicious_opening": true,
  "overall_suspicion_score": 36.6225545905714,
  "analyzed_at": "2025-06-24 12:18:24.609339+00:00",
  "game": null
}