{
  "game_id": 1792,
  "acpl": 3734.8518518518517,
  "match_rate": 0.2962962962962963,
  "weighted_match_rate": 0.2820001014773206,
  "ipr": 369.6111111111111,
  "ipr_z_score": 0.0,
  "precision_burst_count": 0,
  "mean_move_time": 0.6296296296296297,
  "time_variance": 11.784765897973443,
  "time_complexity_corr": -0.05865228121745637,
  "lag_spike_count": 1,
  "uniformity_score": 0.34989994187387824,
  "clutch_accuracy_diff": NaN,
  "opening_entropy": 4.544507255789622,
  "novelty_depth": 5,
  "second_choice_rate": 0.25925925925925924,
  "opening_breadth": 8,
  "tb_match_rate": NaN,
  "dtz_deviation": NaN,
  "conversion_efficiency": 41,
  "suspicious_quality": "False",
  "suspicious_timing": "False",
  "suspicious_opening": true,
  "overall_suspicion_score": -552.2629902495894,
  "analyzed_at": "2025-06-24 12:26:30.824846+00:00",
  "game": null
}