{
  "game_id": 292,
  "acpl": 110.96774193548387,
  "match_rate": 0.3225806451612903,
  "weighted_match_rate": 0.3201616667011959,
  "ipr": 2202.5806451612902,
  "ipr_z_score": 0.0,
  "precision_burst_count": 0,
  "mean_move_time": 31.258064516129032,
  "time_variance": 427.7052189876738,
  "time_complexity_corr": 0.742308437548798,
  "lag_spike_count": 0,
  "uniformity_score": 0.2806701976095841,
  "clutch_accuracy_diff": NaN,
  "opening_entropy": 4.544507255789622,
  "novelty_depth": 5,
  "second_choice_rate": 0.25806451612903225,
  "opening_breadth": 8,
  "tb_match_rate": NaN,
  "dtz_deviation": NaN,
  "conversion_efficiency": null,
  "suspicious_quality": "False",
  "suspicious_timing": "True",
  "suspicious_opening": true,
  "overall_suspicion_score": 36.74530197215219,
  "analyzed_at": "2025-06-24 12:09:16.940549+00:00",
  "game": null
}