{
  "game_id": 1726,
  "acpl": 4097.464646464647,
  "match_rate": 0.3939393939393939,
  "weighted_match_rate": 0.40195054431232763,
  "ipr": 266.4191919191917,
  "ipr_z_score": 0.0,
  "precision_burst_count": 0,
  "mean_move_time": 0.98989898989899,
  "time_variance": 143.0557350151259,
  "time_complexity_corr": -0.06996505653886476,
  "lag_spike_count": 0,
  "uniformity_score": 0.3357936749431313,
  "clutch_accuracy_diff": NaN,
  "opening_entropy": 4.544507255789622,
  "novelty_depth": 5,
  "second_choice_rate": 0.1717171717171717,
  "opening_breadth": 8,
  "tb_match_rate": NaN,
  "dtz_deviation": NaN,
  "conversion_efficiency": 172,
  "suspicious_quality": "False",
  "suspicious_timing": "False",
  "suspicious_opening": true,
  "overall_suspicion_score": -607.8462432385337,
  "analyzed_at": "2025-06-24 12:25:51.350849+00:00",
  "game": null
}