{
  "game_id": 1005,
  "acpl": 102.14285714285714,
  "match_rate": 0.42857142857142855,
  "weighted_match_rate": 0.46305357996759056,
  "ipr": 2291.785714285714,
  "ipr_z_score": 0.0,
  "precision_burst_count": 0,
  "mean_move_time": -0.21428571428571427,
  "time_variance": 11.225974025974029,
  "time_complexity_corr": -0.6188480808374609,
  "lag_spike_count": 0,
  "uniformity_score": 0.33856062270002846,
  "clutch_accuracy_diff": NaN,
  "opening_entropy": 4.544507255789622,
  "novelty_depth": 5,
  "second_choice_rate": 0.21428571428571427,
  "opening_breadth": 8,
  "tb_match_rate": NaN,
  "dtz_deviation": NaN,
  "conversion_efficiency": null,
  "suspicious_quality": "False",
  "suspicious_timing": "False",
  "suspicious_opening": true,
  "overall_suspicion_score": 32.58865074336144,
  "analyzed_at": "2025-06-24 12:17:19.744458+00:00",
  "game": null
}