{
  "game_id": 1786,
  "acpl": 56.361702127659576,
  "match_rate": 0.46808510638297873,
  "weighted_match_rate": 0.5012773377310487,
  "ipr": 2346.2872340425533,
  "ipr_z_score": 0.0,
  "precision_burst_count": 0,
  "mean_move_time": 5.319148936170213,
  "time_variance": 19.598134031175334,
  "time_complexity_corr": -0.20344610587741874,
  "lag_spike_count": 7,
  "uniformity_score": 0.36631215260729694,
  "clutch_accuracy_diff": NaN,
  "opening_entropy": 4.544507255789622,
  "novelty_depth": 5,
  "second_choice_rate": 0.1276595744680851,
  "opening_breadth": 8,
  "tb_match_rate": NaN,
  "dtz_deviation": NaN,
  "conversion_efficiency": null,
  "suspicious_quality": "False",
  "suspicious_timing": "False",
  "suspicious_opening": true,
  "overall_suspicion_score": 41.19337889653401,
  "analyzed_at": "2025-06-24 12:26:35.920319+00:00",
  "game": null
}