{
  "game_id": 1526,
  "acpl": 61.96491228070175,
  "match_rate": 0.43859649122807015,
  "weighted_match_rate": 0.444363880044168,
  "ipr": 2319.894736842105,
  "ipr_z_score": 0.0,
  "precision_burst_count": 0,
  "mean_move_time": 1.8771929824561404,
  "time_variance": 343.1175283341095,
  "time_complexity_corr": 0.4086763636556792,
  "lag_spike_count": 6,
  "uniformity_score": 0.3346405186060034,
  "clutch_accuracy_diff": NaN,
  "opening_entropy": 4.544507255789622,
  "novelty_depth": 6,
  "second_choice_rate": 0.12280701754385964,
  "opening_breadth": 8,
  "tb_match_rate": NaN,
  "dtz_deviation": NaN,
  "conversion_efficiency": 102,
  "suspicious_quality": "False",
  "suspicious_timing": "False",
  "suspicious_opening": true,
  "overall_suspicion_score": 43.57259951862561,
  "analyzed_at": "2025-06-24 12:23:28.953718+00:00",
  "game": null
}