{
  "game_id": 1474,
  "acpl": 5955.929411764706,
  "match_rate": 0.3764705882352941,
  "weighted_match_rate": 0.39545796588592413,
  "ipr": -676.7882352941178,
  "ipr_z_score": 0.0,
  "precision_burst_count": 0,
  "mean_move_time": 1.0941176470588236,
  "time_variance": 1004.748485903237,
  "time_complexity_corr": 0.04902121405215175,
  "lag_spike_count": 0,
  "uniformity_score": 0.3481284292154276,
  "clutch_accuracy_diff": NaN,
  "opening_entropy": 4.544507255789622,
  "novelty_depth": 5,
  "second_choice_rate": 0.23529411764705882,
  "opening_breadth": 8,
  "tb_match_rate": NaN,
  "dtz_deviation": NaN,
  "conversion_efficiency": 141,
  "suspicious_quality": "False",
  "suspicious_timing": "False",
  "suspicious_opening": true,
  "overall_suspicion_score": -904.7211926920535,
  "analyzed_at": "2025-06-24 12:22:57.554323+00:00",
  "game": null
}