{
  "game_id": 506,
  "acpl": 80.796875,
  "match_rate": 0.4296875,
  "weighted_match_rate": 0.4557902665057001,
  "ipr": 2303.3515625,
  "ipr_z_score": 0.0,
  "precision_burst_count": 0,
  "mean_move_time": -1.4296875,
  "time_variance": 81.71155265748031,
  "time_complexity_corr": -0.19592318022760602,
  "lag_spike_count": 0,
  "uniformity_score": 0.43174187395987706,
  "clutch_accuracy_diff": NaN,
  "opening_entropy": 4.544507255789622,
  "novelty_depth": 1,
  "second_choice_rate": 0.2109375,
  "opening_breadth": 8,
  "tb_match_rate": NaN,
  "dtz_deviation": NaN,
  "conversion_efficiency": 127,
  "suspicious_quality": "False",
  "suspicious_timing": "False",
  "suspicious_opening": true,
  "overall_suspicion_score": 38.695006622566865,
  "analyzed_at": "2025-06-24 12:11:46.528281+00:00",
  "game": null
}