{
  "game_id": 1010,
  "acpl": 67.42424242424242,
  "match_rate": 0.24242424242424243,
  "weighted_match_rate": 0.24086827861784316,
  "ipr": 2160.2272727272725,
  "ipr_z_score": 0.0,
  "precision_burst_count": 0,
  "mean_move_time": 34.06060606060606,
  "time_variance": 361.2176729123294,
  "time_complexity_corr": 0.6847674905041354,
  "lag_spike_count": 0,
  "uniformity_score": 0.2731299444514089,
  "clutch_accuracy_diff": NaN,
  "opening_entropy": 4.544507255789622,
  "novelty_depth": 5,
  "second_choice_rate": 0.18181818181818182,
  "opening_breadth": 8,
  "tb_match_rate": NaN,
  "dtz_deviation": NaN,
  "conversion_efficiency": 100,
  "suspicious_quality": "False",
  "suspicious_timing": "False",
  "suspicious_opening": true,
  "overall_suspicion_score": 40.985349401570545,
  "analyzed_at": "2025-06-24 12:17:32.911906+00:00",
  "game": null
}