{
  "game_id": 480,
  "acpl": 26.952380952380953,
  "match_rate": 0.47619047619047616,
  "weighted_match_rate": 0.5151678054281057,
  "ipr": 2367.4761904761904,
  "ipr_z_score": 0.0,
  "precision_burst_count": 0,
  "mean_move_time": 0.19047619047619047,
  "time_variance": 6.596980255516841,
  "time_complexity_corr": -0.5576790778336068,
  "lag_spike_count": 0,
  "uniformity_score": 0.35244164685466606,
  "clutch_accuracy_diff": NaN,
  "opening_entropy": 4.544507255789622,
  "novelty_depth": 6,
  "second_choice_rate": 0.047619047619047616,
  "opening_breadth": 7,
  "tb_match_rate": NaN,
  "dtz_deviation": NaN,
  "conversion_efficiency": null,
  "suspicious_quality": "True",
  "suspicious_timing": "False",
  "suspicious_opening": true,
  "overall_suspicion_score": 45.589439012725364,
  "analyzed_at": "2025-06-24 12:11:19.399170+00:00",
  "game": null
}