{
  "game_id": 479,
  "acpl": 1299.710843373494,
  "match_rate": 0.43373493975903615,
  "weighted_match_rate": 0.43813135665869957,
  "ipr": 1697.132530120482,
  "ipr_z_score": 0.0,
  "precision_burst_count": 0,
  "mean_move_time": 0.927710843373494,
  "time_variance": 1173.6674698795182,
  "time_complexity_corr": -0.029564583688147072,
  "lag_spike_count": 0,
  "uniformity_score": 0.3403508339372265,
  "clutch_accuracy_diff": NaN,
  "opening_entropy": 4.544507255789622,
  "novelty_depth": 5,
  "second_choice_rate": 0.13253012048192772,
  "opening_breadth": 8,
  "tb_match_rate": NaN,
  "dtz_deviation": NaN,
  "conversion_efficiency": 125,
  "suspicious_quality": "False",
  "suspicious_timing": "False",
  "suspicious_opening": true,
  "overall_suspicion_score": -159.23695395853088,
  "analyzed_at": "2025-06-24 12:11:23.888027+00:00",
  "game": null
}