{
  "game_id": 1049,
  "acpl": 1262.2168674698796,
  "match_rate": 0.27710843373493976,
  "weighted_match_rate": 0.26678321270389743,
  "ipr": 1590.5783132530119,
  "ipr_z_score": 0.0,
  "precision_burst_count": 0,
  "mean_move_time": 1.036144578313253,
  "time_variance": 264.471412924425,
  "time_complexity_corr": -0.1381618291094392,
  "lag_spike_count": 0,
  "uniformity_score": 0.3558122450848967,
  "clutch_accuracy_diff": NaN,
  "opening_entropy": 4.544507255789622,
  "novelty_depth": 5,
  "second_choice_rate": 0.18072289156626506,
  "opening_breadth": 8,
  "tb_match_rate": NaN,
  "dtz_deviation": NaN,
  "conversion_efficiency": 138,
  "suspicious_quality": "False",
  "suspicious_timing": "False",
  "suspicious_opening": true,
  "overall_suspicion_score": -156.98034597435353,
  "analyzed_at": "2025-06-24 12:18:02.883947+00:00",
  "game": null
}