{
  "game_id": 272,
  "acpl": 1126.505376344086,
  "match_rate": 0.3870967741935484,
  "weighted_match_rate": 0.4345257292949442,
  "ipr": 1746.4247311827958,
  "ipr_z_score": 0.0,
  "precision_burst_count": 0,
  "mean_move_time": 0.8494623655913979,
  "time_variance": 631.80424295263,
  "time_complexity_corr": 0.2602210206194585,
  "lag_spike_count": 0,
  "uniformity_score": 0.34155693149516897,
  "clutch_accuracy_diff": NaN,
  "opening_entropy": 4.544507255789622,
  "novelty_depth": 5,
  "second_choice_rate": 0.23655913978494625,
  "opening_breadth": 8,
  "tb_match_rate": NaN,
  "dtz_deviation": NaN,
  "conversion_efficiency": 150,
  "suspicious_quality": "False",
  "suspicious_timing": "False",
  "suspicious_opening": true,
  "overall_suspicion_score": -128.85916577175902,
  "analyzed_at": "2025-06-24 12:09:04.888155+00:00",
  "game": null
}