{
  "game_id": 1070,
  "acpl": 82.10416666666667,
  "match_rate": 0.3333333333333333,
  "weighted_match_rate": 0.3170569496404931,
  "ipr": 2225.6145833333335,
  "ipr_z_score": 0.0,
  "precision_burst_count": 0,
  "mean_move_time": 14.270833333333334,
  "time_variance": 345.79013961605585,
  "time_complexity_corr": -0.4032301973285699,
  "lag_spike_count": 0,
  "uniformity_score": 0.29584175026926746,
  "clutch_accuracy_diff": NaN,
  "opening_entropy": 4.544507255789622,
  "novelty_depth": 5,
  "second_choice_rate": 0.20833333333333334,
  "opening_breadth": 8,
  "tb_match_rate": NaN,
  "dtz_deviation": NaN,
  "conversion_efficiency": null,
  "suspicious_quality": "False",
  "suspicious_timing": "False",
  "suspicious_opening": true,
  "overall_suspicion_score": 32.36603860738509,
  "analyzed_at": "2025-06-24 12:18:16.976586+00:00",
  "game": null
}