{
  "game_id": 1571,
  "acpl": 1644.079365079365,
  "match_rate": 0.30158730158730157,
  "weighted_match_rate": 0.3216160417929293,
  "ipr": 1419.2301587301588,
  "ipr_z_score": 0.0,
  "precision_burst_count": 0,
  "mean_move_time": 0.7777777777777778,
  "time_variance": 14.83022222222222,
  "time_complexity_corr": -0.4634131617952,
  "lag_spike_count": 0,
  "uniformity_score": 0.3103982715595981,
  "clutch_accuracy_diff": NaN,
  "opening_entropy": 4.544507255789622,
  "novelty_depth": 5,
  "second_choice_rate": 0.20634920634920634,
  "opening_breadth": 8,
  "tb_match_rate": NaN,
  "dtz_deviation": NaN,
  "conversion_efficiency": 98,
  "suspicious_quality": "False",
  "suspicious_timing": "False",
  "suspicious_opening": true,
  "overall_suspicion_score": -217.6942798976407,
  "analyzed_at": "2025-06-24 12:24:05.426175+00:00",
  "game": null
}null
}