{
  "game_id": 943,
  "acpl": 59.69465648854962,
  "match_rate": 0.3511450381679389,
  "weighted_match_rate": 0.35759438224172096,
  "ipr": 2251.0687022900765,
  "ipr_z_score": 0.0,
  "precision_burst_count": 0,
  "mean_move_time": 0.8778625954198473,
  "time_variance": 1221.6861747243424,
  "time_complexity_corr": 0.053111520591076176,
  "lag_spike_count": 0,
  "uniformity_score": 0.35245032985358193,
  "clutch_accuracy_diff": NaN,
  "opening_entropy": 4.544507255789622,
  "novelty_depth": 6,
  "second_choice_rate": 0.22137404580152673,
  "opening_breadth": 7,
  "tb_match_rate": NaN,
  "dtz_deviation": NaN,
  "conversion_efficiency": null,
  "suspicious_quality": "False",
  "suspicious_timing": "False",
  "suspicious_opening": true,
  "overall_suspicion_score": 37.62325113730621,
  "analyzed_at": "2025-06-24 12:16:46.680016+00:00",
  "game": null
}