{
  "game_id": 347,
  "acpl": 104.43373493975903,
  "match_rate": 0.3614457831325301,
  "weighted_match_rate": 0.3621376813017886,
  "ipr": 2236.9397590361446,
  "ipr_z_score": 0.0,
  "precision_burst_count": 0,
  "mean_move_time": 1.1927710843373494,
  "time_variance": 358.7262504563709,
  "time_complexity_corr": -0.2007223918143511,
  "lag_spike_count": 0,
  "uniformity_score": 0.34887452891483156,
  "clutch_accuracy_diff": NaN,
  "opening_entropy": 4.544507255789622,
  "novelty_depth": 5,
  "second_choice_rate": 0.1566265060240964,
  "opening_breadth": 8,
  "tb_match_rate": NaN,
  "dtz_deviation": NaN,
  "conversion_efficiency": null,
  "suspicious_quality": "False",
  "suspicious_timing": "False",
  "suspicious_opening": true,
  "overall_suspicion_score": 30.334535594285775,
  "analyzed_at": "2025-06-24 12:09:57.352646+00:00",
  "game": null
}