{
  "game_id": 358,
  "acpl": 55.47826086956522,
  "match_rate": 0.391304347826087,
  "weighted_match_rate": 0.4062843331521905,
  "ipr": 2285.304347826087,
  "ipr_z_score": 0.0,
  "precision_burst_count": 0,
  "mean_move_time": 1.3043478260869565,
  "time_variance": 21.48877209746775,
  "time_complexity_corr": 0.6033144087317709,
  "lag_spike_count": 8,
  "uniformity_score": 0.33322643666507124,
  "clutch_accuracy_diff": NaN,
  "opening_entropy": 4.544507255789622,
  "novelty_depth": 5,
  "second_choice_rate": 0.17391304347826086,
  "opening_breadth": 8,
  "tb_match_rate": NaN,
  "dtz_deviation": NaN,
  "conversion_efficiency": null,
  "suspicious_quality": "False",
  "suspicious_timing": "False",
  "suspicious_opening": true,
  "overall_suspicion_score": 46.40130300006942,
  "analyzed_at": "2025-06-24 12:10:02.090982+00:00",
  "game": null
}