{
  "game_id": 220,
  "acpl": 28.97142857142857,
  "match_rate": 0.4857142857142857,
  "weighted_match_rate": 0.4744377763352172,
  "ipr": 2374.0857142857144,
  "ipr_z_score": 0.0,
  "precision_burst_count": 0,
  "mean_move_time": 0.2857142857142857,
  "time_variance": 48.38095238095239,
  "time_complexity_corr": -0.25759764730775636,
  "lag_spike_count": 0,
  "uniformity_score": 0.3474878060451479,
  "clutch_accuracy_diff": NaN,
  "opening_entropy": 4.544507255789622,
  "novelty_depth": 5,
  "second_choice_rate": 0.11428571428571428,
  "opening_breadth": 8,
  "tb_match_rate": NaN,
  "dtz_deviation": NaN,
  "conversion_efficiency": null,
  "suspicious_quality": "True",
  "suspicious_timing": "False",
  "suspicious_opening": true,
  "overall_suspicion_score": 45.22999374872981,
  "analyzed_at": "2025-06-24 12:08:25.776951+00:00",
  "game": null
}