{
  "game_id": 202,
  "acpl": 31.96078431372549,
  "match_rate": 0.49019607843137253,
  "weighted_match_rate": 0.4942658828236023,
  "ipr": 2376.176470588235,
  "ipr_z_score": 0.0,
  "precision_burst_count": 0,
  "mean_move_time": 0.7450980392156863,
  "time_variance": 692.7462628615802,
  "time_complexity_corr": 0.21736470678298284,
  "lag_spike_count": 0,
  "uniformity_score": 0.3621399323009511,
  "clutch_accuracy_diff": NaN,
  "opening_entropy": 4.544507255789622,
  "novelty_depth": 6,
  "second_choice_rate": 0.19607843137254902,
  "opening_breadth": 7,
  "tb_match_rate": NaN,
  "dtz_deviation": NaN,
  "conversion_efficiency": 80,
  "suspicious_quality": "True",
  "suspicious_timing": "False",
  "suspicious_opening": true,
  "overall_suspicion_score": 47.54362603341279,
  "analyzed_at": "2025-06-24 12:08:18.637842+00:00",
  "game": null
}