{
  "game_id": 1161,
  "acpl": 1923.6146788990825,
  "match_rate": 0.26605504587155965,
  "weighted_match_rate": 0.2681563907643096,
  "ipr": 1251.0366972477063,
  "ipr_z_score": 0.0,
  "precision_burst_count": 0,
  "mean_move_time": 0.7155963302752294,
  "time_variance": 226.96943305288968,
  "time_complexity_corr": -0.02629747375286624,
  "lag_spike_count": 2,
  "uniformity_score": 0.33729991288450467,
  "clutch_accuracy_diff": NaN,
  "opening_entropy": 4.544507255789622,
  "novelty_depth": 5,
  "second_choice_rate": 0.22018348623853212,
  "opening_breadth": 8,
  "tb_match_rate": NaN,
  "dtz_deviation": NaN,
  "conversion_efficiency": 170,
  "suspicious_quality": "False",
  "suspicious_timing": "False",
  "suspicious_opening": true,
  "overall_suspicion_score": -263.15156247316645,
  "analyzed_at": "2025-06-24 12:19:18.833806+00:00",
  "game": null
}