{
  "game_id": 1454,
  "acpl": 60.43478260869565,
  "match_rate": 0.391304347826087,
  "weighted_match_rate": 0.4147437988476776,
  "ipr": 2282.826086956522,
  "ipr_z_score": 0.0,
  "precision_burst_count": 0,
  "mean_move_time": 36.30434782608695,
  "time_variance": 383.6865742952699,
  "time_complexity_corr": 0.5278244508057501,
  "lag_spike_count": 0,
  "uniformity_score": 0.29575029164589317,
  "clutch_accuracy_diff": NaN,
  "opening_entropy": 4.544507255789622,
  "novelty_depth": 5,
  "second_choice_rate": 0.17391304347826086,
  "opening_breadth": 8,
  "tb_match_rate": NaN,
  "dtz_deviation": NaN,
  "conversion_efficiency": null,
  "suspicious_quality": "False",
  "suspicious_timing": "False",
  "suspicious_opening": true,
  "overall_suspicion_score": 44.297696823339415,
  "analyzed_at": "2025-06-24 12:22:38.417962+00:00",
  "game": null
}