{
  "game_id": 1717,
  "acpl": 87.33333333333333,
  "match_rate": 0.5333333333333333,
  "weighted_match_rate": 0.5457701613474262,
  "ipr": 2383.0,
  "ipr_z_score": 0.0,
  "precision_burst_count": 0,
  "mean_move_time": 15.0,
  "time_variance": 113.22033898305085,
  "time_complexity_corr": 0.409707638285522,
  "lag_spike_count": 0,
  "uniformity_score": 0.2760765341890649,
  "clutch_accuracy_diff": NaN,
  "opening_entropy": 4.544507255789622,
  "novelty_depth": 5,
  "second_choice_rate": 0.06666666666666667,
  "opening_breadth": 8,
  "tb_match_rate": NaN,
  "dtz_deviation": NaN,
  "conversion_efficiency": null,
  "suspicious_quality": "False",
  "suspicious_timing": "False",
  "suspicious_opening": true,
  "overall_suspicion_score": 41.54821075876812,
  "analyzed_at": "2025-06-24 12:25:40.422481+00:00",
  "game": null
}