{
  "game_id": 597,
  "acpl": 43.458333333333336,
  "match_rate": 0.2916666666666667,
  "weighted_match_rate": 0.309032222798647,
  "ipr": 2211.6041666666665,
  "ipr_z_score": 0.0,
  "precision_burst_count": 0,
  "mean_move_time": 2.875,
  "time_variance": 26.04736842105263,
  "time_complexity_corr": -0.11969289260235143,
  "lag_spike_count": 3,
  "uniformity_score": 0.3455845871817183,
  "clutch_accuracy_diff": NaN,
  "opening_entropy": 4.544507255789622,
  "novelty_depth": 5,
  "second_choice_rate": 0.125,
  "opening_breadth": 8,
  "tb_match_rate": NaN,
  "dtz_deviation": NaN,
  "conversion_efficiency": null,
  "suspicious_quality": "False",
  "suspicious_timing": "False",
  "suspicious_opening": true,
  "overall_suspicion_score": 38.574860680021914,
  "analyzed_at": "2025-06-24 12:12:44.283833+00:00",
  "game": null
}