{
  "game_id": 844,
  "acpl": 49.62068965517241,
  "match_rate": 0.3793103448275862,
  "weighted_match_rate": 0.38129909627231046,
  "ipr": 2278.637931034483,
  "ipr_z_score": 0.0,
  "precision_burst_count": 0,
  "mean_move_time": 0.5862068965517241,
  "time_variance": 15.194192377495462,
  "time_complexity_corr": -0.5169631189587721,
  "lag_spike_count": 0,
  "uniformity_score": 0.38463562207414864,
  "clutch_accuracy_diff": NaN,
  "opening_entropy": 4.544507255789622,
  "novelty_depth": 5,
  "second_choice_rate": 0.20689655172413793,
  "opening_breadth": 8,
  "tb_match_rate": NaN,
  "dtz_deviation": NaN,
  "conversion_efficiency": 44,
  "suspicious_quality": "False",
  "suspicious_timing": "False",
  "suspicious_opening": true,
  "overall_suspicion_score": 39.99594822429803,
  "analyzed_at": "2025-06-24 12:15:25.888693+00:00",
  "game": null
}