{
  "game_id": 1379,
  "acpl": 69.65517241379311,
  "match_rate": 0.3448275862068966,
  "weighted_match_rate": 0.3493677879592025,
  "ipr": 2241.0344827586205,
  "ipr_z_score": 0.0,
  "precision_burst_count": 0,
  "mean_move_time": 6.448275862068965,
  "time_variance": 270.7190404797601,
  "time_complexity_corr": 0.46362287982303174,
  "lag_spike_count": 0,
  "uniformity_score": 0.3857147812317379,
  "clutch_accuracy_diff": NaN,
  "opening_entropy": 4.544507255789622,
  "novelty_depth": 5,
  "second_choice_rate": 0.13793103448275862,
  "opening_breadth": 8,
  "tb_match_rate": NaN,
  "dtz_deviation": NaN,
  "conversion_efficiency": null,
  "suspicious_quality": "False",
  "suspicious_timing": "False",
  "suspicious_opening": true,
  "overall_suspicion_score": 41.80223766697091,
  "analyzed_at": "2025-06-24 12:21:49.585497+00:00",
  "game": null
}