{
  "game_id": 212,
  "acpl": 5307.0526315789475,
  "match_rate": 0.2894736842105263,
  "weighted_match_rate": 0.2720819847350051,
  "ipr": -421.9473684210525,
  "ipr_z_score": 0.0,
  "precision_burst_count": 0,
  "mean_move_time": -5.526315789473684,
  "time_variance": 312.8337399790868,
  "time_complexity_corr": -0.43111116367763336,
  "lag_spike_count": 3,
  "uniformity_score": 0.298453069565916,
  "clutch_accuracy_diff": NaN,
  "opening_entropy": 4.544507255789622,
  "novelty_depth": 5,
  "second_choice_rate": 0.23684210526315788,
  "opening_breadth": 8,
  "tb_match_rate": NaN,
  "dtz_deviation": NaN,
  "conversion_efficiency": null,
  "suspicious_quality": "False",
  "suspicious_timing": "False",
  "suspicious_opening": true,
  "overall_suspicion_score": -804.6590896557112,
  "analyzed_at": "2025-06-24 12:08:27.144920+00:00",
  "game": null
}