{
  "game_id": 1448,
  "acpl": 3504.770114942529,
  "match_rate": 0.40229885057471265,
  "weighted_match_rate": 0.42088138917199125,
  "ipr": 569.4540229885056,
  "ipr_z_score": 0.0,
  "precision_burst_count": 0,
  "mean_move_time": 0.7471264367816092,
  "time_variance": 371.0339512324763,
  "time_complexity_corr": -0.12221708238982584,
  "lag_spike_count": 0,
  "uniformity_score": 0.34907908859136316,
  "clutch_accuracy_diff": NaN,
  "opening_entropy": 4.544507255789622,
  "novelty_depth": 5,
  "second_choice_rate": 0.11494252873563218,
  "opening_breadth": 8,
  "tb_match_rate": NaN,
  "dtz_deviation": NaN,
  "conversion_efficiency": 131,
  "suspicious_quality": "False",
  "suspicious_timing": "False",
  "suspicious_opening": true,
  "overall_suspicion_score": -512.5215669064521,
  "analyzed_at": "2025-06-24 12:22:39.441291+00:00",
  "game": null
}