{
  "game_id": 1077,
  "acpl": 34.724137931034484,
  "match_rate": 0.3793103448275862,
  "weighted_match_rate": 0.37335315115796813,
  "ipr": 2286.0862068965516,
  "ipr_z_score": 0.0,
  "precision_burst_count": 0,
  "mean_move_time": 1.8620689655172413,
  "time_variance": 304.9630973986691,
  "time_complexity_corr": -0.6957387522889886,
  "lag_spike_count": 0,
  "uniformity_score": 0.3289241332038304,
  "clutch_accuracy_diff": NaN,
  "opening_entropy": 4.544507255789622,
  "novelty_depth": 5,
  "second_choice_rate": 0.27586206896551724,
  "opening_breadth": 8,
  "tb_match_rate": NaN,
  "dtz_deviation": NaN,
  "conversion_efficiency": 44,
  "suspicious_quality": "False",
  "suspicious_timing": "False",
  "suspicious_opening": true,
  "overall_suspicion_score": 41.58765154790902,
  "analyzed_at": "2025-06-24 12:18:11.495683+00:00",
  "game": null
}