{
  "game_id": 633,
  "acpl": 2251.5333333333333,
  "match_rate": 0.4666666666666667,
  "weighted_match_rate": 0.44036004072510404,
  "ipr": 1247.5666666666666,
  "ipr_z_score": 0.0,
  "precision_burst_count": 0,
  "mean_move_time": 1.6888888888888889,
  "time_variance": 123.2729088639201,
  "time_complexity_corr": -0.06336935033757954,
  "lag_spike_count": 4,
  "uniformity_score": 0.36896482370984707,
  "clutch_accuracy_diff": NaN,
  "opening_entropy": 4.544507255789622,
  "novelty_depth": 5,
  "second_choice_rate": 0.15555555555555556,
  "opening_breadth": 8,
  "tb_match_rate": NaN,
  "dtz_deviation": NaN,
  "conversion_efficiency": 76,
  "suspicious_quality": "False",
  "suspicious_timing": "False",
  "suspicious_opening": true,
  "overall_suspicion_score": -310.748952548259,
  "analyzed_at": "2025-06-24 12:13:09.458075+00:00",
  "game": null
}