{
  "game_id": 110,
  "acpl": 59.10204081632653,
  "match_rate": 0.3469387755102041,
  "weighted_match_rate": 0.3678913102076564,
  "ipr": 2248.0,
  "ipr_z_score": 0.0,
  "precision_burst_count": 0,
  "mean_move_time": 8.83673469387755,
  "time_variance": 87.56295133437992,
  "time_complexity_corr": 0.7188878263613281,
  "lag_spike_count": 4,
  "uniformity_score": 0.2849019606953513,
  "clutch_accuracy_diff": NaN,
  "opening_entropy": 4.544507255789622,
  "novelty_depth": 5,
  "second_choice_rate": 0.14285714285714285,
  "opening_breadth": 8,
  "tb_match_rate": NaN,
  "dtz_deviation": NaN,
  "conversion_efficiency": 158,
  "suspicious_quality": "False",
  "suspicious_timing": "True",
  "suspicious_opening": true,
  "overall_suspicion_score": 45.66900683621057,
  "analyzed_at": "2025-06-24 12:07:19.005404+00:00",
  "game": null
}