{
  "game_id": 307,
  "acpl": 1515.7971014492753,
  "match_rate": 0.3188405797101449,
  "weighted_match_rate": 0.315489445181292,
  "ipr": 1497.1739130434783,
  "ipr_z_score": 0.0,
  "precision_burst_count": 0,
  "mean_move_time": 1.391304347826087,
  "time_variance": 657.81656616947,
  "time_complexity_corr": 0.20260815101580404,
  "lag_spike_count": 0,
  "uniformity_score": 0.357210099992911,
  "clutch_accuracy_diff": NaN,
  "opening_entropy": 4.544507255789622,
  "novelty_depth": 5,
  "second_choice_rate": 0.11594202898550725,
  "opening_breadth": 8,
  "tb_match_rate": NaN,
  "dtz_deviation": NaN,
  "conversion_efficiency": 104,
  "suspicious_quality": "False",
  "suspicious_timing": "False",
  "suspicious_opening": true,
  "overall_suspicion_score": -193.91784779557784,
  "analyzed_at": "2025-06-24 12:09:30.476975+00:00",
  "game": null
}