{
  "game_id": 273,
  "acpl": 49.97674418604651,
  "match_rate": 0.37209302325581395,
  "weighted_match_rate": 0.39211206140642413,
  "ipr": 2272.686046511628,
  "ipr_z_score": 0.0,
  "precision_burst_count": 0,
  "mean_move_time": 1.558139534883721,
  "time_variance": 684.0612859097126,
  "time_complexity_corr": -0.5977698699428754,
  "lag_spike_count": 0,
  "uniformity_score": 0.34643282483329013,
  "clutch_accuracy_diff": NaN,
  "opening_entropy": 4.544507255789622,
  "novelty_depth": 5,
  "second_choice_rate": 0.16279069767441862,
  "opening_breadth": 8,
  "tb_match_rate": NaN,
  "dtz_deviation": NaN,
  "conversion_efficiency": 65,
  "suspicious_quality": "False",
  "suspicious_timing": "False",
  "suspicious_opening": true,
  "overall_suspicion_score": 39.504592256595544,
  "analyzed_at": "2025-06-24 12:09:03.832747+00:00",
  "game": null
}