{
  "game_id": 617,
  "acpl": 5763.628571428571,
  "match_rate": 0.45714285714285713,
  "weighted_match_rate": 0.47075740078791767,
  "ipr": -516.0999999999999,
  "ipr_z_score": 0.0,
  "precision_burst_count": 0,
  "mean_move_time": 0.4,
  "time_variance": 46.62028985507247,
  "time_complexity_corr": 0.1968185266879664,
  "lag_spike_count": 4,
  "uniformity_score": 0.347152433929407,
  "clutch_accuracy_diff": NaN,
  "opening_entropy": 4.544507255789622,
  "novelty_depth": 5,
  "second_choice_rate": 0.17142857142857143,
  "opening_breadth": 8,
  "tb_match_rate": NaN,
  "dtz_deviation": NaN,
  "conversion_efficiency": 55,
  "suspicious_quality": "False",
  "suspicious_timing": "False",
  "suspicious_opening": true,
  "overall_suspicion_score": -870.246131325685,
  "analyzed_at": "2025-06-24 12:12:54.835620+00:00",
  "game": null
}