{
  "game_id": 714,
  "acpl": 5568.711111111111,
  "match_rate": 0.4777777777777778,
  "weighted_match_rate": 0.47920460297600037,
  "ipr": -402.1333333333332,
  "ipr_z_score": 0.0,
  "precision_burst_count": 0,
  "mean_move_time": 13.133333333333333,
  "time_variance": 643.2629213483145,
  "time_complexity_corr": 0.014139641010520829,
  "lag_spike_count": 0,
  "uniformity_score": 0.2866928647596904,
  "clutch_accuracy_diff": NaN,
  "opening_entropy": 4.544507255789622,
  "novelty_depth": 5,
  "second_choice_rate": 0.1111111111111111,
  "opening_breadth": 8,
  "tb_match_rate": NaN,
  "dtz_deviation": NaN,
  "conversion_efficiency": 78,
  "suspicious_quality": "False",
  "suspicious_timing": "False",
  "suspicious_opening": true,
  "overall_suspicion_score": -841.7495828866047,
  "analyzed_at": "2025-06-24 12:14:03.913323+00:00",
  "game": null
}