{
  "game_id": 1284,
  "acpl": 68.35714285714286,
  "match_rate": 0.2857142857142857,
  "weighted_match_rate": 0.2918281250708831,
  "ipr": 2194.392857142857,
  "ipr_z_score": 0.0,
  "precision_burst_count": 0,
  "mean_move_time": 19.642857142857142,
  "time_variance": 334.8622908622909,
  "time_complexity_corr": 0.5917610178534886,
  "lag_spike_count": 0,
  "uniformity_score": 0.37137847773788396,
  "clutch_accuracy_diff": NaN,
  "opening_entropy": 4.544507255789622,
  "novelty_depth": 5,
  "second_choice_rate": 0.2857142857142857,
  "opening_breadth": 8,
  "tb_match_rate": NaN,
  "dtz_deviation": NaN,
  "conversion_efficiency": null,
  "suspicious_quality": "False",
  "suspicious_timing": "False",
  "suspicious_opening": true,
  "overall_suspicion_score": 42.03260976717132,
  "analyzed_at": "2025-06-24 12:20:39.876041+00:00",
  "game": null
}