{
  "game_id": 1518,
  "acpl": 1956.7735849056603,
  "match_rate": 0.32075471698113206,
  "weighted_match_rate": 0.30862632260301964,
  "ipr": 1278.2169811320755,
  "ipr_z_score": 0.0,
  "precision_burst_count": 0,
  "mean_move_time": 25.471698113207548,
  "time_variance": 397.5584369131719,
  "time_complexity_corr": 0.28016760617207837,
  "lag_spike_count": 0,
  "uniformity_score": 0.40348116138572937,
  "clutch_accuracy_diff": NaN,
  "opening_entropy": 4.544507255789622,
  "novelty_depth": 5,
  "second_choice_rate": 0.22641509433962265,
  "opening_breadth": 8,
  "tb_match_rate": NaN,
  "dtz_deviation": NaN,
  "conversion_efficiency": 203,
  "suspicious_quality": "False",
  "suspicious_timing": "False",
  "suspicious_opening": true,
  "overall_suspicion_score": -262.98559151542327,
  "analyzed_at": "2025-06-24 12:23:28.431135+00:00",
  "game": null
}