{
  "game_id": 875,
  "acpl": 1695.1475409836066,
  "match_rate": 0.32786885245901637,
  "weighted_match_rate": 0.34586139060090226,
  "ipr": 1414.7213114754097,
  "ipr_z_score": 0.0,
  "precision_burst_count": 0,
  "mean_move_time": 1.2295081967213115,
  "time_variance": 121.798130334643,
  "time_complexity_corr": -0.267271156953159,
  "lag_spike_count": 0,
  "uniformity_score": 0.36888430112277387,
  "clutch_accuracy_diff": NaN,
  "opening_entropy": 4.544507255789622,
  "novelty_depth": 5,
  "second_choice_rate": 0.22950819672131148,
  "opening_breadth": 8,
  "tb_match_rate": NaN,
  "dtz_deviation": NaN,
  "conversion_efficiency": 92,
  "suspicious_quality": "False",
  "suspicious_timing": "False",
  "suspicious_opening": true,
  "overall_suspicion_score": -224.52778987662336,
  "analyzed_at": "2025-06-24 12:15:55.585154+00:00",
  "game": null
}