{
  "game_id": 665,
  "acpl": 58.79527559055118,
  "match_rate": 0.30708661417322836,
  "weighted_match_rate": 0.31703094856307723,
  "ipr": 2216.271653543307,
  "ipr_z_score": 0.0,
  "precision_burst_count": 0,
  "mean_move_time": 0.3779527559055118,
  "time_variance": 253.595717531356,
  "time_complexity_corr": -0.16022679090512018,
  "lag_spike_count": 0,
  "uniformity_score": 0.33689584663218713,
  "clutch_accuracy_diff": NaN,
  "opening_entropy": 4.544507255789622,
  "novelty_depth": 5,
  "second_choice_rate": 0.16535433070866143,
  "opening_breadth": 8,
  "tb_match_rate": NaN,
  "dtz_deviation": NaN,
  "conversion_efficiency": 200,
  "suspicious_quality": "False",
  "suspicious_timing": "False",
  "suspicious_opening": true,
  "overall_suspicion_score": 36.29336474124982,
  "analyzed_at": "2025-06-24 12:13:40.221655+00:00",
  "game": null
}