{
  "game_id": 399,
  "acpl": 53.17948717948718,
  "match_rate": 0.41025641025641024,
  "weighted_match_rate": 0.424744514412387,
  "ipr": 2301.6153846153848,
  "ipr_z_score": 0.0,
  "precision_burst_count": 0,
  "mean_move_time": 0.5897435897435898,
  "time_variance": 116.73382961124899,
  "time_complexity_corr": 0.19344856594916976,
  "lag_spike_count": 4,
  "uniformity_score": 0.33193258470751846,
  "clutch_accuracy_diff": NaN,
  "opening_entropy": 4.544507255789622,
  "novelty_depth": 5,
  "second_choice_rate": 0.15384615384615385,
  "opening_breadth": 8,
  "tb_match_rate": NaN,
  "dtz_deviation": NaN,
  "conversion_efficiency": 142,
  "suspicious_quality": "False",
  "suspicious_timing": "False",
  "suspicious_opening": true,
  "overall_suspicion_score": 42.07855753051622,
  "analyzed_at": "2025-06-24 12:10:36.900106+00:00",
  "game": null
}