{
  "game_id": 1482,
  "acpl": 2903.8,
  "match_rate": 0.3142857142857143,
  "weighted_match_rate": 0.31776954095906085,
  "ipr": 799.5285714285712,
  "ipr_z_score": 0.0,
  "precision_burst_count": 0,
  "mean_move_time": 37.82857142857143,
  "time_variance": 707.4236382322713,
  "time_complexity_corr": 0.4864095282163193,
  "lag_spike_count": 0,
  "uniformity_score": 0.24179280639560885,
  "clutch_accuracy_diff": NaN,
  "opening_entropy": 4.544507255789622,
  "novelty_depth": 5,
  "second_choice_rate": 0.17142857142857143,
  "opening_breadth": 8,
  "tb_match_rate": NaN,
  "dtz_deviation": NaN,
  "conversion_efficiency": null,
  "suspicious_quality": "False",
  "suspicious_timing": "False",
  "suspicious_opening": true,
  "overall_suspicion_score": -413.9208077544136,
  "analyzed_at": "2025-06-24 12:23:01.967013+00:00",
  "game": null
}