{
  "game_id": 1674,
  "acpl": 2807.5890410958905,
  "match_rate": 0.3835616438356164,
  "weighted_match_rate": 0.3795769508314948,
  "ipr": 903.0547945205478,
  "ipr_z_score": 0.0,
  "precision_burst_count": 0,
  "mean_move_time": 1.3150684931506849,
  "time_variance": 181.59659896079359,
  "time_complexity_corr": 0.3122409798972843,
  "lag_spike_count": 0,
  "uniformity_score": 0.3717170693091005,
  "clutch_accuracy_diff": NaN,
  "opening_entropy": 4.544507255789622,
  "novelty_depth": 5,
  "second_choice_rate": 0.2054794520547945,
  "opening_breadth": 8,
  "tb_match_rate": NaN,
  "dtz_deviation": NaN,
  "conversion_efficiency": 83,
  "suspicious_quality": "False",
  "suspicious_timing": "False",
  "suspicious_opening": true,
  "overall_suspicion_score": -397.50710782425733,
  "analyzed_at": "2025-06-24 12:25:11.396242+00:00",
  "game": null
}