{
  "game_id": 1122,
  "acpl": 47.74603174603175,
  "match_rate": 0.42857142857142855,
  "weighted_match_rate": 0.4335256160796498,
  "ipr": 2318.984126984127,
  "ipr_z_score": 0.0,
  "precision_burst_count": 0,
  "mean_move_time": 1.4761904761904763,
  "time_variance": 372.85942857142857,
  "time_complexity_corr": -0.17581121499862537,
  "lag_spike_count": 0,
  "uniformity_score": 0.3412040723662926,
  "clutch_accuracy_diff": NaN,
  "opening_entropy": 4.544507255789622,
  "novelty_depth": 5,
  "second_choice_rate": 0.1746031746031746,
  "opening_breadth": 8,
  "tb_match_rate": NaN,
  "dtz_deviation": NaN,
  "conversion_efficiency": 106,
  "suspicious_quality": "False",
  "suspicious_timing": "False",
  "suspicious_opening": true,
  "overall_suspicion_score": 40.97085036102652,
  "analyzed_at": "2025-06-24 12:18:46.225014+00:00",
  "game": null
}