{
  "game_id": 531,
  "acpl": 67.50704225352112,
  "match_rate": 0.352112676056338,
  "weighted_match_rate": 0.3659159453449722,
  "ipr": 2247.93661971831,
  "ipr_z_score": 0.0,
  "precision_burst_count": 0,
  "mean_move_time": 1.3380281690140845,
  "time_variance": 266.3813804814704,
  "time_complexity_corr": 0.20652804418358506,
  "lag_spike_count": 0,
  "uniformity_score": 0.34875482427980453,
  "clutch_accuracy_diff": NaN,
  "opening_entropy": 4.544507255789622,
  "novelty_depth": 5,
  "second_choice_rate": 0.19718309859154928,
  "opening_breadth": 8,
  "tb_match_rate": NaN,
  "dtz_deviation": NaN,
  "conversion_efficiency": 78,
  "suspicious_quality": "False",
  "suspicious_timing": "False",
  "suspicious_opening": true,
  "overall_suspicion_score": 38.756252552044714,
  "analyzed_at": "2025-06-24 12:12:03.815115+00:00",
  "game": null
}