{
  "game_id": 890,
  "acpl": 21.291666666666668,
  "match_rate": 0.3333333333333333,
  "weighted_match_rate": 0.3351243600492118,
  "ipr": 2256.0208333333335,
  "ipr_z_score": 0.0,
  "precision_burst_count": 0,
  "mean_move_time": 0.4166666666666667,
  "time_variance": 25.84561403508772,
  "time_complexity_corr": -0.010339120566992434,
  "lag_spike_count": 0,
  "uniformity_score": 0.4655765673869924,
  "clutch_accuracy_diff": NaN,
  "opening_entropy": 4.544507255789622,
  "novelty_depth": 5,
  "second_choice_rate": 0.2916666666666667,
  "opening_breadth": 8,
  "tb_match_rate": NaN,
  "dtz_deviation": NaN,
  "conversion_efficiency": null,
  "suspicious_quality": "True",
  "suspicious_timing": "False",
  "suspicious_opening": true,
  "overall_suspicion_score": 44.43453274626128,
  "analyzed_at": "2025-06-24 12:16:04.744630+00:00",
  "game": null
}