{
  "game_id": 403,
  "acpl": 113.43243243243244,
  "match_rate": 0.2972972972972973,
  "weighted_match_rate": 0.29460638030888964,
  "ipr": 2181.1216216216217,
  "ipr_z_score": 0.0,
  "precision_burst_count": 0,
  "mean_move_time": 0.918918918918919,
  "time_variance": 19.417993335801555,
  "time_complexity_corr": 0.45081794390008906,
  "lag_spike_count": 1,
  "uniformity_score": 0.31700601960164165,
  "clutch_accuracy_diff": NaN,
  "opening_entropy": 4.544507255789622,
  "novelty_depth": 5,
  "second_choice_rate": 0.1891891891891892,
  "opening_breadth": 8,
  "tb_match_rate": NaN,
  "dtz_deviation": NaN,
  "conversion_efficiency": 55,
  "suspicious_quality": "False",
  "suspicious_timing": "False",
  "suspicious_opening": true,
  "overall_suspicion_score": 32.55145448585669,
  "analyzed_at": "2025-06-24 12:10:31.378408+00:00",
  "game": null
}