{
  "game_id": 1550,
  "acpl": 74.69620253164557,
  "match_rate": 0.3291139240506329,
  "weighted_match_rate": 0.3346199143584725,
  "ipr": 2225.9430379746836,
  "ipr_z_score": 0.0,
  "precision_burst_count": 0,
  "mean_move_time": 0.7088607594936709,
  "time_variance": 898.984761751189,
  "time_complexity_corr": -0.28450320433525345,
  "lag_spike_count": 0,
  "uniformity_score": 0.3418149101113645,
  "clutch_accuracy_diff": NaN,
  "opening_entropy": 4.544507255789622,
  "novelty_depth": 5,
  "second_choice_rate": 0.20253164556962025,
  "opening_breadth": 8,
  "tb_match_rate": NaN,
  "dtz_deviation": NaN,
  "conversion_efficiency": 147,
  "suspicious_quality": "False",
  "suspicious_timing": "False",
  "suspicious_opening": true,
  "overall_suspicion_score": 34.286100032238025,
  "analyzed_at": "2025-06-24 12:23:48.604057+00:00",
  "game": null
}