{
  "game_id": 1728,
  "acpl": 41.74285714285714,
  "match_rate": 0.2571428571428571,
  "weighted_match_rate": 0.26109851214945495,
  "ipr": 2184.842857142857,
  "ipr_z_score": 0.0,
  "precision_burst_count": 0,
  "mean_move_time": 0.7142857142857143,
  "time_variance": 151.33747412008282,
  "time_complexity_corr": -0.6253303878631798,
  "lag_spike_count": 0,
  "uniformity_score": 0.3474068490247235,
  "clutch_accuracy_diff": NaN,
  "opening_entropy": 4.544507255789622,
  "novelty_depth": 5,
  "second_choice_rate": 0.17142857142857143,
  "opening_breadth": 8,
  "tb_match_rate": NaN,
  "dtz_deviation": NaN,
  "conversion_efficiency": null,
  "suspicious_quality": "False",
  "suspicious_timing": "False",
  "suspicious_opening": true,
  "overall_suspicion_score": 37.88262490145965,
  "analyzed_at": "2025-06-24 12:25:41.750914+00:00",
  "game": null
}