{
  "game_id": 1590,
  "acpl": 61.17777777777778,
  "match_rate": 0.28888888888888886,
  "weighted_match_rate": 0.2983644557230038,
  "ipr": 2200.5222222222224,
  "ipr_z_score": 0.0,
  "precision_burst_count": 0,
  "mean_move_time": 1.0444444444444445,
  "time_variance": 191.99800249687885,
  "time_complexity_corr": -0.19631080849622912,
  "lag_spike_count": 2,
  "uniformity_score": 0.368505781671912,
  "clutch_accuracy_diff": NaN,
  "opening_entropy": 4.544507255789622,
  "novelty_depth": 5,
  "second_choice_rate": 0.13333333333333333,
  "opening_breadth": 8,
  "tb_match_rate": NaN,
  "dtz_deviation": NaN,
  "conversion_efficiency": null,
  "suspicious_quality": "False",
  "suspicious_timing": "False",
  "suspicious_opening": true,
  "overall_suspicion_score": 35.86491796179717,
  "analyzed_at": "2025-06-24 12:24:13.066744+00:00",
  "game": null
}