{
  "game_id": 1198,
  "acpl": 54.40298507462686,
  "match_rate": 0.373134328358209,
  "weighted_match_rate": 0.37841953872630824,
  "ipr": 2271.305970149254,
  "ipr_z_score": 0.0,
  "precision_burst_count": 0,
  "mean_move_time": 1.626865671641791,
  "time_variance": 269.10784423745935,
  "time_complexity_corr": -0.35345954906255767,
  "lag_spike_count": 0,
  "uniformity_score": 0.3257610555400246,
  "clutch_accuracy_diff": NaN,
  "opening_entropy": 4.544507255789622,
  "novelty_depth": 5,
  "second_choice_rate": 0.19402985074626866,
  "opening_breadth": 8,
  "tb_match_rate": NaN,
  "dtz_deviation": NaN,
  "conversion_efficiency": 110,
  "suspicious_quality": "False",
  "suspicious_timing": "False",
  "suspicious_opening": true,
  "overall_suspicion_score": 38.386181987324214,
  "analyzed_at": "2025-06-24 12:19:47.300387+00:00",
  "game": null
}