{
  "game_id": 1509,
  "acpl": 58.13636363636363,
  "match_rate": 0.3409090909090909,
  "weighted_match_rate": 0.35715212727117307,
  "ipr": 2243.659090909091,
  "ipr_z_score": 0.0,
  "precision_burst_count": 0,
  "mean_move_time": 40.02272727272727,
  "time_variance": 652.6851948051948,
  "time_complexity_corr": 0.47092642949822544,
  "lag_spike_count": 0,
  "uniformity_score": 0.3181504122800035,
  "clutch_accuracy_diff": NaN,
  "opening_entropy": 4.544507255789622,
  "novelty_depth": 5,
  "second_choice_rate": 0.1590909090909091,
  "opening_breadth": 8,
  "tb_match_rate": NaN,
  "dtz_deviation": NaN,
  "conversion_efficiency": null,
  "suspicious_quality": "False",
  "suspicious_timing": "False",
  "suspicious_opening": true,
  "overall_suspicion_score": 42.938376958572846,
  "analyzed_at": "2025-06-24 12:23:23.792671+00:00",
  "game": null
}