{
  "game_id": 1458,
  "acpl": 69.74603174603175,
  "match_rate": 0.31746031746031744,
  "weighted_match_rate": 0.3225596589674773,
  "ipr": 2219.095238095238,
  "ipr_z_score": 0.0,
  "precision_burst_count": 0,
  "mean_move_time": 29.761904761904763,
  "time_variance": 439.3215708594195,
  "time_complexity_corr": 0.5477457055022791,
  "lag_spike_count": 3,
  "uniformity_score": 0.25328099778755186,
  "clutch_accuracy_diff": NaN,
  "opening_entropy": 4.544507255789622,
  "novelty_depth": 5,
  "second_choice_rate": 0.1746031746031746,
  "opening_breadth": 8,
  "tb_match_rate": NaN,
  "dtz_deviation": NaN,
  "conversion_efficiency": 196,
  "suspicious_quality": "False",
  "suspicious_timing": "False",
  "suspicious_opening": true,
  "overall_suspicion_score": 40.533708428891345,
  "analyzed_at": "2025-06-24 12:22:50.599223+00:00",
  "game": null
}