{
  "game_id": 628,
  "acpl": 43.55555555555556,
  "match_rate": 0.4444444444444444,
  "weighted_match_rate": 0.4537965760569366,
  "ipr": 2333.777777777778,
  "ipr_z_score": 0.0,
  "precision_burst_count": 0,
  "mean_move_time": 0.7142857142857143,
  "time_variance": 93.54971428571429,
  "time_complexity_corr": 0.24701544412636503,
  "lag_spike_count": 1,
  "uniformity_score": 0.35976452145531446,
  "clutch_accuracy_diff": NaN,
  "opening_entropy": 4.544507255789622,
  "novelty_depth": 6,
  "second_choice_rate": 0.1746031746031746,
  "opening_breadth": 8,
  "tb_match_rate": NaN,
  "dtz_deviation": NaN,
  "conversion_efficiency": 108,
  "suspicious_quality": "False",
  "suspicious_timing": "False",
  "suspicious_opening": true,
  "overall_suspicion_score": 44.99475292689868,
  "analyzed_at": "2025-06-24 12:13:07.842222+00:00",
  "game": null
}