{
  "game_id": 1373,
  "acpl": 4402.342342342342,
  "match_rate": 0.34234234234234234,
  "weighted_match_rate": 0.39543908178941317,
  "ipr": 72.70270270270294,
  "ipr_z_score": 0.0,
  "precision_burst_count": 0,
  "mean_move_time": 1.0,
  "time_variance": 640.7058823529412,
  "time_complexity_corr": -0.7292714628109487,
  "lag_spike_count": 0,
  "uniformity_score": 0.3409473539387809,
  "clutch_accuracy_diff": NaN,
  "opening_entropy": 4.544507255789622,
  "novelty_depth": 5,
  "second_choice_rate": 0.16216216216216217,
  "opening_breadth": 8,
  "tb_match_rate": NaN,
  "dtz_deviation": NaN,
  "conversion_efficiency": 215,
  "suspicious_quality": "False",
  "suspicious_timing": "False",
  "suspicious_opening": true,
  "overall_suspicion_score": -657.259555760959,
  "analyzed_at": "2025-06-24 12:21:48.553540+00:00",
  "game": null
}