{
  "game_id": 783,
  "acpl": 85.57894736842105,
  "match_rate": 0.47368421052631576,
  "weighted_match_rate": 0.5576884896329304,
  "ipr": 2336.157894736842,
  "ipr_z_score": 0.0,
  "precision_burst_count": 0,
  "mean_move_time": 16.526315789473685,
  "time_variance": 334.6526315789473,
  "time_complexity_corr": 0.6177742234932223,
  "lag_spike_count": 0,
  "uniformity_score": 0.2651584616358965,
  "clutch_accuracy_diff": NaN,
  "opening_entropy": 4.544507255789622,
  "novelty_depth": 5,
  "second_choice_rate": 0.15789473684210525,
  "opening_breadth": 8,
  "tb_match_rate": NaN,
  "dtz_deviation": NaN,
  "conversion_efficiency": null,
  "suspicious_quality": "False",
  "suspicious_timing": "False",
  "suspicious_opening": true,
  "overall_suspicion_score": 43.72049938707757,
  "analyzed_at": "2025-06-24 12:14:48.911244+00:00",
  "game": null
}