{
  "game_id": 98,
  "acpl": 58.6,
  "match_rate": 0.3090909090909091,
  "weighted_match_rate": 0.33468175833745295,
  "ipr": 2217.9727272727273,
  "ipr_z_score": 0.0,
  "precision_burst_count": 0,
  "mean_move_time": 10.618181818181819,
  "time_variance": 95.79875466998753,
  "time_complexity_corr": 0.38776142049650414,
  "lag_spike_count": 4,
  "uniformity_score": 0.29988952724990003,
  "clutch_accuracy_diff": NaN,
  "opening_entropy": 4.544507255789622,
  "novelty_depth": 5,
  "second_choice_rate": 0.18181818181818182,
  "opening_breadth": 8,
  "tb_match_rate": NaN,
  "dtz_deviation": NaN,
  "conversion_efficiency": null,
  "suspicious_quality": "False",
  "suspicious_timing": "False",
  "suspicious_opening": true,
  "overall_suspicion_score": 40.9449088559704,
  "analyzed_at": "2025-06-24 12:07:08.468306+00:00",
  "game": null
}