{
  "game_id": 679,
  "acpl": 59.310344827586206,
  "match_rate": 0.3103448275862069,
  "weighted_match_rate": 0.31247500008386675,
  "ipr": 2218.6206896551726,
  "ipr_z_score": 0.0,
  "precision_burst_count": 0,
  "mean_move_time": 8.517241379310345,
  "time_variance": 117.95622188905548,
  "time_complexity_corr": 0.246064440982758,
  "lag_spike_count": 0,
  "uniformity_score": 0.2935873088567472,
  "clutch_accuracy_diff": NaN,
  "opening_entropy": 4.544507255789622,
  "novelty_depth": 5,
  "second_choice_rate": 0.20689655172413793,
  "opening_breadth": 8,
  "tb_match_rate": NaN,
  "dtz_deviation": NaN,
  "conversion_efficiency": 89,
  "suspicious_quality": "False",
  "suspicious_timing": "False",
  "suspicious_opening": true,
  "overall_suspicion_score": 38.729829632620905,
  "analyzed_at": "2025-06-24 12:13:41.377085+00:00",
  "game": null
}