{
  "game_id": 697,
  "acpl": 107.41509433962264,
  "match_rate": 0.3584905660377358,
  "weighted_match_rate": 0.3949681498998729,
  "ipr": 2233.0849056603774,
  "ipr_z_score": 0.0,
  "precision_burst_count": 0,
  "mean_move_time": 1.0188679245283019,
  "time_variance": 1395.713926325247,
  "time_complexity_corr": -0.2964362449447262,
  "lag_spike_count": 0,
  "uniformity_score": 0.35161289206889706,
  "clutch_accuracy_diff": NaN,
  "opening_entropy": 4.544507255789622,
  "novelty_depth": 6,
  "second_choice_rate": 0.07547169811320754,
  "opening_breadth": 8,
  "tb_match_rate": NaN,
  "dtz_deviation": NaN,
  "conversion_efficiency": null,
  "suspicious_quality": "False",
  "suspicious_timing": "False",
  "suspicious_opening": true,
  "overall_suspicion_score": 29.850250647772896,
  "analyzed_at": "2025-06-24 12:13:53.900553+00:00",
  "game": null
}