{
  "game_id": 277,
  "acpl": 54.888888888888886,
  "match_rate": 0.2962962962962963,
  "weighted_match_rate": 0.2979818760224155,
  "ipr": 2209.5925925925926,
  "ipr_z_score": 0.0,
  "precision_burst_count": 0,
  "mean_move_time": -6.0,
  "time_variance": 31.55140186915888,
  "time_complexity_corr": 0.4930727535764336,
  "lag_spike_count": 0,
  "uniformity_score": 0.4978145359553523,
  "clutch_accuracy_diff": NaN,
  "opening_entropy": 4.544507255789622,
  "novelty_depth": 5,
  "second_choice_rate": 0.1111111111111111,
  "opening_breadth": 8,
  "tb_match_rate": NaN,
  "dtz_deviation": NaN,
  "conversion_efficiency": null,
  "suspicious_quality": "False",
  "suspicious_timing": "False",
  "suspicious_opening": true,
  "overall_suspicion_score": 44.73520696474964,
  "analyzed_at": "2025-06-24 12:09:06.869223+00:00",
  "game": null
}