{
  "game_id": 1147,
  "acpl": 1540.0149253731342,
  "match_rate": 0.3880597014925373,
  "weighted_match_rate": 0.3778967665748759,
  "ipr": 1540.4402985074628,
  "ipr_z_score": 0.0,
  "precision_burst_count": 0,
  "mean_move_time": 1.4029850746268657,
  "time_variance": 700.3025474133094,
  "time_complexity_corr": -0.517401411927759,
  "lag_spike_count": 0,
  "uniformity_score": 0.3491447743237554,
  "clutch_accuracy_diff": NaN,
  "opening_entropy": 4.544507255789622,
  "novelty_depth": 5,
  "second_choice_rate": 0.14925373134328357,
  "opening_breadth": 8,
  "tb_match_rate": NaN,
  "dtz_deviation": NaN,
  "conversion_efficiency": 102,
  "suspicious_quality": "False",
  "suspicious_timing": "False",
  "suspicious_opening": true,
  "overall_suspicion_score": -198.84660076384557,
  "analyzed_at": "2025-06-24 12:19:06.854497+00:00",
  "game": null
}