{
  "game_id": 619,
  "acpl": 33.5,
  "match_rate": 0.46153846153846156,
  "weighted_match_rate": 0.4592162097266435,
  "ipr": 2352.480769230769,
  "ipr_z_score": 0.0,
  "precision_burst_count": 0,
  "mean_move_time": 19.884615384615383,
  "time_variance": 216.10306198655712,
  "time_complexity_corr": 0.5127601144638649,
  "lag_spike_count": 0,
  "uniformity_score": 0.3158611714926597,
  "clutch_accuracy_diff": NaN,
  "opening_entropy": 4.544507255789622,
  "novelty_depth": 5,
  "second_choice_rate": 0.23076923076923078,
  "opening_breadth": 8,
  "tb_match_rate": NaN,
  "dtz_deviation": NaN,
  "conversion_efficiency": null,
  "suspicious_quality": "True",
  "suspicious_timing": "False",
  "suspicious_opening": true,
  "overall_suspicion_score": 50.04682212963782,
  "analyzed_at": "2025-06-24 12:12:55.768013+00:00",
  "game": null
}