{
  "game_id": 239,
  "acpl": 55.58181818181818,
  "match_rate": 0.2727272727272727,
  "weighted_match_rate": 0.29914393994123684,
  "ipr": 2190.390909090909,
  "ipr_z_score": 0.0,
  "precision_burst_count": 0,
  "mean_move_time": 1.9454545454545455,
  "time_variance": 74.07039199332777,
  "time_complexity_corr": 0.20139041984590858,
  "lag_spike_count": 2,
  "uniformity_score": 0.3247496919558651,
  "clutch_accuracy_diff": NaN,
  "opening_entropy": 4.544507255789622,
  "novelty_depth": 5,
  "second_choice_rate": 0.2,
  "opening_breadth": 8,
  "tb_match_rate": NaN,
  "dtz_deviation": NaN,
  "conversion_efficiency": null,
  "suspicious_quality": "False",
  "suspicious_timing": "False",
  "suspicious_opening": true,
  "overall_suspicion_score": 38.54611504045338,
  "analyzed_at": "2025-06-24 12:08:38.712325+00:00",
  "game": null
}