{
  "game_id": 130,
  "acpl": 48.31325301204819,
  "match_rate": 0.43373493975903615,
  "weighted_match_rate": 0.43236343377274505,
  "ipr": 2322.8313253012047,
  "ipr_z_score": 0.0,
  "precision_burst_count": 0,
  "mean_move_time": 0.6987951807228916,
  "time_variance": 362.92690763052207,
  "time_complexity_corr": 0.288590011732587,
  "lag_spike_count": 0,
  "uniformity_score": 0.35622993094778166,
  "clutch_accuracy_diff": NaN,
  "opening_entropy": 4.544507255789622,
  "novelty_depth": 5,
  "second_choice_rate": 0.1686746987951807,
  "opening_breadth": 8,
  "tb_match_rate": NaN,
  "dtz_deviation": NaN,
  "conversion_efficiency": 132,
  "suspicious_quality": "False",
  "suspicious_timing": "False",
  "suspicious_opening": true,
  "overall_suspicion_score": 44.72330928395827,
  "analyzed_at": "2025-06-24 12:07:32.959399+00:00",
  "game": null
}