{
  "game_id": 1566,
  "acpl": 6740.666666666667,
  "match_rate": 0.4,
  "weighted_match_rate": 0.3852621068025924,
  "ipr": -1050.3333333333335,
  "ipr_z_score": 0.0,
  "precision_burst_count": 0,
  "mean_move_time": 17.2,
  "time_variance": 361.23697478991596,
  "time_complexity_corr": 0.6245127562242134,
  "lag_spike_count": 0,
  "uniformity_score": 0.2583499197158154,
  "clutch_accuracy_diff": NaN,
  "opening_entropy": 4.544507255789622,
  "novelty_depth": 5,
  "second_choice_rate": 0.13333333333333333,
  "opening_breadth": 8,
  "tb_match_rate": NaN,
  "dtz_deviation": NaN,
  "conversion_efficiency": null,
  "suspicious_quality": "False",
  "suspicious_timing": "False",
  "suspicious_opening": true,
  "overall_suspicion_score": -1024.047737935785,
  "analyzed_at": "2025-06-24 12:24:00.743531+00:00",
  "game": null
}