{
  "game_id": 621,
  "acpl": 2062.450980392157,
  "match_rate": 0.3333333333333333,
  "weighted_match_rate": 0.36249973036658595,
  "ipr": 1235.4411764705883,
  "ipr_z_score": 0.0,
  "precision_burst_count": 0,
  "mean_move_time": 1.1568627450980393,
  "time_variance": 85.5989128324597,
  "time_complexity_corr": 0.2966914107248473,
  "lag_spike_count": 0,
  "uniformity_score": 0.3634099701672622,
  "clutch_accuracy_diff": NaN,
  "opening_entropy": 4.544507255789622,
  "novelty_depth": 5,
  "second_choice_rate": 0.17647058823529413,
  "opening_breadth": 8,
  "tb_match_rate": NaN,
  "dtz_deviation": NaN,
  "conversion_efficiency": 77,
  "suspicious_quality": "False",
  "suspicious_timing": "False",
  "suspicious_opening": true,
  "overall_suspicion_score": -279.3908928371947,
  "analyzed_at": "2025-06-24 12:12:57.763451+00:00",
  "game": null
}