{
  "game_id": 756,
  "acpl": 6726.933333333333,
  "match_rate": 0.43333333333333335,
  "weighted_match_rate": 0.45382309535442594,
  "ipr": -1016.8000000000002,
  "ipr_z_score": 0.0,
  "precision_burst_count": 0,
  "mean_move_time": 27.833333333333332,
  "time_variance": 349.0476190476191,
  "time_complexity_corr": -0.2920808831461081,
  "lag_spike_count": 0,
  "uniformity_score": 0.2236154176055184,
  "clutch_accuracy_diff": NaN,
  "opening_entropy": 4.544507255789622,
  "novelty_depth": 5,
  "second_choice_rate": 0.13333333333333333,
  "opening_breadth": 8,
  "tb_match_rate": NaN,
  "dtz_deviation": NaN,
  "conversion_efficiency": null,
  "suspicious_quality": "False",
  "suspicious_timing": "False",
  "suspicious_opening": true,
  "overall_suspicion_score": -1028.8682634690113,
  "analyzed_at": "2025-06-24 12:14:33.703498+00:00",
  "game": null
}