{
  "game_id": 1175,
  "acpl": 5099.237288135593,
  "match_rate": 0.3389830508474576,
  "weighted_match_rate": 0.34745773682157655,
  "ipr": -278.43220338983065,
  "ipr_z_score": 0.0,
  "precision_burst_count": 0,
  "mean_move_time": 0.6610169491525424,
  "time_variance": 1209.0465015210773,
  "time_complexity_corr": 0.4674551329479679,
  "lag_spike_count": 0,
  "uniformity_score": 0.36193654257015095,
  "clutch_accuracy_diff": NaN,
  "opening_entropy": 4.544507255789622,
  "novelty_depth": 5,
  "second_choice_rate": 0.1694915254237288,
  "opening_breadth": 8,
  "tb_match_rate": NaN,
  "dtz_deviation": NaN,
  "conversion_efficiency": 106,
  "suspicious_quality": "False",
  "suspicious_timing": "False",
  "suspicious_opening": true,
  "overall_suspicion_score": -763.2732807056901,
  "analyzed_at": "2025-06-24 12:19:25.687044+00:00",
  "game": null
}