{
  "game_id": 1255,
  "acpl": 45.38607594936709,
  "match_rate": 0.4050632911392405,
  "weighted_match_rate": 0.41318813978408064,
  "ipr": 2301.3575949367087,
  "ipr_z_score": 0.0,
  "precision_burst_count": 0,
  "mean_move_time": 1.120253164556962,
  "time_variance": 659.9153833749899,
  "time_complexity_corr": -0.20699430825761636,
  "lag_spike_count": 0,
  "uniformity_score": 0.36949063253941455,
  "clutch_accuracy_diff": NaN,
  "opening_entropy": 4.544507255789622,
  "novelty_depth": 4,
  "second_choice_rate": 0.12025316455696203,
  "opening_breadth": 8,
  "tb_match_rate": NaN,
  "dtz_deviation": NaN,
  "conversion_efficiency": 137,
  "suspicious_quality": "False",
  "suspicious_timing": "False",
  "suspicious_opening": true,
  "overall_suspicion_score": 41.575877925923805,
  "analyzed_at": "2025-06-24 12:20:24.211506+00:00",
  "game": null
}