{
  "game_id": 1758,
  "acpl": 3416.133333333333,
  "match_rate": 0.43333333333333335,
  "weighted_match_rate": 0.45143522954949283,
  "ipr": 638.6000000000001,
  "ipr_z_score": 0.0,
  "precision_burst_count": 0,
  "mean_move_time": 0.7666666666666667,
  "time_variance": 68.2812324929972,
  "time_complexity_corr": -0.3243816301930966,
  "lag_spike_count": 4,
  "uniformity_score": 0.3041843257880582,
  "clutch_accuracy_diff": NaN,
  "opening_entropy": 4.544507255789622,
  "novelty_depth": 5,
  "second_choice_rate": 0.1,
  "opening_breadth": 8,
  "tb_match_rate": NaN,
  "dtz_deviation": NaN,
  "conversion_efficiency": 109,
  "suspicious_quality": "False",
  "suspicious_timing": "False",
  "suspicious_opening": true,
  "overall_suspicion_score": -498.16180650638876,
  "analyzed_at": "2025-06-24 12:26:08.857817+00:00",
  "game": null
}