{
  "game_id": 1024,
  "acpl": 52.57142857142857,
  "match_rate": 0.42857142857142855,
  "weighted_match_rate": 0.47516528755966964,
  "ipr": 2316.5714285714284,
  "ipr_z_score": 0.0,
  "precision_burst_count": 0,
  "mean_move_time": 18.607142857142858,
  "time_variance": 140.92535392535393,
  "time_complexity_corr": 0.5028241084737698,
  "lag_spike_count": 0,
  "uniformity_score": 0.385616829063833,
  "clutch_accuracy_diff": NaN,
  "opening_entropy": 4.544507255789622,
  "novelty_depth": 5,
  "second_choice_rate": 0.10714285714285714,
  "opening_breadth": 8,
  "tb_match_rate": NaN,
  "dtz_deviation": NaN,
  "conversion_efficiency": 102,
  "suspicious_quality": "False",
  "suspicious_timing": "False",
  "suspicious_opening": true,
  "overall_suspicion_score": 47.53892374136464,
  "analyzed_at": "2025-06-24 12:17:38.761435+00:00",
  "game": null
}