{
  "game_id": 74,
  "acpl": 4301.128571428571,
  "match_rate": 0.2857142857142857,
  "weighted_match_rate": 0.3021652932972975,
  "ipr": 78.00714285714275,
  "ipr_z_score": 0.0,
  "precision_burst_count": 0,
  "mean_move_time": -6.2,
  "time_variance": 87.44372759856631,
  "time_complexity_corr": 0.17599961775141243,
  "lag_spike_count": 4,
  "uniformity_score": 0.44871576612659825,
  "clutch_accuracy_diff": NaN,
  "opening_entropy": 4.544507255789622,
  "novelty_depth": 5,
  "second_choice_rate": 0.22857142857142856,
  "opening_breadth": 8,
  "tb_match_rate": NaN,
  "dtz_deviation": NaN,
  "conversion_efficiency": null,
  "suspicious_quality": "False",
  "suspicious_timing": "False",
  "suspicious_opening": true,
  "overall_suspicion_score": -639.3170741819573,
  "analyzed_at": "2025-06-24 12:06:56.578915+00:00",
  "game": null
}