{
  "game_id": 1663,
  "acpl": 60.06666666666667,
  "match_rate": 0.4533333333333333,
  "weighted_match_rate": 0.4643096469325472,
  "ipr": 2332.633333333333,
  "ipr_z_score": 0.0,
  "precision_burst_count": 0,
  "mean_move_time": 1.16,
  "time_variance": 448.9406711409396,
  "time_complexity_corr": 0.007339214295474204,
  "lag_spike_count": 0,
  "uniformity_score": 0.3652115330336105,
  "clutch_accuracy_diff": NaN,
  "opening_entropy": 4.544507255789622,
  "novelty_depth": 5,
  "second_choice_rate": 0.16,
  "opening_breadth": 8,
  "tb_match_rate": NaN,
  "dtz_deviation": NaN,
  "conversion_efficiency": 135,
  "suspicious_quality": "False",
  "suspicious_timing": "False",
  "suspicious_opening": true,
  "overall_suspicion_score": 40.05793343813746,
  "analyzed_at": "2025-06-24 12:25:08.907447+00:00",
  "game": null
}