{
  "game_id": 884,
  "acpl": 51.46153846153846,
  "match_rate": 0.38461538461538464,
  "weighted_match_rate": 0.451184065143532,
  "ipr": 2281.9615384615386,
  "ipr_z_score": 0.0,
  "precision_burst_count": 0,
  "mean_move_time": 5.3076923076923075,
  "time_variance": 13.70739064856712,
  "time_complexity_corr": 0.009776574453799525,
  "lag_spike_count": 0,
  "uniformity_score": 0.17474342840653195,
  "clutch_accuracy_diff": NaN,
  "opening_entropy": 4.544507255789622,
  "novelty_depth": 5,
  "second_choice_rate": 0.0,
  "opening_breadth": 8,
  "tb_match_rate": NaN,
  "dtz_deviation": NaN,
  "conversion_efficiency": null,
  "suspicious_quality": "False",
  "suspicious_timing": "False",
  "suspicious_opening": true,
  "overall_suspicion_score": 38.10224727901499,
  "analyzed_at": "2025-06-24 12:15:57.588561+00:00",
  "game": null
}