{
  "game_id": 379,
  "acpl": 39.85333333333333,
  "match_rate": 0.3333333333333333,
  "weighted_match_rate": 0.33809727988761895,
  "ipr": 2246.74,
  "ipr_z_score": 0.0,
  "precision_burst_count": 0,
  "mean_move_time": 0.7466666666666667,
  "time_variance": 2050.5796868008947,
  "time_complexity_corr": 0.12576250342583198,
  "lag_spike_count": 0,
  "uniformity_score": 0.3614563938144244,
  "clutch_accuracy_diff": NaN,
  "opening_entropy": 4.544507255789622,
  "novelty_depth": 5,
  "second_choice_rate": 0.16,
  "opening_breadth": 8,
  "tb_match_rate": NaN,
  "dtz_deviation": NaN,
  "conversion_efficiency": 120,
  "suspicious_quality": "False",
  "suspicious_timing": "False",
  "suspicious_opening": true,
  "overall_suspicion_score": 41.7708702408213,
  "analyzed_at": "2025-06-24 12:10:16.785163+00:00",
  "game": null
}