{
  "game_id": 1272,
  "acpl": 72.97183098591549,
  "match_rate": 0.36619718309859156,
  "weighted_match_rate": 0.3780638392687673,
  "ipr": 2256.4718309859154,
  "ipr_z_score": 0.0,
  "precision_burst_count": 0,
  "mean_move_time": 1.4366197183098592,
  "time_variance": 223.8221955848566,
  "time_complexity_corr": -0.2932965200973509,
  "lag_spike_count": 0,
  "uniformity_score": 0.3430788659070906,
  "clutch_accuracy_diff": NaN,
  "opening_entropy": 4.544507255789622,
  "novelty_depth": 5,
  "second_choice_rate": 0.16901408450704225,
  "opening_breadth": 8,
  "tb_match_rate": NaN,
  "dtz_deviation": NaN,
  "conversion_efficiency": null,
  "suspicious_quality": "False",
  "suspicious_timing": "False",
  "suspicious_opening": true,
  "overall_suspicion_score": 35.54412513450046,
  "analyzed_at": "2025-06-24 12:20:33.942539+00:00",
  "game": null
}