{
  "game_id": 1110,
  "acpl": 3287.0967741935483,
  "match_rate": 0.3225806451612903,
  "weighted_match_rate": 0.30423638302585376,
  "ipr": 614.516129032258,
  "ipr_z_score": 0.0,
  "precision_burst_count": 0,
  "mean_move_time": 24.483870967741936,
  "time_variance": 567.7964857067926,
  "time_complexity_corr": 0.6568710304306258,
  "lag_spike_count": 0,
  "uniformity_score": 0.3119564926607052,
  "clutch_accuracy_diff": NaN,
  "opening_entropy": 4.544507255789622,
  "novelty_depth": 5,
  "second_choice_rate": 0.12903225806451613,
  "opening_breadth": 8,
  "tb_match_rate": NaN,
  "dtz_deviation": NaN,
  "conversion_efficiency": null,
  "suspicious_quality": "False",
  "suspicious_timing": "False",
  "suspicious_opening": true,
  "overall_suspicion_score": -472.30333549408033,
  "analyzed_at": "2025-06-24 12:18:39.123346+00:00",
  "game": null
}