{
  "game_id": 883,
  "acpl": 5762.028571428571,
  "match_rate": 0.34285714285714286,
  "weighted_match_rate": 0.356944457464709,
  "ipr": -606.7285714285713,
  "ipr_z_score": 0.0,
  "precision_burst_count": 0,
  "mean_move_time": 39.885714285714286,
  "time_variance": 928.3321685508736,
  "time_complexity_corr": 0.4654834143267907,
  "lag_spike_count": 0,
  "uniformity_score": 0.23026398384402924,
  "clutch_accuracy_diff": NaN,
  "opening_entropy": 4.544507255789622,
  "novelty_depth": 5,
  "second_choice_rate": 0.2571428571428571,
  "opening_breadth": 8,
  "tb_match_rate": NaN,
  "dtz_deviation": NaN,
  "conversion_efficiency": null,
  "suspicious_quality": "False",
  "suspicious_timing": "False",
  "suspicious_opening": true,
  "overall_suspicion_score": -870.8301097475737,
  "analyzed_at": "2025-06-24 12:16:02.175017+00:00",
  "game": null
}