{
  "game_id": 740,
  "acpl": 14821.936170212766,
  "match_rate": 0.3617021276595745,
  "weighted_match_rate": 0.36821998730334,
  "ipr": -5121.606382978724,
  "ipr_z_score": 0.0,
  "precision_burst_count": 0,
  "mean_move_time": 0.5106382978723404,
  "time_variance": 77.28483184625944,
  "time_complexity_corr": 0.19751670484085687,
  "lag_spike_count": 0,
  "uniformity_score": 0.37651856696950964,
  "clutch_accuracy_diff": NaN,
  "opening_entropy": 4.544507255789622,
  "novelty_depth": 5,
  "second_choice_rate": 0.1276595744680851,
  "opening_breadth": 8,
  "tb_match_rate": NaN,
  "dtz_deviation": NaN,
  "conversion_efficiency": 78,
  "suspicious_quality": "False",
  "suspicious_timing": "False",
  "suspicious_opening": true,
  "overall_suspicion_score": -2321.575280956858,
  "analyzed_at": "2025-06-24 12:14:22.147884+00:00",
  "game": null
}