{
  "game_id": 1720,
  "acpl": 18.60377358490566,
  "match_rate": 0.39622641509433965,
  "weighted_match_rate": 0.3985874081716353,
  "ipr": 2307.6792452830186,
  "ipr_z_score": 0.0,
  "precision_burst_count": 0,
  "mean_move_time": -10.09433962264151,
  "time_variance": 25.37494411159796,
  "time_complexity_corr": 0.4438549328072016,
  "lag_spike_count": 0,
  "uniformity_score": 0.5362786077051476,
  "clutch_accuracy_diff": NaN,
  "opening_entropy": 4.544507255789622,
  "novelty_depth": 5,
  "second_choice_rate": 0.22641509433962265,
  "opening_breadth": 8,
  "tb_match_rate": NaN,
  "dtz_deviation": NaN,
  "conversion_efficiency": null,
  "suspicious_quality": "True",
  "suspicious_timing": "False",
  "suspicious_opening": true,
  "overall_suspicion_score": 52.81283136201117,
  "analyzed_at": "2025-06-24 12:25:47.724889+00:00",
  "game": null
}