{
  "game_id": 1776,
  "acpl": 26.941176470588236,
  "match_rate": 0.17647058823529413,
  "weighted_match_rate": 0.15982748536746433,
  "ipr": 2127.705882352941,
  "ipr_z_score": 0.0,
  "precision_burst_count": 0,
  "mean_move_time": -1.0,
  "time_variance": 8.597014925373134,
  "time_complexity_corr": -0.008234646040543301,
  "lag_spike_count": 0,
  "uniformity_score": 0.44624971504077554,
  "clutch_accuracy_diff": NaN,
  "opening_entropy": 4.544507255789622,
  "novelty_depth": 5,
  "second_choice_rate": 0.23529411764705882,
  "opening_breadth": 8,
  "tb_match_rate": NaN,
  "dtz_deviation": NaN,
  "conversion_efficiency": null,
  "suspicious_quality": "False",
  "suspicious_timing": "False",
  "suspicious_opening": true,
  "overall_suspicion_score": 39.303110085948674,
  "analyzed_at": "2025-06-24 12:26:18.382810+00:00",
  "game": null
}