{
  "game_id": 658,
  "acpl": 47.205882352941174,
  "match_rate": 0.3235294117647059,
  "weighted_match_rate": 0.3466652395479731,
  "ipr": 2235.220588235294,
  "ipr_z_score": 0.0,
  "precision_burst_count": 0,
  "mean_move_time": -34.3235294117647,
  "time_variance": 355.3019607843137,
  "time_complexity_corr": 0.4208107659079408,
  "lag_spike_count": 0,
  "uniformity_score": 0.8282372645760818,
  "clutch_accuracy_diff": NaN,
  "opening_entropy": 4.544507255789622,
  "novelty_depth": 5,
  "second_choice_rate": 0.2647058823529412,
  "opening_breadth": 8,
  "tb_match_rate": NaN,
  "dtz_deviation": NaN,
  "conversion_efficiency": null,
  "suspicious_quality": "False",
  "suspicious_timing": "True",
  "suspicious_opening": true,
  "overall_suspicion_score": 50.102495020331844,
  "analyzed_at": "2025-06-24 12:13:30.899676+00:00",
  "game": null
}