{
  "game_id": 268,
  "acpl": 83.91304347826087,
  "match_rate": 0.34782608695652173,
  "weighted_match_rate": 0.349120331549431,
  "ipr": 2236.304347826087,
  "ipr_z_score": 0.0,
  "precision_burst_count": 0,
  "mean_move_time": 24.08695652173913,
  "time_variance": 941.7066411849022,
  "time_complexity_corr": 0.36661920620726973,
  "lag_spike_count": 0,
  "uniformity_score": 0.2543683160158366,
  "clutch_accuracy_diff": NaN,
  "opening_entropy": 4.544507255789622,
  "novelty_depth": 5,
  "second_choice_rate": 0.21739130434782608,
  "opening_breadth": 7,
  "tb_match_rate": NaN,
  "dtz_deviation": NaN,
  "conversion_efficiency": 71,
  "suspicious_quality": "False",
  "suspicious_timing": "False",
  "suspicious_opening": true,
  "overall_suspicion_score": 36.699614093338525,
  "analyzed_at": "2025-06-24 12:08:55.780631+00:00",
  "game": null
}