{
  "game_id": 1395,
  "acpl": 4277.659574468085,
  "match_rate": 0.2765957446808511,
  "weighted_match_rate": 0.270932231368288,
  "ipr": 82.44680851063822,
  "ipr_z_score": 0.0,
  "precision_burst_count": 0,
  "mean_move_time": 1.5106382978723405,
  "time_variance": 280.46762754518414,
  "time_complexity_corr": -0.514857383399608,
  "lag_spike_count": 0,
  "uniformity_score": 0.356665385662428,
  "clutch_accuracy_diff": NaN,
  "opening_entropy": 4.544507255789622,
  "novelty_depth": 5,
  "second_choice_rate": 0.23404255319148937,
  "opening_breadth": 8,
  "tb_match_rate": NaN,
  "dtz_deviation": NaN,
  "conversion_efficiency": 78,
  "suspicious_quality": "False",
  "suspicious_timing": "False",
  "suspicious_opening": true,
  "overall_suspicion_score": -639.3968788815237,
  "analyzed_at": "2025-06-24 12:21:56.754954+00:00",
  "game": null
}