{
  "game_id": 963,
  "acpl": 2386.4883720930234,
  "match_rate": 0.37209302325581395,
  "weighted_match_rate": 0.394014725353434,
  "ipr": 1104.4302325581396,
  "ipr_z_score": 0.0,
  "precision_burst_count": 0,
  "mean_move_time": 1.4186046511627908,
  "time_variance": 739.0697674418606,
  "time_complexity_corr": -0.5646400743504374,
  "lag_spike_count": 0,
  "uniformity_score": 0.3429557513234991,
  "clutch_accuracy_diff": NaN,
  "opening_entropy": 4.544507255789622,
  "novelty_depth": 5,
  "second_choice_rate": 0.18604651162790697,
  "opening_breadth": 8,
  "tb_match_rate": NaN,
  "dtz_deviation": NaN,
  "conversion_efficiency": 64,
  "suspicious_quality": "False",
  "suspicious_timing": "False",
  "suspicious_opening": true,
  "overall_suspicion_score": -334.3578996600291,
  "analyzed_at": "2025-06-24 12:16:49.879024+00:00",
  "game": null
}