{
  "game_id": 674,
  "acpl": 58.1764705882353,
  "match_rate": 0.35294117647058826,
  "weighted_match_rate": 0.37589443028154085,
  "ipr": 2253.264705882353,
  "ipr_z_score": 0.0,
  "precision_burst_count": 0,
  "mean_move_time": 0.0,
  "time_variance": 6.08955223880597,
  "time_complexity_corr": -0.03625181263594883,
  "lag_spike_count": 0,
  "uniformity_score": 0.4158166236396001,
  "clutch_accuracy_diff": NaN,
  "opening_entropy": 4.544507255789622,
  "novelty_depth": 5,
  "second_choice_rate": 0.29411764705882354,
  "opening_breadth": 8,
  "tb_match_rate": NaN,
  "dtz_deviation": NaN,
  "conversion_efficiency": null,
  "suspicious_quality": "False",
  "suspicious_timing": "False",
  "suspicious_opening": true,
  "overall_suspicion_score": 38.6354997824029,
  "analyzed_at": "2025-06-24 12:13:32.220212+00:00",
  "game": null
}