{
  "game_id": 895,
  "acpl": 64.3157894736842,
  "match_rate": 0.23684210526315788,
  "weighted_match_rate": 0.25251578219639126,
  "ipr": 2157.315789473684,
  "ipr_z_score": 0.0,
  "precision_burst_count": 0,
  "mean_move_time": 15.947368421052632,
  "time_variance": 80.6859532938306,
  "time_complexity_corr": 0.19579611734707122,
  "lag_spike_count": 0,
  "uniformity_score": 0.29102255137363797,
  "clutch_accuracy_diff": NaN,
  "opening_entropy": 4.544507255789622,
  "novelty_depth": 5,
  "second_choice_rate": 0.10526315789473684,
  "opening_breadth": 8,
  "tb_match_rate": NaN,
  "dtz_deviation": NaN,
  "conversion_efficiency": null,
  "suspicious_quality": "False",
  "suspicious_timing": "False",
  "suspicious_opening": true,
  "overall_suspicion_score": 35.66700169273398,
  "analyzed_at": "2025-06-24 12:16:09.365804+00:00",
  "game": null
}