{
  "game_id": 460,
  "acpl": 2763.3698630136987,
  "match_rate": 0.3424657534246575,
  "weighted_match_rate": 0.36632479341394236,
  "ipr": 892.2876712328766,
  "ipr_z_score": 0.0,
  "precision_burst_count": 0,
  "mean_move_time": 1.356164383561644,
  "time_variance": 483.07227208313645,
  "time_complexity_corr": 0.5169152220939475,
  "lag_spike_count": 0,
  "uniformity_score": 0.3429796912122038,
  "clutch_accuracy_diff": NaN,
  "opening_entropy": 4.544507255789622,
  "novelty_depth": 5,
  "second_choice_rate": 0.1917808219178082,
  "opening_breadth": 8,
  "tb_match_rate": NaN,
  "dtz_deviation": NaN,
  "conversion_efficiency": 134,
  "suspicious_quality": "False",
  "suspicious_timing": "False",
  "suspicious_opening": true,
  "overall_suspicion_score": -388.8850051038017,
  "analyzed_at": "2025-06-24 12:11:16.909389+00:00",
  "game": null
}