{
  "game_id": 465,
  "acpl": 4422.0,
  "match_rate": 0.391304347826087,
  "weighted_match_rate": 0.4601790208003097,
  "ipr": 102.0434782608695,
  "ipr_z_score": 0.0,
  "precision_burst_count": 0,
  "mean_move_time": 5.173913043478261,
  "time_variance": 17.112279025322504,
  "time_complexity_corr": 0.4361535272176555,
  "lag_spike_count": 3,
  "uniformity_score": 0.3141054980153462,
  "clutch_accuracy_diff": NaN,
  "opening_entropy": 4.544507255789622,
  "novelty_depth": 5,
  "second_choice_rate": 0.17391304347826086,
  "opening_breadth": 8,
  "tb_match_rate": NaN,
  "dtz_deviation": NaN,
  "conversion_efficiency": null,
  "suspicious_quality": "False",
  "suspicious_timing": "False",
  "suspicious_opening": true,
  "overall_suspicion_score": -653.9239617610708,
  "analyzed_at": "2025-06-24 12:11:15.415167+00:00",
  "game": null
}