{
  "game_id": 1319,
  "acpl": 4218.833333333333,
  "match_rate": 0.4583333333333333,
  "weighted_match_rate": 0.510832653581533,
  "ipr": 257.25,
  "ipr_z_score": 0.0,
  "precision_burst_count": 0,
  "mean_move_time": 6.0,
  "time_variance": 40.084210526315786,
  "time_complexity_corr": 0.2740417854082072,
  "lag_spike_count": 3,
  "uniformity_score": 0.2714370441144614,
  "clutch_accuracy_diff": NaN,
  "opening_entropy": 4.544507255789622,
  "novelty_depth": 5,
  "second_choice_rate": 0.16666666666666666,
  "opening_breadth": 8,
  "tb_match_rate": NaN,
  "dtz_deviation": NaN,
  "conversion_efficiency": null,
  "suspicious_quality": "False",
  "suspicious_timing": "False",
  "suspicious_opening": true,
  "overall_suspicion_score": -622.5648561213216,
  "analyzed_at": "2025-06-24 12:21:04.912345+00:00",
  "game": null
}