{
  "game_id": 172,
  "acpl": 3048.313432835821,
  "match_rate": 0.3283582089552239,
  "weighted_match_rate": 0.32986012927957753,
  "ipr": 738.5298507462685,
  "ipr_z_score": 0.0,
  "precision_burst_count": 0,
  "mean_move_time": 1.0149253731343284,
  "time_variance": 61.63887330265963,
  "time_complexity_corr": -0.6098375778738132,
  "lag_spike_count": 0,
  "uniformity_score": 0.3818621925273189,
  "clutch_accuracy_diff": NaN,
  "opening_entropy": 4.544507255789622,
  "novelty_depth": 5,
  "second_choice_rate": 0.208955223880597,
  "opening_breadth": 8,
  "tb_match_rate": NaN,
  "dtz_deviation": NaN,
  "conversion_efficiency": 113,
  "suspicious_quality": "False",
  "suspicious_timing": "False",
  "suspicious_opening": true,
  "overall_suspicion_score": -441.0582517883223,
  "analyzed_at": "2025-06-24 12:08:02.314758+00:00",
  "game": null
}