{
  "game_id": 1093,
  "acpl": 80.19354838709677,
  "match_rate": 0.3225806451612903,
  "weighted_match_rate": 0.3220515517414275,
  "ipr": 2217.967741935484,
  "ipr_z_score": 0.0,
  "precision_burst_count": 0,
  "mean_move_time": 40.38709677419355,
  "time_variance": 697.2147915027538,
  "time_complexity_corr": 0.272249396646926,
  "lag_spike_count": 0,
  "uniformity_score": 0.2707796062123258,
  "clutch_accuracy_diff": NaN,
  "opening_entropy": 4.544507255789622,
  "novelty_depth": 5,
  "second_choice_rate": 0.3548387096774194,
  "opening_breadth": 8,
  "tb_match_rate": NaN,
  "dtz_deviation": NaN,
  "conversion_efficiency": 114,
  "suspicious_quality": "False",
  "suspicious_timing": "False",
  "suspicious_opening": true,
  "overall_suspicion_score": 35.69248115663778,
  "analyzed_at": "2025-06-24 12:18:30.879205+00:00",
  "game": null
}