{
  "game_id": 1036,
  "acpl": 54.607594936708864,
  "match_rate": 0.35443037974683544,
  "weighted_match_rate": 0.3491471232418828,
  "ipr": 2256.240506329114,
  "ipr_z_score": 0.0,
  "precision_burst_count": 0,
  "mean_move_time": 1.3417721518987342,
  "time_variance": 83.6658872853342,
  "time_complexity_corr": -0.07385119819769162,
  "lag_spike_count": 6,
  "uniformity_score": 0.3343415823323813,
  "clutch_accuracy_diff": NaN,
  "opening_entropy": 4.544507255789622,
  "novelty_depth": 5,
  "second_choice_rate": 0.17721518987341772,
  "opening_breadth": 8,
  "tb_match_rate": NaN,
  "dtz_deviation": NaN,
  "conversion_efficiency": null,
  "suspicious_quality": "False",
  "suspicious_timing": "False",
  "suspicious_opening": true,
  "overall_suspicion_score": 37.88498462514597,
  "analyzed_at": "2025-06-24 12:17:47.925416+00:00",
  "game": null
}