{
  "game_id": 588,
  "acpl": 36.56410256410256,
  "match_rate": 0.2564102564102564,
  "weighted_match_rate": 0.22783498422802423,
  "ipr": 2186.846153846154,
  "ipr_z_score": 0.0,
  "precision_burst_count": 0,
  "mean_move_time": 1.0512820512820513,
  "time_variance": 317.5557775557775,
  "time_complexity_corr": -0.5199473002541466,
  "lag_spike_count": 0,
  "uniformity_score": 0.3469684464870023,
  "clutch_accuracy_diff": NaN,
  "opening_entropy": 4.544507255789622,
  "novelty_depth": 5,
  "second_choice_rate": 0.23076923076923078,
  "opening_breadth": 8,
  "tb_match_rate": NaN,
  "dtz_deviation": NaN,
  "conversion_efficiency": null,
  "suspicious_quality": "False",
  "suspicious_timing": "False",
  "suspicious_opening": true,
  "overall_suspicion_score": 38.29779205849049,
  "analyzed_at": "2025-06-24 12:12:35.935999+00:00",
  "game": null
}