{
  "game_id": 349,
  "acpl": 114.93939393939394,
  "match_rate": 0.3333333333333333,
  "weighted_match_rate": 0.3580574891969164,
  "ipr": 2209.1969696969695,
  "ipr_z_score": 0.0,
  "precision_burst_count": 0,
  "mean_move_time": 0.9393939393939394,
  "time_variance": 331.44808491001385,
  "time_complexity_corr": -0.04061133776764098,
  "lag_spike_count": 4,
  "uniformity_score": 0.3512965908635093,
  "clutch_accuracy_diff": NaN,
  "opening_entropy": 4.544507255789622,
  "novelty_depth": 5,
  "second_choice_rate": 0.1717171717171717,
  "opening_breadth": 8,
  "tb_match_rate": NaN,
  "dtz_deviation": NaN,
  "conversion_efficiency": 166,
  "suspicious_quality": "False",
  "suspicious_timing": "False",
  "suspicious_opening": true,
  "overall_suspicion_score": 28.29759422585383,
  "analyzed_at": "2025-06-24 12:09:58.245442+00:00",
  "game": null
}