{
  "game_id": 1746,
  "acpl": 4370.704225352113,
  "match_rate": 0.30985915492957744,
  "weighted_match_rate": 0.34426633329564027,
  "ipr": 62.53521126760552,
  "ipr_z_score": 0.0,
  "precision_burst_count": 0,
  "mean_move_time": 0.8591549295774648,
  "time_variance": 80.77434821696134,
  "time_complexity_corr": -0.5460783940669811,
  "lag_spike_count": 2,
  "uniformity_score": 0.3275069324894296,
  "clutch_accuracy_diff": NaN,
  "opening_entropy": 4.544507255789622,
  "novelty_depth": 5,
  "second_choice_rate": 0.19718309859154928,
  "opening_breadth": 8,
  "tb_match_rate": NaN,
  "dtz_deviation": NaN,
  "conversion_efficiency": 108,
  "suspicious_quality": "False",
  "suspicious_timing": "False",
  "suspicious_opening": true,
  "overall_suspicion_score": -653.3693335415176,
  "analyzed_at": "2025-06-24 12:26:05.877241+00:00",
  "game": null
}