{
  "game_id": 1658,
  "acpl": 62.05882352941177,
  "match_rate": 0.47058823529411764,
  "weighted_match_rate": 0.47801474834728863,
  "ipr": 2345.4411764705883,
  "ipr_z_score": 0.0,
  "precision_burst_count": 0,
  "mean_move_time": 23.205882352941178,
  "time_variance": 174.74248366013074,
  "time_complexity_corr": 0.3760659375421915,
  "lag_spike_count": 0,
  "uniformity_score": 0.3202225570936931,
  "clutch_accuracy_diff": NaN,
  "opening_entropy": 4.544507255789622,
  "novelty_depth": 5,
  "second_choice_rate": 0.08823529411764706,
  "opening_breadth": 8,
  "tb_match_rate": NaN,
  "dtz_deviation": NaN,
  "conversion_efficiency": 107,
  "suspicious_quality": "False",
  "suspicious_timing": "False",
  "suspicious_opening": true,
  "overall_suspicion_score": 44.15743022193955,
  "analyzed_at": "2025-06-24 12:25:02.796973+00:00",
  "game": null
}