{
  "game_id": 1501,
  "acpl": 3821.735849056604,
  "match_rate": 0.32075471698113206,
  "weighted_match_rate": 0.3520655494877447,
  "ipr": 345.7358490566037,
  "ipr_z_score": 0.0,
  "precision_burst_count": 0,
  "mean_move_time": 1.6415094339622642,
  "time_variance": 863.7750224618148,
  "time_complexity_corr": -0.6607119188753331,
  "lag_spike_count": 0,
  "uniformity_score": 0.34559069515748037,
  "clutch_accuracy_diff": NaN,
  "opening_entropy": 4.544507255789622,
  "novelty_depth": 5,
  "second_choice_rate": 0.22641509433962265,
  "opening_breadth": 8,
  "tb_match_rate": NaN,
  "dtz_deviation": NaN,
  "conversion_efficiency": 88,
  "suspicious_quality": "False",
  "suspicious_timing": "False",
  "suspicious_opening": true,
  "overall_suspicion_score": -565.0840089619616,
  "analyzed_at": "2025-06-24 12:23:10.766359+00:00",
  "game": null
}