{
  "game_id": 941,
  "acpl": 2302.25,
  "match_rate": 0.3181818181818182,
  "weighted_match_rate": 0.31542359709055096,
  "ipr": 1103.4204545454545,
  "ipr_z_score": 0.0,
  "precision_burst_count": 0,
  "mean_move_time": 27.795454545454547,
  "time_variance": 281.5807792207792,
  "time_complexity_corr": -0.6849721251287973,
  "lag_spike_count": 0,
  "uniformity_score": 0.17156037830140103,
  "clutch_accuracy_diff": NaN,
  "opening_entropy": 4.544507255789622,
  "novelty_depth": 5,
  "second_choice_rate": 0.18181818181818182,
  "opening_breadth": 8,
  "tb_match_rate": NaN,
  "dtz_deviation": NaN,
  "conversion_efficiency": null,
  "suspicious_quality": "False",
  "suspicious_timing": "False",
  "suspicious_opening": true,
  "overall_suspicion_score": -324.61223028796417,
  "analyzed_at": "2025-06-24 12:16:43.581077+00:00",
  "game": null
}