{
  "game_id": 1391,
  "acpl": 72.33333333333333,
  "match_rate": 0.2222222222222222,
  "weighted_match_rate": 0.21571945238511178,
  "ipr": 2141.6111111111113,
  "ipr_z_score": 0.0,
  "precision_burst_count": 0,
  "mean_move_time": 0.3333333333333333,
  "time_variance": 9.647058823529411,
  "time_complexity_corr": -0.28018282506059716,
  "lag_spike_count": 1,
  "uniformity_score": 0.4268113987268576,
  "clutch_accuracy_diff": NaN,
  "opening_entropy": 4.544507255789622,
  "novelty_depth": 5,
  "second_choice_rate": 0.1111111111111111,
  "opening_breadth": 8,
  "tb_match_rate": NaN,
  "dtz_deviation": NaN,
  "conversion_efficiency": null,
  "suspicious_quality": "False",
  "suspicious_timing": "False",
  "suspicious_opening": true,
  "overall_suspicion_score": 33.0171092460404,
  "analyzed_at": "2025-06-24 12:21:50.952259+00:00",
  "game": null
}