{
  "game_id": 1013,
  "acpl": 2608.0,
  "match_rate": 0.4358974358974359,
  "weighted_match_rate": 0.42037945416067496,
  "ipr": 1044.7179487179487,
  "ipr_z_score": 0.0,
  "precision_burst_count": 0,
  "mean_move_time": 0.10256410256410256,
  "time_variance": 678.5867465867467,
  "time_complexity_corr": 0.578224441198465,
  "lag_spike_count": 0,
  "uniformity_score": 0.35907155445006295,
  "clutch_accuracy_diff": NaN,
  "opening_entropy": 4.544507255789622,
  "novelty_depth": 5,
  "second_choice_rate": 0.1794871794871795,
  "opening_breadth": 8,
  "tb_match_rate": NaN,
  "dtz_deviation": NaN,
  "conversion_efficiency": 58,
  "suspicious_quality": "False",
  "suspicious_timing": "False",
  "suspicious_opening": true,
  "overall_suspicion_score": -361.288477373696,
  "analyzed_at": "2025-06-24 12:17:31.270214+00:00",
  "game": null
}