{
  "game_id": 1006,
  "acpl": 1678.2857142857142,
  "match_rate": 0.4126984126984127,
  "weighted_match_rate": 0.41267178101230845,
  "ipr": 1491.015873015873,
  "ipr_z_score": 0.0,
  "precision_burst_count": 0,
  "mean_move_time": 1.3968253968253967,
  "time_variance": 196.75326984126983,
  "time_complexity_corr": 0.65073412538822,
  "lag_spike_count": 0,
  "uniformity_score": 0.342745064584948,
  "clutch_accuracy_diff": NaN,
  "opening_entropy": 4.544507255789622,
  "novelty_depth": 5,
  "second_choice_rate": 0.14285714285714285,
  "opening_breadth": 8,
  "tb_match_rate": NaN,
  "dtz_deviation": NaN,
  "conversion_efficiency": 94,
  "suspicious_quality": "False",
  "suspicious_timing": "False",
  "suspicious_opening": true,
  "overall_suspicion_score": -212.20278208652104,
  "analyzed_at": "2025-06-24 12:17:29.867576+00:00",
  "game": null
}