{
  "game_id": 494,
  "acpl": 2926.0,
  "match_rate": 0.37142857142857144,
  "weighted_match_rate": 0.3759501967300033,
  "ipr": 834.1428571428571,
  "ipr_z_score": 0.0,
  "precision_burst_count": 0,
  "mean_move_time": 4.085714285714285,
  "time_variance": 290.43864337101746,
  "time_complexity_corr": -0.3160523385245015,
  "lag_spike_count": 0,
  "uniformity_score": 0.32045683091326876,
  "clutch_accuracy_diff": NaN,
  "opening_entropy": 4.544507255789622,
  "novelty_depth": 5,
  "second_choice_rate": 0.14285714285714285,
  "opening_breadth": 8,
  "tb_match_rate": NaN,
  "dtz_deviation": NaN,
  "conversion_efficiency": null,
  "suspicious_quality": "False",
  "suspicious_timing": "False",
  "suspicious_opening": true,
  "overall_suspicion_score": -421.1857443956813,
  "analyzed_at": "2025-06-24 12:11:34.296599+00:00",
  "game": null
}