{
  "game_id": 788,
  "acpl": 66.80851063829788,
  "match_rate": 0.23404255319148937,
  "weighted_match_rate": 0.23200118877899278,
  "ipr": 2153.8297872340427,
  "ipr_z_score": 0.0,
  "precision_burst_count": 0,
  "mean_move_time": 10.212765957446809,
  "time_variance": 34.735237228353625,
  "time_complexity_corr": 0.32821722642387896,
  "lag_spike_count": 3,
  "uniformity_score": 0.2689886704203249,
  "clutch_accuracy_diff": NaN,
  "opening_entropy": 4.544507255789622,
  "novelty_depth": 5,
  "second_choice_rate": 0.14893617021276595,
  "opening_breadth": 8,
  "tb_match_rate": NaN,
  "dtz_deviation": NaN,
  "conversion_efficiency": null,
  "suspicious_quality": "False",
  "suspicious_timing": "False",
  "suspicious_opening": true,
  "overall_suspicion_score": 36.36823691207067,
  "analyzed_at": "2025-06-24 12:14:58.154985+00:00",
  "game": null
}