{
  "game_id": 843,
  "acpl": 2785.108108108108,
  "match_rate": 0.2702702702702703,
  "weighted_match_rate": 0.28311366958907547,
  "ipr": 823.6621621621623,
  "ipr_z_score": 0.0,
  "precision_burst_count": 0,
  "mean_move_time": -10.837837837837839,
  "time_variance": 65.17080345651776,
  "time_complexity_corr": -0.1299243214559935,
  "lag_spike_count": 0,
  "uniformity_score": 0.5403778358419814,
  "clutch_accuracy_diff": NaN,
  "opening_entropy": 4.544507255789622,
  "novelty_depth": 6,
  "second_choice_rate": 0.08108108108108109,
  "opening_breadth": 7,
  "tb_match_rate": NaN,
  "dtz_deviation": NaN,
  "conversion_efficiency": null,
  "suspicious_quality": "False",
  "suspicious_timing": "False",
  "suspicious_opening": true,
  "overall_suspicion_score": -398.62196707096035,
  "analyzed_at": "2025-06-24 12:15:33.460286+00:00",
  "game": null
}