{
  "game_id": 198,
  "acpl": 15164.84761904762,
  "match_rate": 0.3142857142857143,
  "weighted_match_rate": 0.38044016822964677,
  "ipr": -5330.995238095238,
  "ipr_z_score": 0.0,
  "precision_burst_count": 0,
  "mean_move_time": 0.7428571428571429,
  "time_variance": 2196.9000683527,
  "time_complexity_corr": 0.7624059342148392,
  "lag_spike_count": 0,
  "uniformity_score": 0.34709358356973297,
  "clutch_accuracy_diff": NaN,
  "opening_entropy": 4.544507255789622,
  "novelty_depth": 5,
  "second_choice_rate": 0.2,
  "opening_breadth": 8,
  "tb_match_rate": NaN,
  "dtz_deviation": NaN,
  "conversion_efficiency": 190,
  "suspicious_quality": "False",
  "suspicious_timing": "True",
  "suspicious_opening": true,
  "overall_suspicion_score": -2370.1701644851278,
  "analyzed_at": "2025-06-24 12:08:09.798944+00:00",
  "game": null
}