{
  "game_id": 909,
  "acpl": 2833.335195530726,
  "match_rate": 0.39106145251396646,
  "weighted_match_rate": 0.39263810059635024,
  "ipr": 896.18156424581,
  "ipr_z_score": 0.0,
  "precision_burst_count": 0,
  "mean_move_time": 0.5810055865921788,
  "time_variance": 1443.157285260473,
  "time_complexity_corr": -0.35365205838324787,
  "lag_spike_count": 0,
  "uniformity_score": 0.34262945415679386,
  "clutch_accuracy_diff": NaN,
  "opening_entropy": 4.544507255789622,
  "novelty_depth": 5,
  "second_choice_rate": 0.13966480446927373,
  "opening_breadth": 8,
  "tb_match_rate": NaN,
  "dtz_deviation": NaN,
  "conversion_efficiency": 336,
  "suspicious_quality": "False",
  "suspicious_timing": "False",
  "suspicious_opening": true,
  "overall_suspicion_score": -405.6463684706325,
  "analyzed_at": "2025-06-24 12:16:24.286656+00:00",
  "game": null
}