{
  "game_id": 1628,
  "acpl": 57.23076923076923,
  "match_rate": 0.15384615384615385,
  "weighted_match_rate": 0.15124039770192632,
  "ipr": 2094.4615384615386,
  "ipr_z_score": 0.0,
  "precision_burst_count": 0,
  "mean_move_time": 1.4615384615384615,
  "time_variance": 1.0377073906485672,
  "time_complexity_corr": -0.20555160419783663,
  "lag_spike_count": 0,
  "uniformity_score": 0.434584376466011,
  "clutch_accuracy_diff": NaN,
  "opening_entropy": 4.544507255789622,
  "novelty_depth": 5,
  "second_choice_rate": 0.15384615384615385,
  "opening_breadth": 8,
  "tb_match_rate": NaN,
  "dtz_deviation": NaN,
  "conversion_efficiency": null,
  "suspicious_quality": "False",
  "suspicious_timing": "False",
  "suspicious_opening": true,
  "overall_suspicion_score": 33.93642024747902,
  "analyzed_at": "2025-06-24 12:24:38.722691+00:00",
  "game": null
}