{
  "game_id": 723,
  "acpl": 67.64150943396227,
  "match_rate": 0.37735849056603776,
  "weighted_match_rate": 0.38450595734338694,
  "ipr": 2268.066037735849,
  "ipr_z_score": 0.0,
  "precision_burst_count": 0,
  "mean_move_time": -6.169811320754717,
  "time_variance": 14.776714656174551,
  "time_complexity_corr": 0.04505686203704744,
  "lag_spike_count": 0,
  "uniformity_score": 0.5406614489191939,
  "clutch_accuracy_diff": NaN,
  "opening_entropy": 4.544507255789622,
  "novelty_depth": 5,
  "second_choice_rate": 0.3018867924528302,
  "opening_breadth": 8,
  "tb_match_rate": NaN,
  "dtz_deviation": NaN,
  "conversion_efficiency": null,
  "suspicious_quality": "False",
  "suspicious_timing": "False",
  "suspicious_opening": true,
  "overall_suspicion_score": 39.64121075243215,
  "analyzed_at": "2025-06-24 12:14:15.169186+00:00",
  "game": null
}