{
  "game_id": 938,
  "acpl": 16.5,
  "match_rate": 0.6428571428571429,
  "weighted_match_rate": 0.6400102935127308,
  "ipr": 2506.035714285714,
  "ipr_z_score": 0.0,
  "precision_burst_count": 0,
  "mean_move_time": 2.357142857142857,
  "time_variance": 23.506493506493502,
  "time_complexity_corr": 0.06293054469986095,
  "lag_spike_count": 3,
  "uniformity_score": 0.37753136138438487,
  "clutch_accuracy_diff": NaN,
  "opening_entropy": 4.544507255789622,
  "novelty_depth": 5,
  "second_choice_rate": 0.14285714285714285,
  "opening_breadth": 8,
  "tb_match_rate": NaN,
  "dtz_deviation": NaN,
  "conversion_efficiency": null,
  "suspicious_quality": "True",
  "suspicious_timing": "False",
  "suspicious_opening": true,
  "overall_suspicion_score": 52.260183062491556,
  "analyzed_at": "2025-06-24 12:16:34.791230+00:00",
  "game": null
}