{
  "game_id": 755,
  "acpl": 78.54545454545455,
  "match_rate": 0.4090909090909091,
  "weighted_match_rate": 0.4343626999563541,
  "ipr": 2288.0,
  "ipr_z_score": 0.0,
  "precision_burst_count": 0,
  "mean_move_time": 47.31818181818182,
  "time_variance": 563.2539184952979,
  "time_complexity_corr": 0.002275349667052243,
  "lag_spike_count": 0,
  "uniformity_score": 0.246178378383826,
  "clutch_accuracy_diff": NaN,
  "opening_entropy": 4.544507255789622,
  "novelty_depth": 5,
  "second_choice_rate": 0.09090909090909091,
  "opening_breadth": 8,
  "tb_match_rate": NaN,
  "dtz_deviation": NaN,
  "conversion_efficiency": null,
  "suspicious_quality": "False",
  "suspicious_timing": "False",
  "suspicious_opening": true,
  "overall_suspicion_score": 34.659842181930415,
  "analyzed_at": "2025-06-24 12:14:31.794739+00:00",
  "game": null
}