{
  "game_id": 831,
  "acpl": 4502.533333333334,
  "match_rate": 0.37777777777777777,
  "weighted_match_rate": 0.3716508112245082,
  "ipr": 50.95555555555529,
  "ipr_z_score": 0.0,
  "precision_burst_count": 0,
  "mean_move_time": 1.0222222222222221,
  "time_variance": 11.168039950062422,
  "time_complexity_corr": -0.103325656951173,
  "lag_spike_count": 2,
  "uniformity_score": 0.3220201443385861,
  "clutch_accuracy_diff": NaN,
  "opening_entropy": 4.544507255789622,
  "novelty_depth": 5,
  "second_choice_rate": 0.1111111111111111,
  "opening_breadth": 8,
  "tb_match_rate": NaN,
  "dtz_deviation": NaN,
  "conversion_efficiency": 68,
  "suspicious_quality": "False",
  "suspicious_timing": "False",
  "suspicious_opening": true,
  "overall_suspicion_score": -673.3869384610737,
  "analyzed_at": "2025-06-24 12:15:22.939145+00:00",
  "game": null
}