{
  "game_id": 682,
  "acpl": 41.526315789473685,
  "match_rate": 0.3157894736842105,
  "weighted_match_rate": 0.36459990854328156,
  "ipr": 2231.8684210526317,
  "ipr_z_score": 0.0,
  "precision_burst_count": 0,
  "mean_move_time": -38.473684210526315,
  "time_variance": 768.3569187870338,
  "time_complexity_corr": -0.08778103708633427,
  "lag_spike_count": 0,
  "uniformity_score": 0.8282372645760818,
  "clutch_accuracy_diff": NaN,
  "opening_entropy": 4.544507255789622,
  "novelty_depth": 5,
  "second_choice_rate": 0.21052631578947367,
  "opening_breadth": 8,
  "tb_match_rate": NaN,
  "dtz_deviation": NaN,
  "conversion_efficiency": null,
  "suspicious_quality": "False",
  "suspicious_timing": "False",
  "suspicious_opening": true,
  "overall_suspicion_score": 45.873427867615135,
  "analyzed_at": "2025-06-24 12:13:47.833676+00:00",
  "game": null
}