{
  "game_id": 87,
  "acpl": 74.85714285714286,
  "match_rate": 0.2619047619047619,
  "weighted_match_rate": 0.2624650067025658,
  "ipr": 2172.095238095238,
  "ipr_z_score": 0.0,
  "precision_burst_count": 0,
  "mean_move_time": 25.261904761904763,
  "time_variance": 284.1705161106359,
  "time_complexity_corr": 0.4044226872280358,
  "lag_spike_count": 0,
  "uniformity_score": 0.3774819588578767,
  "clutch_accuracy_diff": NaN,
  "opening_entropy": 4.544507255789622,
  "novelty_depth": 5,
  "second_choice_rate": 0.11904761904761904,
  "opening_breadth": 8,
  "tb_match_rate": NaN,
  "dtz_deviation": NaN,
  "conversion_efficiency": 141,
  "suspicious_quality": "False",
  "suspicious_timing": "False",
  "suspicious_opening": true,
  "overall_suspicion_score": 38.08910244221898,
  "analyzed_at": "2025-06-24 12:07:04.824546+00:00",
  "game": null
}