{
  "game_id": 1409,
  "acpl": 2885.285714285714,
  "match_rate": 0.2571428571428571,
  "weighted_match_rate": 0.2863789052737449,
  "ipr": 763.0714285714287,
  "ipr_z_score": 0.0,
  "precision_burst_count": 0,
  "mean_move_time": 4.057142857142857,
  "time_variance": 188.8312435765673,
  "time_complexity_corr": -0.07934385938839232,
  "lag_spike_count": 0,
  "uniformity_score": 0.420527544894675,
  "clutch_accuracy_diff": NaN,
  "opening_entropy": 4.544507255789622,
  "novelty_depth": 5,
  "second_choice_rate": 0.14285714285714285,
  "opening_breadth": 8,
  "tb_match_rate": NaN,
  "dtz_deviation": NaN,
  "conversion_efficiency": null,
  "suspicious_quality": "False",
  "suspicious_timing": "False",
  "suspicious_opening": true,
  "overall_suspicion_score": -415.8668588255316,
  "analyzed_at": "2025-06-24 12:22:09.107352+00:00",
  "game": null
}