{
  "game_id": 819,
  "acpl": 2272.511111111111,
  "match_rate": 0.3333333333333333,
  "weighted_match_rate": 0.32191378558690575,
  "ipr": 1130.411111111111,
  "ipr_z_score": 0.0,
  "precision_burst_count": 0,
  "mean_move_time": 0.35555555555555557,
  "time_variance": 17.355305867665418,
  "time_complexity_corr": -0.09480622133184864,
  "lag_spike_count": 2,
  "uniformity_score": 0.39062882385524283,
  "clutch_accuracy_diff": NaN,
  "opening_entropy": 4.544507255789622,
  "novelty_depth": 5,
  "second_choice_rate": 0.17777777777777778,
  "opening_breadth": 8,
  "tb_match_rate": NaN,
  "dtz_deviation": NaN,
  "conversion_efficiency": 68,
  "suspicious_quality": "False",
  "suspicious_timing": "False",
  "suspicious_opening": true,
  "overall_suspicion_score": -316.85595205254435,
  "analyzed_at": "2025-06-24 12:15:16.791080+00:00",
  "game": null
}