{
  "game_id": 394,
  "acpl": 18793.428571428572,
  "match_rate": 0.47619047619047616,
  "weighted_match_rate": 0.5840140595770155,
  "ipr": -7015.761904761905,
  "ipr_z_score": 0.0,
  "precision_burst_count": 0,
  "mean_move_time": 50.095238095238095,
  "time_variance": 1464.2799770510615,
  "time_complexity_corr": 0.6632991295939678,
  "lag_spike_count": 0,
  "uniformity_score": 0.2583765764183336,
  "clutch_accuracy_diff": NaN,
  "opening_entropy": 4.544507255789622,
  "novelty_depth": 5,
  "second_choice_rate": 0.14285714285714285,
  "opening_breadth": 8,
  "tb_match_rate": NaN,
  "dtz_deviation": NaN,
  "conversion_efficiency": null,
  "suspicious_quality": "False",
  "suspicious_timing": "False",
  "suspicious_opening": true,
  "overall_suspicion_score": -2948.705170674208,
  "analyzed_at": "2025-06-24 12:10:26.799990+00:00",
  "game": null
}