{
  "game_id": 1813,
  "acpl": 32.901234567901234,
  "match_rate": 0.32098765432098764,
  "weighted_match_rate": 0.3248821108235886,
  "ipr": 2240.3395061728397,
  "ipr_z_score": 0.0,
  "precision_burst_count": 0,
  "mean_move_time": 0.7037037037037037,
  "time_variance": 49.30296756383713,
  "time_complexity_corr": -0.08220914970814762,
  "lag_spike_count": 2,
  "uniformity_score": 0.34329377829107466,
  "clutch_accuracy_diff": NaN,
  "opening_entropy": 4.544507255789622,
  "novelty_depth": 5,
  "second_choice_rate": 0.18518518518518517,
  "opening_breadth": 8,
  "tb_match_rate": NaN,
  "dtz_deviation": NaN,
  "conversion_efficiency": 123,
  "suspicious_quality": "False",
  "suspicious_timing": "False",
  "suspicious_opening": true,
  "overall_suspicion_score": 40.77741187950916,
  "analyzed_at": "2025-06-24 12:26:49.230585+00:00",
  "game": null
}