{
  "game_id": 790,
  "acpl": 55.264150943396224,
  "match_rate": 0.2830188679245283,
  "weighted_match_rate": 0.2956549548282187,
  "ipr": 2198.7830188679245,
  "ipr_z_score": 0.0,
  "precision_burst_count": 0,
  "mean_move_time": -18.58490566037736,
  "time_variance": 101.05910757399623,
  "time_complexity_corr": 0.2618059694481771,
  "lag_spike_count": 0,
  "uniformity_score": 0.8943502263331449,
  "clutch_accuracy_diff": NaN,
  "opening_entropy": 4.544507255789622,
  "novelty_depth": 5,
  "second_choice_rate": 0.16981132075471697,
  "opening_breadth": 8,
  "tb_match_rate": NaN,
  "dtz_deviation": NaN,
  "conversion_efficiency": null,
  "suspicious_quality": "False",
  "suspicious_timing": "True",
  "suspicious_opening": true,
  "overall_suspicion_score": 46.55377416935609,
  "analyzed_at": "2025-06-24 12:15:00.840749+00:00",
  "game": null
}