{
  "game_id": 1177,
  "acpl": 2511.3493975903616,
  "match_rate": 0.3493975903614458,
  "weighted_match_rate": 0.36720388078916244,
  "ipr": 1023.8433734939758,
  "ipr_z_score": 0.0,
  "precision_burst_count": 0,
  "mean_move_time": 1.2048192771084338,
  "time_variance": 635.1941584519898,
  "time_complexity_corr": -0.05166951587725144,
  "lag_spike_count": 0,
  "uniformity_score": 0.32721840882651204,
  "clutch_accuracy_diff": NaN,
  "opening_entropy": 4.544507255789622,
  "novelty_depth": 5,
  "second_choice_rate": 0.20481927710843373,
  "opening_breadth": 7,
  "tb_match_rate": NaN,
  "dtz_deviation": NaN,
  "conversion_efficiency": 139,
  "suspicious_quality": "False",
  "suspicious_timing": "False",
  "suspicious_opening": true,
  "overall_suspicion_score": -355.1264558503192,
  "analyzed_at": "2025-06-24 12:19:30.902861+00:00",
  "game": null
}