{
  "game_id": 1408,
  "acpl": 2164.31914893617,
  "match_rate": 0.2978723404255319,
  "weighted_match_rate": 0.30064095868918583,
  "ipr": 1156.1382978723404,
  "ipr_z_score": 0.0,
  "precision_burst_count": 0,
  "mean_move_time": 1.446808510638298,
  "time_variance": 351.9057423930451,
  "time_complexity_corr": -0.6565734350850588,
  "lag_spike_count": 0,
  "uniformity_score": 0.35521169313261386,
  "clutch_accuracy_diff": NaN,
  "opening_entropy": 4.544507255789622,
  "novelty_depth": 5,
  "second_choice_rate": 0.0851063829787234,
  "opening_breadth": 8,
  "tb_match_rate": NaN,
  "dtz_deviation": NaN,
  "conversion_efficiency": 71,
  "suspicious_quality": "False",
  "suspicious_timing": "False",
  "suspicious_opening": true,
  "overall_suspicion_score": -300.6687580762529,
  "analyzed_at": "2025-06-24 12:22:05.744221+00:00",
  "game": null
}