{
  "game_id": 1131,
  "acpl": 36.0,
  "match_rate": 0.37142857142857144,
  "weighted_match_rate": 0.37447582961955905,
  "ipr": 2279.1428571428573,
  "ipr_z_score": 0.0,
  "precision_burst_count": 0,
  "mean_move_time": 6.857142857142857,
  "time_variance": 175.89311408016442,
  "time_complexity_corr": 0.5604281260338871,
  "lag_spike_count": 3,
  "uniformity_score": 0.3358449462084835,
  "clutch_accuracy_diff": NaN,
  "opening_entropy": 4.544507255789622,
  "novelty_depth": 5,
  "second_choice_rate": 0.2571428571428571,
  "opening_breadth": 8,
  "tb_match_rate": NaN,
  "dtz_deviation": NaN,
  "conversion_efficiency": null,
  "suspicious_quality": "False",
  "suspicious_timing": "False",
  "suspicious_opening": true,
  "overall_suspicion_score": 48.3942662156072,
  "analyzed_at": "2025-06-24 12:18:52.580825+00:00",
  "game": null
}