{
  "game_id": 1752,
  "acpl": 49.25373134328358,
  "match_rate": 0.417910447761194,
  "weighted_match_rate": 0.42741965368443213,
  "ipr": 2309.7014925373132,
  "ipr_z_score": 0.0,
  "precision_burst_count": 0,
  "mean_move_time": 1.1044776119402986,
  "time_variance": 69.26719784535968,
  "time_complexity_corr": 0.01650121056441857,
  "lag_spike_count": 0,
  "uniformity_score": 0.34244935083472455,
  "clutch_accuracy_diff": NaN,
  "opening_entropy": 4.544507255789622,
  "novelty_depth": 5,
  "second_choice_rate": 0.208955223880597,
  "opening_breadth": 8,
  "tb_match_rate": NaN,
  "dtz_deviation": NaN,
  "conversion_efficiency": null,
  "suspicious_quality": "False",
  "suspicious_timing": "False",
  "suspicious_opening": true,
  "overall_suspicion_score": 40.75024621991143,
  "analyzed_at": "2025-06-24 12:26:06.971379+00:00",
  "game": null
}