{
  "game_id": 869,
  "acpl": 6620.828947368421,
  "match_rate": 0.27631578947368424,
  "weighted_match_rate": 0.2783216956194271,
  "ipr": -1089.361842105263,
  "ipr_z_score": 0.0,
  "precision_burst_count": 0,
  "mean_move_time": 11.802631578947368,
  "time_variance": 167.57807886051762,
  "time_complexity_corr": 0.7764900910867137,
  "lag_spike_count": 0,
  "uniformity_score": 0.27235171950710785,
  "clutch_accuracy_diff": NaN,
  "opening_entropy": 4.544507255789622,
  "novelty_depth": 5,
  "second_choice_rate": 0.11842105263157894,
  "opening_breadth": 8,
  "tb_match_rate": NaN,
  "dtz_deviation": NaN,
  "conversion_efficiency": 278,
  "suspicious_quality": "False",
  "suspicious_timing": "True",
  "suspicious_opening": true,
  "overall_suspicion_score": -1005.5664591254072,
  "analyzed_at": "2025-06-24 12:15:57.050370+00:00",
  "game": null
}