{
  "game_id": 726,
  "acpl": 44.392857142857146,
  "match_rate": 0.32142857142857145,
  "weighted_match_rate": 0.32575602349043203,
  "ipr": 2234.9464285714284,
  "ipr_z_score": 0.0,
  "precision_burst_count": 0,
  "mean_move_time": 20.714285714285715,
  "time_variance": 238.1158301158301,
  "time_complexity_corr": 0.23303105248694697,
  "lag_spike_count": 0,
  "uniformity_score": 0.17646910076911282,
  "clutch_accuracy_diff": NaN,
  "opening_entropy": 4.544507255789622,
  "novelty_depth": 5,
  "second_choice_rate": 0.14285714285714285,
  "opening_breadth": 8,
  "tb_match_rate": NaN,
  "dtz_deviation": NaN,
  "conversion_efficiency": null,
  "suspicious_quality": "False",
  "suspicious_timing": "False",
  "suspicious_opening": true,
  "overall_suspicion_score": 39.78210991187164,
  "analyzed_at": "2025-06-24 12:14:11.894410+00:00",
  "game": null
}