{
  "game_id": 996,
  "acpl": 70.08333333333333,
  "match_rate": 0.4166666666666667,
  "weighted_match_rate": 0.4276898177270907,
  "ipr": 2298.2916666666665,
  "ipr_z_score": 0.0,
  "precision_burst_count": 0,
  "mean_move_time": 5.104166666666667,
  "time_variance": 183.96815008726003,
  "time_complexity_corr": -0.020856599989864864,
  "lag_spike_count": 4,
  "uniformity_score": 0.3272390077400579,
  "clutch_accuracy_diff": NaN,
  "opening_entropy": 4.544507255789622,
  "novelty_depth": 6,
  "second_choice_rate": 0.08333333333333333,
  "opening_breadth": 7,
  "tb_match_rate": NaN,
  "dtz_deviation": NaN,
  "conversion_efficiency": null,
  "suspicious_quality": "False",
  "suspicious_timing": "False",
  "suspicious_opening": true,
  "overall_suspicion_score": 36.60943207614248,
  "analyzed_at": "2025-06-24 12:17:18.886296+00:00",
  "game": null
}