{
  "game_id": 1605,
  "acpl": 1879.1636363636364,
  "match_rate": 0.34545454545454546,
  "weighted_match_rate": 0.3327205767823281,
  "ipr": 1336.7818181818182,
  "ipr_z_score": 0.0,
  "precision_burst_count": 0,
  "mean_move_time": 0.8363636363636363,
  "time_variance": 63.697748123436206,
  "time_complexity_corr": -0.012940903351816717,
  "lag_spike_count": 2,
  "uniformity_score": 0.3797834442172555,
  "clutch_accuracy_diff": NaN,
  "opening_entropy": 4.544507255789622,
  "novelty_depth": 5,
  "second_choice_rate": 0.16363636363636364,
  "opening_breadth": 8,
  "tb_match_rate": NaN,
  "dtz_deviation": NaN,
  "conversion_efficiency": 82,
  "suspicious_quality": "False",
  "suspicious_timing": "False",
  "suspicious_opening": true,
  "overall_suspicion_score": -253.7807872986237,
  "analyzed_at": "2025-06-24 12:24:26.056421+00:00",
  "game": null
}