{
  "game_id": 1207,
  "acpl": 1338.4285714285713,
  "match_rate": 0.2857142857142857,
  "weighted_match_rate": 0.2919678246124354,
  "ipr": 1559.357142857143,
  "ipr_z_score": 0.0,
  "precision_burst_count": 0,
  "mean_move_time": 1.2207792207792207,
  "time_variance": 97.06204906204904,
  "time_complexity_corr": -0.3278036618879167,
  "lag_spike_count": 4,
  "uniformity_score": 0.33499960741000756,
  "clutch_accuracy_diff": NaN,
  "opening_entropy": 4.544507255789622,
  "novelty_depth": 5,
  "second_choice_rate": 0.18181818181818182,
  "opening_breadth": 8,
  "tb_match_rate": NaN,
  "dtz_deviation": NaN,
  "conversion_efficiency": 128,
  "suspicious_quality": "False",
  "suspicious_timing": "False",
  "suspicious_opening": true,
  "overall_suspicion_score": -169.02889101202567,
  "analyzed_at": "2025-06-24 12:19:49.981165+00:00",
  "game": null
}