{
  "game_id": 1534,
  "acpl": 31.72222222222222,
  "match_rate": 0.3888888888888889,
  "weighted_match_rate": 0.3878275063475491,
  "ipr": 2295.25,
  "ipr_z_score": 0.0,
  "precision_burst_count": 0,
  "mean_move_time": 14.61111111111111,
  "time_variance": 125.53677621283255,
  "time_complexity_corr": 0.7080948636718069,
  "lag_spike_count": 0,
  "uniformity_score": 0.3370232790035725,
  "clutch_accuracy_diff": NaN,
  "opening_entropy": 4.544507255789622,
  "novelty_depth": 5,
  "second_choice_rate": 0.16666666666666666,
  "opening_breadth": 8,
  "tb_match_rate": NaN,
  "dtz_deviation": NaN,
  "conversion_efficiency": null,
  "suspicious_quality": "True",
  "suspicious_timing": "True",
  "suspicious_opening": true,
  "overall_suspicion_score": 51.30901797072394,
  "analyzed_at": "2025-06-24 12:23:34.597608+00:00",
  "game": null
}