{
  "game_id": 413,
  "acpl": 4601.363636363636,
  "match_rate": 0.36363636363636365,
  "weighted_match_rate": 0.3365272649468653,
  "ipr": -9.772727272727025,
  "ipr_z_score": 0.0,
  "precision_burst_count": 0,
  "mean_move_time": 2.727272727272727,
  "time_variance": 41.947753396029256,
  "time_complexity_corr": 0.7154686287317213,
  "lag_spike_count": 0,
  "uniformity_score": 0.4338672663491787,
  "clutch_accuracy_diff": NaN,
  "opening_entropy": 4.544507255789622,
  "novelty_depth": 5,
  "second_choice_rate": 0.18181818181818182,
  "opening_breadth": 8,
  "tb_match_rate": NaN,
  "dtz_deviation": NaN,
  "conversion_efficiency": null,
  "suspicious_quality": "False",
  "suspicious_timing": "True",
  "suspicious_opening": true,
  "overall_suspicion_score": -679.4495195866717,
  "analyzed_at": "2025-06-24 12:10:37.798582+00:00",
  "game": null
}