{
  "game_id": 233,
  "acpl": 2470.8048780487807,
  "match_rate": 0.3902439024390244,
  "weighted_match_rate": 0.3928537111358198,
  "ipr": 1076.7926829268292,
  "ipr_z_score": 0.0,
  "precision_burst_count": 0,
  "mean_move_time": 0.975609756097561,
  "time_variance": 58.838903944595,
  "time_complexity_corr": 0.5796881379441255,
  "lag_spike_count": 2,
  "uniformity_score": 0.34611556949319916,
  "clutch_accuracy_diff": NaN,
  "opening_entropy": 4.544507255789622,
  "novelty_depth": 5,
  "second_choice_rate": 0.21951219512195122,
  "opening_breadth": 8,
  "tb_match_rate": NaN,
  "dtz_deviation": NaN,
  "conversion_efficiency": 66,
  "suspicious_quality": "False",
  "suspicious_timing": "False",
  "suspicious_opening": true,
  "overall_suspicion_score": -340.3590627819402,
  "analyzed_at": "2025-06-24 12:08:37.775085+00:00",
  "game": null
}