{
  "game_id": 1385,
  "acpl": 1656.936507936508,
  "match_rate": 0.30158730158730157,
  "weighted_match_rate": 0.30665007873953254,
  "ipr": 1412.8015873015872,
  "ipr_z_score": 0.0,
  "precision_burst_count": 0,
  "mean_move_time": 1.5555555555555556,
  "time_variance": 1866.456888888889,
  "time_complexity_corr": -0.5965753789948286,
  "lag_spike_count": 0,
  "uniformity_score": 0.35116375963655644,
  "clutch_accuracy_diff": NaN,
  "opening_entropy": 4.544507255789622,
  "novelty_depth": 5,
  "second_choice_rate": 0.1111111111111111,
  "opening_breadth": 8,
  "tb_match_rate": NaN,
  "dtz_deviation": NaN,
  "conversion_efficiency": 104,
  "suspicious_quality": "False",
  "suspicious_timing": "False",
  "suspicious_opening": true,
  "overall_suspicion_score": -219.42144571046236,
  "analyzed_at": "2025-06-24 12:21:53.633342+00:00",
  "game": null
}