{
  "game_id": 1144,
  "acpl": 70.19354838709677,
  "match_rate": 0.3870967741935484,
  "weighted_match_rate": 0.39088852812803127,
  "ipr": 2274.5806451612902,
  "ipr_z_score": 0.0,
  "precision_burst_count": 0,
  "mean_move_time": 1.3870967741935485,
  "time_variance": 183.1919619249075,
  "time_complexity_corr": -0.4395105626797761,
  "lag_spike_count": 0,
  "uniformity_score": 0.36407272881923175,
  "clutch_accuracy_diff": NaN,
  "opening_entropy": 4.544507255789622,
  "novelty_depth": 5,
  "second_choice_rate": 0.16129032258064516,
  "opening_breadth": 8,
  "tb_match_rate": NaN,
  "dtz_deviation": NaN,
  "conversion_efficiency": 50,
  "suspicious_quality": "False",
  "suspicious_timing": "False",
  "suspicious_opening": true,
  "overall_suspicion_score": 36.65576499616387,
  "analyzed_at": "2025-06-24 12:19:01.723334+00:00",
  "game": null
}