{
  "game_id": 865,
  "acpl": 3112.5538461538463,
  "match_rate": 0.36923076923076925,
  "weighted_match_rate": 0.3740446525484144,
  "ipr": 739.1076923076923,
  "ipr_z_score": 0.0,
  "precision_burst_count": 0,
  "mean_move_time": 0.9538461538461539,
  "time_variance": 97.31568276684553,
  "time_complexity_corr": -0.5366377240546075,
  "lag_spike_count": 0,
  "uniformity_score": 0.35124108966020756,
  "clutch_accuracy_diff": NaN,
  "opening_entropy": 4.544507255789622,
  "novelty_depth": 5,
  "second_choice_rate": 0.09230769230769231,
  "opening_breadth": 8,
  "tb_match_rate": NaN,
  "dtz_deviation": NaN,
  "conversion_efficiency": null,
  "suspicious_quality": "False",
  "suspicious_timing": "False",
  "suspicious_opening": true,
  "overall_suspicion_score": -450.6987967025126,
  "analyzed_at": "2025-06-24 12:15:50.912251+00:00",
  "game": null
}