{
  "game_id": 329,
  "acpl": 4659.069767441861,
  "match_rate": 0.3953488372093023,
  "weighted_match_rate": 0.38321768109715987,
  "ipr": -13.255813953488541,
  "ipr_z_score": 0.0,
  "precision_burst_count": 0,
  "mean_move_time": 0.7209302325581395,
  "time_variance": 455.5447332421341,
  "time_complexity_corr": 0.4386866931322086,
  "lag_spike_count": 2,
  "uniformity_score": 0.32883599568578464,
  "clutch_accuracy_diff": NaN,
  "opening_entropy": 4.544507255789622,
  "novelty_depth": 5,
  "second_choice_rate": 0.13953488372093023,
  "opening_breadth": 8,
  "tb_match_rate": NaN,
  "dtz_deviation": NaN,
  "conversion_efficiency": 74,
  "suspicious_quality": "False",
  "suspicious_timing": "False",
  "suspicious_opening": true,
  "overall_suspicion_score": -692.5143309607953,
  "analyzed_at": "2025-06-24 12:09:37.819434+00:00",
  "game": null
}