{
  "game_id": 438,
  "acpl": 8141.972972972973,
  "match_rate": 0.2972972972972973,
  "weighted_match_rate": 0.2978414512613138,
  "ipr": -1833.1486486486488,
  "ipr_z_score": 0.0,
  "precision_burst_count": 0,
  "mean_move_time": 1.6216216216216217,
  "time_variance": 778.2658274713069,
  "time_complexity_corr": -0.10413085509693235,
  "lag_spike_count": 2,
  "uniformity_score": 0.3169007494813531,
  "clutch_accuracy_diff": NaN,
  "opening_entropy": 4.544507255789622,
  "novelty_depth": 5,
  "second_choice_rate": 0.21621621621621623,
  "opening_breadth": 8,
  "tb_match_rate": NaN,
  "dtz_deviation": NaN,
  "conversion_efficiency": 57,
  "suspicious_quality": "False",
  "suspicious_timing": "False",
  "suspicious_opening": true,
  "overall_suspicion_score": -1257.6127513244555,
  "analyzed_at": "2025-06-24 12:10:52.944890+00:00",
  "game": null
}