{
  "game_id": 1418,
  "acpl": 35.34146341463415,
  "match_rate": 0.43902439024390244,
  "weighted_match_rate": 0.35670061161393357,
  "ipr": 2333.548780487805,
  "ipr_z_score": 0.0,
  "precision_burst_count": 0,
  "mean_move_time": 1.146341463414634,
  "time_variance": 326.6449864498645,
  "time_complexity_corr": -0.7429406893995639,
  "lag_spike_count": 0,
  "uniformity_score": 0.3721887472487879,
  "clutch_accuracy_diff": NaN,
  "opening_entropy": 4.544507255789622,
  "novelty_depth": 5,
  "second_choice_rate": 0.1951219512195122,
  "opening_breadth": 8,
  "tb_match_rate": NaN,
  "dtz_deviation": NaN,
  "conversion_efficiency": 71,
  "suspicious_quality": "False",
  "suspicious_timing": "False",
  "suspicious_opening": true,
  "overall_suspicion_score": 42.54642521656241,
  "analyzed_at": "2025-06-24 12:22:12.504841+00:00",
  "game": null
}