{
  "game_id": 1047,
  "acpl": 72.3409090909091,
  "match_rate": 0.3409090909090909,
  "weighted_match_rate": 0.37123415735995535,
  "ipr": 2236.556818181818,
  "ipr_z_score": 0.0,
  "precision_burst_count": 0,
  "mean_move_time": 2.409090909090909,
  "time_variance": 291.7631168831169,
  "time_complexity_corr": 0.051098558020604055,
  "lag_spike_count": 0,
  "uniformity_score": 0.3978304069630692,
  "clutch_accuracy_diff": NaN,
  "opening_entropy": 4.544507255789622,
  "novelty_depth": 5,
  "second_choice_rate": 0.18181818181818182,
  "opening_breadth": 8,
  "tb_match_rate": NaN,
  "dtz_deviation": NaN,
  "conversion_efficiency": null,
  "suspicious_quality": "False",
  "suspicious_timing": "False",
  "suspicious_opening": true,
  "overall_suspicion_score": 36.582785586979014,
  "analyzed_at": "2025-06-24 12:17:59.278585+00:00",
  "game": null
}