{
  "game_id": 1538,
  "acpl": 84.75675675675676,
  "match_rate": 0.43243243243243246,
  "weighted_match_rate": 0.4634261818498262,
  "ipr": 2303.5675675675675,
  "ipr_z_score": 0.0,
  "precision_burst_count": 0,
  "mean_move_time": 12.0,
  "time_variance": 98.50340136054422,
  "time_complexity_corr": -0.23408843967400148,
  "lag_spike_count": 0,
  "uniformity_score": 0.2709872346437866,
  "clutch_accuracy_diff": NaN,
  "opening_entropy": 4.544507255789622,
  "novelty_depth": 5,
  "second_choice_rate": 0.1891891891891892,
  "opening_breadth": 8,
  "tb_match_rate": NaN,
  "dtz_deviation": NaN,
  "conversion_efficiency": 115,
  "suspicious_quality": "False",
  "suspicious_timing": "False",
  "suspicious_opening": true,
  "overall_suspicion_score": 34.576562723353355,
  "analyzed_at": "2025-06-24 12:23:37.817922+00:00",
  "game": null
}