{
  "game_id": 1140,
  "acpl": 2348.3255813953488,
  "match_rate": 0.4186046511627907,
  "weighted_match_rate": 0.4328179310225301,
  "ipr": 1160.7209302325582,
  "ipr_z_score": 0.0,
  "precision_burst_count": 0,
  "mean_move_time": 0.3953488372093023,
  "time_variance": 61.84186046511628,
  "time_complexity_corr": 0.32717896743133357,
  "lag_spike_count": 0,
  "uniformity_score": 0.3571295025444057,
  "clutch_accuracy_diff": NaN,
  "opening_entropy": 4.544507255789622,
  "novelty_depth": 5,
  "second_choice_rate": 0.13953488372093023,
  "opening_breadth": 8,
  "tb_match_rate": NaN,
  "dtz_deviation": NaN,
  "conversion_efficiency": 72,
  "suspicious_quality": "False",
  "suspicious_timing": "False",
  "suspicious_opening": true,
  "overall_suspicion_score": -322.96116616233525,
  "analyzed_at": "2025-06-24 12:19:04.925268+00:00",
  "game": null
}