{
  "game_id": 1512,
  "acpl": 4976.496894409938,
  "match_rate": 0.3105590062111801,
  "weighted_match_rate": 0.3049368495710724,
  "ipr": -239.80124223602525,
  "ipr_z_score": 0.0,
  "precision_burst_count": 0,
  "mean_move_time": 0.6894409937888198,
  "time_variance": 98.79421837812735,
  "time_complexity_corr": -0.12409698995290644,
  "lag_spike_count": 1,
  "uniformity_score": 0.33675605617661397,
  "clutch_accuracy_diff": NaN,
  "opening_entropy": 4.544507255789622,
  "novelty_depth": 5,
  "second_choice_rate": 0.19254658385093168,
  "opening_breadth": 8,
  "tb_match_rate": NaN,
  "dtz_deviation": NaN,
  "conversion_efficiency": 276,
  "suspicious_quality": "False",
  "suspicious_timing": "False",
  "suspicious_opening": true,
  "overall_suspicion_score": -750.6441021339955,
  "analyzed_at": "2025-06-24 12:23:35.265193+00:00",
  "game": null
}