{
  "game_id": 88,
  "acpl": 4850.238095238095,
  "match_rate": 0.23809523809523808,
  "weighted_match_rate": 0.2623871207763543,
  "ipr": -234.64285714285734,
  "ipr_z_score": 0.0,
  "precision_burst_count": 0,
  "mean_move_time": -0.19047619047619047,
  "time_variance": 4.975329890992541,
  "time_complexity_corr": 0.4039132870353652,
  "lag_spike_count": 4,
  "uniformity_score": 0.4491929292645157,
  "clutch_accuracy_diff": NaN,
  "opening_entropy": 4.544507255789622,
  "novelty_depth": 5,
  "second_choice_rate": 0.047619047619047616,
  "opening_breadth": 8,
  "tb_match_rate": NaN,
  "dtz_deviation": NaN,
  "conversion_efficiency": null,
  "suspicious_quality": "False",
  "suspicious_timing": "False",
  "suspicious_opening": true,
  "overall_suspicion_score": -725.3684792278876,
  "analyzed_at": "2025-06-24 12:06:55.982504+00:00",
  "game": null
}