{
  "game_id": 1578,
  "acpl": 53.06122448979592,
  "match_rate": 0.42857142857142855,
  "weighted_match_rate": 0.4246518644094409,
  "ipr": 2316.326530612245,
  "ipr_z_score": 0.0,
  "precision_burst_count": 0,
  "mean_move_time": 19.714285714285715,
  "time_variance": 193.43589743589743,
  "time_complexity_corr": -0.5383031755275152,
  "lag_spike_count": 0,
  "uniformity_score": 0.2588779180478604,
  "clutch_accuracy_diff": NaN,
  "opening_entropy": 4.544507255789622,
  "novelty_depth": 5,
  "second_choice_rate": 0.16326530612244897,
  "opening_breadth": 8,
  "tb_match_rate": NaN,
  "dtz_deviation": NaN,
  "conversion_efficiency": null,
  "suspicious_quality": "False",
  "suspicious_timing": "False",
  "suspicious_opening": true,
  "overall_suspicion_score": 38.98485757300134,
  "analyzed_at": "2025-06-24 12:24:09.740079+00:00",
  "game": null
}