{
  "game_id": 948,
  "acpl": 82.95180722891567,
  "match_rate": 0.3132530120481928,
  "weighted_match_rate": 0.33553215091862354,
  "ipr": 2209.126506024096,
  "ipr_z_score": 0.0,
  "precision_burst_count": 0,
  "mean_move_time": 1.1566265060240963,
  "time_variance": 205.22380430814167,
  "time_complexity_corr": -0.11919144906912489,
  "lag_spike_count": 0,
  "uniformity_score": 0.34257837117129064,
  "clutch_accuracy_diff": NaN,
  "opening_entropy": 4.544507255789622,
  "novelty_depth": 5,
  "second_choice_rate": 0.2289156626506024,
  "opening_breadth": 8,
  "tb_match_rate": NaN,
  "dtz_deviation": NaN,
  "conversion_efficiency": 137,
  "suspicious_quality": "False",
  "suspicious_timing": "False",
  "suspicious_opening": true,
  "overall_suspicion_score": 32.79536243861642,
  "analyzed_at": "2025-06-24 12:16:45.449565+00:00",
  "game": null
}