{
  "game_id": 267,
  "acpl": 55.74193548387097,
  "match_rate": 0.3870967741935484,
  "weighted_match_rate": 0.4299117016084719,
  "ipr": 2281.8064516129034,
  "ipr_z_score": 0.0,
  "precision_burst_count": 0,
  "mean_move_time": -3.935483870967742,
  "time_variance": 74.4023078940467,
  "time_complexity_corr": 0.07485547164089074,
  "lag_spike_count": 4,
  "uniformity_score": 0.3817196380392912,
  "clutch_accuracy_diff": NaN,
  "opening_entropy": 4.544507255789622,
  "novelty_depth": 5,
  "second_choice_rate": 0.12903225806451613,
  "opening_breadth": 8,
  "tb_match_rate": NaN,
  "dtz_deviation": NaN,
  "conversion_efficiency": null,
  "suspicious_quality": "False",
  "suspicious_timing": "False",
  "suspicious_opening": true,
  "overall_suspicion_score": 40.592580903207164,
  "analyzed_at": "2025-06-24 12:09:00.272293+00:00",
  "game": null
}