{
  "game_id": 1761,
  "acpl": 1322.9620253164558,
  "match_rate": 0.4050632911392405,
  "weighted_match_rate": 0.40588734408424887,
  "ipr": 1662.5696202531644,
  "ipr_z_score": 0.0,
  "precision_burst_count": 0,
  "mean_move_time": 1.4303797468354431,
  "time_variance": 51.25308393130694,
  "time_complexity_corr": -0.3727824013174356,
  "lag_spike_count": 2,
  "uniformity_score": 0.3617447849160604,
  "clutch_accuracy_diff": NaN,
  "opening_entropy": 4.544507255789622,
  "novelty_depth": 5,
  "second_choice_rate": 0.11392405063291139,
  "opening_breadth": 8,
  "tb_match_rate": NaN,
  "dtz_deviation": NaN,
  "conversion_efficiency": 120,
  "suspicious_quality": "False",
  "suspicious_timing": "False",
  "suspicious_opening": true,
  "overall_suspicion_score": -163.4207066165003,
  "analyzed_at": "2025-06-24 12:26:13.342681+00:00",
  "game": null
}