{
  "game_id": 498,
  "acpl": 41.54385964912281,
  "match_rate": 0.38596491228070173,
  "weighted_match_rate": 0.4026907669553141,
  "ipr": 2288.0,
  "ipr_z_score": 0.0,
  "precision_burst_count": 0,
  "mean_move_time": 0.2982456140350877,
  "time_variance": 115.57397919577706,
  "time_complexity_corr": -0.37723498781962883,
  "lag_spike_count": 2,
  "uniformity_score": 0.345003128856785,
  "clutch_accuracy_diff": NaN,
  "opening_entropy": 4.544507255789622,
  "novelty_depth": 5,
  "second_choice_rate": 0.15789473684210525,
  "opening_breadth": 8,
  "tb_match_rate": NaN,
  "dtz_deviation": NaN,
  "conversion_efficiency": 87,
  "suspicious_quality": "False",
  "suspicious_timing": "False",
  "suspicious_opening": true,
  "overall_suspicion_score": 41.12938971768235,
  "analyzed_at": "2025-06-24 12:11:38.663235+00:00",
  "game": null
}