{
  "game_id": 321,
  "acpl": 72.0909090909091,
  "match_rate": 0.45454545454545453,
  "weighted_match_rate": 0.45935551162800087,
  "ipr": 2327.590909090909,
  "ipr_z_score": 0.0,
  "precision_burst_count": 0,
  "mean_move_time": 1.7272727272727273,
  "time_variance": 9.67189132706374,
  "time_complexity_corr": 0.002029216018138268,
  "lag_spike_count": 4,
  "uniformity_score": 0.31750257493552697,
  "clutch_accuracy_diff": NaN,
  "opening_entropy": 4.544507255789622,
  "novelty_depth": 5,
  "second_choice_rate": 0.09090909090909091,
  "opening_breadth": 8,
  "tb_match_rate": NaN,
  "dtz_deviation": NaN,
  "conversion_efficiency": null,
  "suspicious_quality": "False",
  "suspicious_timing": "False",
  "suspicious_opening": true,
  "overall_suspicion_score": 37.42641352645683,
  "analyzed_at": "2025-06-24 12:09:36.839656+00:00",
  "game": null
}