{
  "game_id": 1050,
  "acpl": 68.70967741935483,
  "match_rate": 0.3870967741935484,
  "weighted_match_rate": 0.4544156163065343,
  "ipr": 2275.3225806451615,
  "ipr_z_score": 0.0,
  "precision_burst_count": 0,
  "mean_move_time": 18.64516129032258,
  "time_variance": 131.61290322580646,
  "time_complexity_corr": 0.3732551158721282,
  "lag_spike_count": 0,
  "uniformity_score": 0.2738578887415808,
  "clutch_accuracy_diff": NaN,
  "opening_entropy": 4.544507255789622,
  "novelty_depth": 5,
  "second_choice_rate": 0.22580645161290322,
  "opening_breadth": 8,
  "tb_match_rate": NaN,
  "dtz_deviation": NaN,
  "conversion_efficiency": 112,
  "suspicious_quality": "False",
  "suspicious_timing": "False",
  "suspicious_opening": true,
  "overall_suspicion_score": 41.19351285657558,
  "analyzed_at": "2025-06-24 12:18:01.554690+00:00",
  "game": null
}