{
  "game_id": 1257,
  "acpl": 74.41237113402062,
  "match_rate": 0.44329896907216493,
  "weighted_match_rate": 0.4426319632097252,
  "ipr": 2317.4329896907216,
  "ipr_z_score": 0.0,
  "precision_burst_count": 0,
  "mean_move_time": 0.6288659793814433,
  "time_variance": 592.7527375674376,
  "time_complexity_corr": 0.043410251201856834,
  "lag_spike_count": 0,
  "uniformity_score": 0.34749111000991484,
  "clutch_accuracy_diff": NaN,
  "opening_entropy": 4.544507255789622,
  "novelty_depth": 5,
  "second_choice_rate": 0.13402061855670103,
  "opening_breadth": 8,
  "tb_match_rate": NaN,
  "dtz_deviation": NaN,
  "conversion_efficiency": 178,
  "suspicious_quality": "False",
  "suspicious_timing": "False",
  "suspicious_opening": true,
  "overall_suspicion_score": 37.61145882108653,
  "analyzed_at": "2025-06-24 12:20:29.766036+00:00",
  "game": null
}