{
  "game_id": 509,
  "acpl": 79.25925925925925,
  "match_rate": 0.3333333333333333,
  "weighted_match_rate": 0.31484772643606646,
  "ipr": 2227.037037037037,
  "ipr_z_score": 0.0,
  "precision_burst_count": 0,
  "mean_move_time": 21.11111111111111,
  "time_variance": 382.6791277258567,
  "time_complexity_corr": 0.6334934717091649,
  "lag_spike_count": 0,
  "uniformity_score": 0.2411671005716483,
  "clutch_accuracy_diff": NaN,
  "opening_entropy": 4.544507255789622,
  "novelty_depth": 5,
  "second_choice_rate": 0.14814814814814814,
  "opening_breadth": 8,
  "tb_match_rate": NaN,
  "dtz_deviation": NaN,
  "conversion_efficiency": null,
  "suspicious_quality": "False",
  "suspicious_timing": "False",
  "suspicious_opening": true,
  "overall_suspicion_score": 40.029948389261484,
  "analyzed_at": "2025-06-24 12:11:42.898593+00:00",
  "game": null
}