{
  "game_id": 370,
  "acpl": 5687.433962264151,
  "match_rate": 0.2830188679245283,
  "weighted_match_rate": 0.28345676191623614,
  "ipr": -617.3018867924529,
  "ipr_z_score": 0.0,
  "precision_burst_count": 0,
  "mean_move_time": 1.0566037735849056,
  "time_variance": 123.06343216531894,
  "time_complexity_corr": -0.3210872105891584,
  "lag_spike_count": 2,
  "uniformity_score": 0.33151112447685005,
  "clutch_accuracy_diff": NaN,
  "opening_entropy": 4.544507255789622,
  "novelty_depth": 5,
  "second_choice_rate": 0.1509433962264151,
  "opening_breadth": 8,
  "tb_match_rate": NaN,
  "dtz_deviation": NaN,
  "conversion_efficiency": 87,
  "suspicious_quality": "False",
  "suspicious_timing": "False",
  "suspicious_opening": true,
  "overall_suspicion_score": -865.0478373482143,
  "analyzed_at": "2025-06-24 12:10:07.784664+00:00",
  "game": null
}