{
  "game_id": 116,
  "acpl": 4407.826086956522,
  "match_rate": 0.36231884057971014,
  "weighted_match_rate": 0.38823912348704276,
  "ipr": 85.94202898550702,
  "ipr_z_score": 0.0,
  "precision_burst_count": 0,
  "mean_move_time": 0.4492753623188406,
  "time_variance": 294.6433936316514,
  "time_complexity_corr": 0.7120292594204306,
  "lag_spike_count": 0,
  "uniformity_score": 0.32607677501961674,
  "clutch_accuracy_diff": NaN,
  "opening_entropy": 4.544507255789622,
  "novelty_depth": 5,
  "second_choice_rate": 0.2318840579710145,
  "opening_breadth": 8,
  "tb_match_rate": NaN,
  "dtz_deviation": NaN,
  "conversion_efficiency": 127,
  "suspicious_quality": "False",
  "suspicious_timing": "True",
  "suspicious_opening": true,
  "overall_suspicion_score": -649.269152913742,
  "analyzed_at": "2025-06-24 12:07:20.713472+00:00",
  "game": null
}