{
  "game_id": 1145,
  "acpl": 33.8955223880597,
  "match_rate": 0.3582089552238806,
  "weighted_match_rate": 0.37156079684686333,
  "ipr": 2269.6194029850744,
  "ipr_z_score": 0.0,
  "precision_burst_count": 0,
  "mean_move_time": 0.7910447761194029,
  "time_variance": 259.11390416339356,
  "time_complexity_corr": -0.31184866295880226,
  "lag_spike_count": 0,
  "uniformity_score": 0.33910801216731506,
  "clutch_accuracy_diff": NaN,
  "opening_entropy": 4.544507255789622,
  "novelty_depth": 5,
  "second_choice_rate": 0.13432835820895522,
  "opening_breadth": 8,
  "tb_match_rate": NaN,
  "dtz_deviation": NaN,
  "conversion_efficiency": null,
  "suspicious_quality": "False",
  "suspicious_timing": "False",
  "suspicious_opening": true,
  "overall_suspicion_score": 41.57280359485081,
  "analyzed_at": "2025-06-24 12:19:08.633625+00:00",
  "game": null
}