{
  "game_id": 1124,
  "acpl": 90.55932203389831,
  "match_rate": 0.3220338983050847,
  "weighted_match_rate": 0.33672790062127866,
  "ipr": 2212.3474576271187,
  "ipr_z_score": 0.0,
  "precision_burst_count": 0,
  "mean_move_time": 1.2033898305084745,
  "time_variance": 88.74460379545121,
  "time_complexity_corr": -0.05558646984986462,
  "lag_spike_count": 0,
  "uniformity_score": 0.3525256374111581,
  "clutch_accuracy_diff": NaN,
  "opening_entropy": 4.544507255789622,
  "novelty_depth": 5,
  "second_choice_rate": 0.1864406779661017,
  "opening_breadth": 8,
  "tb_match_rate": NaN,
  "dtz_deviation": NaN,
  "conversion_efficiency": 94,
  "suspicious_quality": "False",
  "suspicious_timing": "False",
  "suspicious_opening": true,
  "overall_suspicion_score": 31.822220529332107,
  "analyzed_at": "2025-06-24 12:18:45.510719+00:00",
  "game": null
}