{
  "game_id": 827,
  "acpl": 42.292682926829265,
  "match_rate": 0.3170731707317073,
  "weighted_match_rate": 0.3422560628297019,
  "ipr": 2232.512195121951,
  "ipr_z_score": 0.0,
  "precision_burst_count": 0,
  "mean_move_time": 5.780487804878049,
  "time_variance": 33.10489301212031,
  "time_complexity_corr": 0.6221457624789926,
  "lag_spike_count": 4,
  "uniformity_score": 0.30488138215884636,
  "clutch_accuracy_diff": NaN,
  "opening_entropy": 4.544507255789622,
  "novelty_depth": 5,
  "second_choice_rate": 0.1951219512195122,
  "opening_breadth": 8,
  "tb_match_rate": NaN,
  "dtz_deviation": NaN,
  "conversion_efficiency": null,
  "suspicious_quality": "False",
  "suspicious_timing": "False",
  "suspicious_opening": true,
  "overall_suspicion_score": 46.732960842417214,
  "analyzed_at": "2025-06-24 12:15:26.186777+00:00",
  "game": null
}