{
  "game_id": 1400,
  "acpl": 7711.384615384615,
  "match_rate": 0.5384615384615384,
  "weighted_match_rate": 0.5810429880145083,
  "ipr": -1424.9230769230767,
  "ipr_z_score": 0.0,
  "precision_burst_count": 0,
  "mean_move_time": 1.1538461538461537,
  "time_variance": 2.1719457013574663,
  "time_complexity_corr": 0.44425857538148206,
  "lag_spike_count": 0,
  "uniformity_score": 0.3430866841682218,
  "clutch_accuracy_diff": NaN,
  "opening_entropy": 4.544507255789622,
  "novelty_depth": 6,
  "second_choice_rate": 0.15384615384615385,
  "opening_breadth": 7,
  "tb_match_rate": NaN,
  "dtz_deviation": NaN,
  "conversion_efficiency": null,
  "suspicious_quality": "False",
  "suspicious_timing": "False",
  "suspicious_opening": true,
  "overall_suspicion_score": -1176.9456683994547,
  "analyzed_at": "2025-06-24 12:21:55.708367+00:00",
  "game": null
}