{
  "game_id": 1488,
  "acpl": 70.37209302325581,
  "match_rate": 0.3488372093023256,
  "weighted_match_rate": 0.34896538855587383,
  "ipr": 2243.8837209302324,
  "ipr_z_score": 0.0,
  "precision_burst_count": 0,
  "mean_move_time": 13.093023255813954,
  "time_variance": 74.09655922752619,
  "time_complexity_corr": -0.05020667251435733,
  "lag_spike_count": 0,
  "uniformity_score": 0.3071736010601127,
  "clutch_accuracy_diff": NaN,
  "opening_entropy": 4.544507255789622,
  "novelty_depth": 5,
  "second_choice_rate": 0.09302325581395349,
  "opening_breadth": 8,
  "tb_match_rate": NaN,
  "dtz_deviation": NaN,
  "conversion_efficiency": 141,
  "suspicious_quality": "False",
  "suspicious_timing": "False",
  "suspicious_opening": true,
  "overall_suspicion_score": 34.95376630382887,
  "analyzed_at": "2025-06-24 12:23:08.992035+00:00",
  "game": null
}