{
  "game_id": 1274,
  "acpl": 31.941747572815533,
  "match_rate": 0.34951456310679613,
  "weighted_match_rate": 0.36383565465353024,
  "ipr": 2263.640776699029,
  "ipr_z_score": 0.0,
  "precision_burst_count": 0,
  "mean_move_time": 0.8349514563106796,
  "time_variance": 423.82628463177826,
  "time_complexity_corr": -0.20325959487804743,
  "lag_spike_count": 2,
  "uniformity_score": 0.3415665467578765,
  "clutch_accuracy_diff": NaN,
  "opening_entropy": 4.544507255789622,
  "novelty_depth": 5,
  "second_choice_rate": 0.1650485436893204,
  "opening_breadth": 7,
  "tb_match_rate": NaN,
  "dtz_deviation": NaN,
  "conversion_efficiency": null,
  "suspicious_quality": "False",
  "suspicious_timing": "False",
  "suspicious_opening": true,
  "overall_suspicion_score": 41.719104835946894,
  "analyzed_at": "2025-06-24 12:20:47.234308+00:00",
  "game": null
}