{
  "game_id": 743,
  "acpl": 55.58620689655172,
  "match_rate": 0.4482758620689655,
  "weighted_match_rate": 0.43140147733693546,
  "ipr": 2330.8275862068967,
  "ipr_z_score": 0.0,
  "precision_burst_count": 0,
  "mean_move_time": 21.75862068965517,
  "time_variance": 191.69775112443781,
  "time_complexity_corr": 0.6120349511416454,
  "lag_spike_count": 0,
  "uniformity_score": 0.30036967640953177,
  "clutch_accuracy_diff": NaN,
  "opening_entropy": 4.544507255789622,
  "novelty_depth": 5,
  "second_choice_rate": 0.10344827586206896,
  "opening_breadth": 8,
  "tb_match_rate": NaN,
  "dtz_deviation": NaN,
  "conversion_efficiency": null,
  "suspicious_quality": "False",
  "suspicious_timing": "False",
  "suspicious_opening": true,
  "overall_suspicion_score": 47.06739281381225,
  "analyzed_at": "2025-06-24 12:14:24.963024+00:00",
  "game": null
}