{
  "game_id": 1341,
  "acpl": 56.714285714285715,
  "match_rate": 0.2976190476190476,
  "weighted_match_rate": 0.3019684695382304,
  "ipr": 2209.7380952380954,
  "ipr_z_score": 0.0,
  "precision_burst_count": 0,
  "mean_move_time": 23.86904761904762,
  "time_variance": 132.65145700071074,
  "time_complexity_corr": 0.4174396362449064,
  "lag_spike_count": 0,
  "uniformity_score": 0.2416316827233469,
  "clutch_accuracy_diff": NaN,
  "opening_entropy": 4.544507255789622,
  "novelty_depth": 5,
  "second_choice_rate": 0.20238095238095238,
  "opening_breadth": 8,
  "tb_match_rate": NaN,
  "dtz_deviation": NaN,
  "conversion_efficiency": 295,
  "suspicious_quality": "False",
  "suspicious_timing": "False",
  "suspicious_opening": true,
  "overall_suspicion_score": 40.35915597870479,
  "analyzed_at": "2025-06-24 12:21:36.949735+00:00",
  "game": null
}