{
  "game_id": 1502,
  "acpl": 52.66101694915254,
  "match_rate": 0.4745762711864407,
  "weighted_match_rate": 0.4799229511870992,
  "ipr": 2353.330508474576,
  "ipr_z_score": 0.0,
  "precision_burst_count": 0,
  "mean_move_time": 1.0677966101694916,
  "time_variance": 1662.593654932638,
  "time_complexity_corr": -0.5163800841608057,
  "lag_spike_count": 0,
  "uniformity_score": 0.3433941478541978,
  "clutch_accuracy_diff": NaN,
  "opening_entropy": 4.544507255789622,
  "novelty_depth": 5,
  "second_choice_rate": 0.13559322033898305,
  "opening_breadth": 8,
  "tb_match_rate": NaN,
  "dtz_deviation": NaN,
  "conversion_efficiency": null,
  "suspicious_quality": "False",
  "suspicious_timing": "False",
  "suspicious_opening": true,
  "overall_suspicion_score": 41.32065480479555,
  "analyzed_at": "2025-06-24 12:23:14.771435+00:00",
  "game": null
}