{
  "game_id": 569,
  "acpl": 68.89189189189189,
  "match_rate": 0.32432432432432434,
  "weighted_match_rate": 0.33223135603879883,
  "ipr": 2225.0135135135133,
  "ipr_z_score": 0.0,
  "precision_burst_count": 0,
  "mean_move_time": -4.0,
  "time_variance": 8.70748299319728,
  "time_complexity_corr": -0.13274596463663652,
  "lag_spike_count": 0,
  "uniformity_score": 0.8943502263331449,
  "clutch_accuracy_diff": NaN,
  "opening_entropy": 4.544507255789622,
  "novelty_depth": 5,
  "second_choice_rate": 0.13513513513513514,
  "opening_breadth": 7,
  "tb_match_rate": NaN,
  "dtz_deviation": NaN,
  "conversion_efficiency": null,
  "suspicious_quality": "False",
  "suspicious_timing": "False",
  "suspicious_opening": true,
  "overall_suspicion_score": 42.035343290819085,
  "analyzed_at": "2025-06-24 12:12:24.919767+00:00",
  "game": null
}