{
  "game_id": 1346,
  "acpl": 71.48148148148148,
  "match_rate": 0.37037037037037035,
  "weighted_match_rate": 0.3687058271643465,
  "ipr": 2260.5555555555557,
  "ipr_z_score": 0.0,
  "precision_burst_count": 0,
  "mean_move_time": 15.11111111111111,
  "time_variance": 118.52959501557632,
  "time_complexity_corr": 0.16412920986509397,
  "lag_spike_count": 0,
  "uniformity_score": 0.27269257028802535,
  "clutch_accuracy_diff": NaN,
  "opening_entropy": 4.544507255789622,
  "novelty_depth": 5,
  "second_choice_rate": 0.14814814814814814,
  "opening_breadth": 8,
  "tb_match_rate": NaN,
  "dtz_deviation": NaN,
  "conversion_efficiency": 85,
  "suspicious_quality": "False",
  "suspicious_timing": "False",
  "suspicious_opening": true,
  "overall_suspicion_score": 36.89214958529356,
  "analyzed_at": "2025-06-24 12:21:21.932110+00:00",
  "game": null
}ll
}