{
  "game_id": 1138,
  "acpl": 59.47826086956522,
  "match_rate": 0.2898550724637681,
  "weighted_match_rate": 0.2891104271466338,
  "ipr": 2202.144927536232,
  "ipr_z_score": 0.0,
  "precision_burst_count": 0,
  "mean_move_time": 1.4927536231884058,
  "time_variance": 1264.8357135300962,
  "time_complexity_corr": -0.34273490423391545,
  "lag_spike_count": 0,
  "uniformity_score": 0.3503010232113023,
  "clutch_accuracy_diff": NaN,
  "opening_entropy": 4.544507255789622,
  "novelty_depth": 5,
  "second_choice_rate": 0.2463768115942029,
  "opening_breadth": 8,
  "tb_match_rate": NaN,
  "dtz_deviation": NaN,
  "conversion_efficiency": 104,
  "suspicious_quality": "False",
  "suspicious_timing": "False",
  "suspicious_opening": true,
  "overall_suspicion_score": 35.80982704633567,
  "analyzed_at": "2025-06-24 12:18:59.163682+00:00",
  "game": null
}