{
  "game_id": 1608,
  "acpl": 3721.9449541284403,
  "match_rate": 0.28440366972477066,
  "weighted_match_rate": 0.28466557659083785,
  "ipr": 366.5504587155965,
  "ipr_z_score": 0.0,
  "precision_burst_count": 0,
  "mean_move_time": 1.036697247706422,
  "time_variance": 338.8004904240477,
  "time_complexity_corr": -0.21313711525784573,
  "lag_spike_count": 2,
  "uniformity_score": 0.35969068260785053,
  "clutch_accuracy_diff": NaN,
  "opening_entropy": 4.544507255789622,
  "novelty_depth": 5,
  "second_choice_rate": 0.21100917431192662,
  "opening_breadth": 8,
  "tb_match_rate": NaN,
  "dtz_deviation": NaN,
  "conversion_efficiency": 191,
  "suspicious_quality": "False",
  "suspicious_timing": "False",
  "suspicious_opening": true,
  "overall_suspicion_score": -550.1862281721651,
  "analyzed_at": "2025-06-24 12:24:34.881547+00:00",
  "game": null
}