{
  "game_id": 1767,
  "acpl": 95.76744186046511,
  "match_rate": 0.3488372093023256,
  "weighted_match_rate": 0.36168211001688155,
  "ipr": 2231.186046511628,
  "ipr_z_score": 0.0,
  "precision_burst_count": 0,
  "mean_move_time": 1.2325581395348837,
  "time_variance": 31.898816809465522,
  "time_complexity_corr": 0.5998042014904399,
  "lag_spike_count": 4,
  "uniformity_score": 0.33200280502883384,
  "clutch_accuracy_diff": NaN,
  "opening_entropy": 4.544507255789622,
  "novelty_depth": 5,
  "second_choice_rate": 0.2558139534883721,
  "opening_breadth": 8,
  "tb_match_rate": NaN,
  "dtz_deviation": NaN,
  "conversion_efficiency": null,
  "suspicious_quality": "False",
  "suspicious_timing": "False",
  "suspicious_opening": true,
  "overall_suspicion_score": 38.85102871564699,
  "analyzed_at": "2025-06-24 12:26:19.760721+00:00",
  "game": null
}