{
  "game_id": 1449,
  "acpl": 85.12844036697248,
  "match_rate": 0.24770642201834864,
  "weighted_match_rate": 0.24345616716836463,
  "ipr": 2155.6009174311926,
  "ipr_z_score": 0.0,
  "precision_burst_count": 0,
  "mean_move_time": 0.9908256880733946,
  "time_variance": 284.5805606054201,
  "time_complexity_corr": 0.11411010303198604,
  "lag_spike_count": 0,
  "uniformity_score": 0.3467234052048921,
  "clutch_accuracy_diff": NaN,
  "opening_entropy": 4.544507255789622,
  "novelty_depth": 5,
  "second_choice_rate": 0.21100917431192662,
  "opening_breadth": 8,
  "tb_match_rate": NaN,
  "dtz_deviation": NaN,
  "conversion_efficiency": 178,
  "suspicious_quality": "False",
  "suspicious_timing": "False",
  "suspicious_opening": true,
  "overall_suspicion_score": 32.03381946448594,
  "analyzed_at": "2025-06-24 12:22:41.650239+00:00",
  "game": null
}