{
  "game_id": 1372,
  "acpl": 2292.9333333333334,
  "match_rate": 0.4444444444444444,
  "weighted_match_rate": 0.4766046389283558,
  "ipr": 1209.088888888889,
  "ipr_z_score": 0.0,
  "precision_burst_count": 0,
  "mean_move_time": 1.288888888888889,
  "time_variance": 54.40998751560549,
  "time_complexity_corr": -0.3736980874199603,
  "lag_spike_count": 4,
  "uniformity_score": 0.3450031460275877,
  "clutch_accuracy_diff": NaN,
  "opening_entropy": 4.544507255789622,
  "novelty_depth": 5,
  "second_choice_rate": 0.13333333333333333,
  "opening_breadth": 8,
  "tb_match_rate": NaN,
  "dtz_deviation": NaN,
  "conversion_efficiency": 72,
  "suspicious_quality": "False",
  "suspicious_timing": "False",
  "suspicious_opening": true,
  "overall_suspicion_score": -317.5042050075149,
  "analyzed_at": "2025-06-24 12:21:44.164694+00:00",
  "game": null
}