{
  "game_id": 750,
  "acpl": 2002.9019607843138,
  "match_rate": 0.43137254901960786,
  "weighted_match_rate": 0.4331608453550937,
  "ipr": 1343.6470588235293,
  "ipr_z_score": 0.0,
  "precision_burst_count": 0,
  "mean_move_time": 1.2156862745098038,
  "time_variance": 42.626286158027575,
  "time_complexity_corr": -0.13092268039330537,
  "lag_spike_count": 6,
  "uniformity_score": 0.32379556197811554,
  "clutch_accuracy_diff": NaN,
  "opening_entropy": 4.544507255789622,
  "novelty_depth": 5,
  "second_choice_rate": 0.13725490196078433,
  "opening_breadth": 8,
  "tb_match_rate": NaN,
  "dtz_deviation": NaN,
  "conversion_efficiency": 79,
  "suspicious_quality": "False",
  "suspicious_timing": "False",
  "suspicious_opening": true,
  "overall_suspicion_score": -272.0424684682673,
  "analyzed_at": "2025-06-24 12:14:28.532461+00:00",
  "game": null
}