{
  "game_id": 1170,
  "acpl": 78.55555555555556,
  "match_rate": 0.35555555555555557,
  "weighted_match_rate": 0.3530515629060948,
  "ipr": 2245.1666666666665,
  "ipr_z_score": 0.0,
  "precision_burst_count": 0,
  "mean_move_time": 1.0,
  "time_variance": 44.89887640449438,
  "time_complexity_corr": -0.23562675420380624,
  "lag_spike_count": 4,
  "uniformity_score": 0.34554721880046235,
  "clutch_accuracy_diff": NaN,
  "opening_entropy": 4.544507255789622,
  "novelty_depth": 5,
  "second_choice_rate": 0.2,
  "opening_breadth": 8,
  "tb_match_rate": NaN,
  "dtz_deviation": NaN,
  "conversion_efficiency": 71,
  "suspicious_quality": "False",
  "suspicious_timing": "False",
  "suspicious_opening": true,
  "overall_suspicion_score": 34.2537367676567,
  "analyzed_at": "2025-06-24 12:19:19.468405+00:00",
  "game": null
}