{
  "game_id": 1008,
  "acpl": 141.5121951219512,
  "match_rate": 0.4634146341463415,
  "weighted_match_rate": 0.5053134517193758,
  "ipr": 2299.9756097560976,
  "ipr_z_score": 0.0,
  "precision_burst_count": 0,
  "mean_move_time": 2.3658536585365852,
  "time_variance": 382.85215296597414,
  "time_complexity_corr": 0.6533612833533846,
  "lag_spike_count": 2,
  "uniformity_score": 0.3325282804994937,
  "clutch_accuracy_diff": NaN,
  "opening_entropy": 4.544507255789622,
  "novelty_depth": 5,
  "second_choice_rate": 0.12195121951219512,
  "opening_breadth": 8,
  "tb_match_rate": NaN,
  "dtz_deviation": NaN,
  "conversion_efficiency": 52,
  "suspicious_quality": "False",
  "suspicious_timing": "False",
  "suspicious_opening": true,
  "overall_suspicion_score": 35.30640535903739,
  "analyzed_at": "2025-06-24 12:17:25.772534+00:00",
  "game": null
}