{
  "game_id": 1777,
  "acpl": 45.794871794871796,
  "match_rate": 0.46153846153846156,
  "weighted_match_rate": 0.460785946384958,
  "ipr": 2346.3333333333335,
  "ipr_z_score": 0.0,
  "precision_burst_count": 0,
  "mean_move_time": -0.10256410256410256,
  "time_variance": 42.157154673283706,
  "time_complexity_corr": 0.35779736506601195,
  "lag_spike_count": 4,
  "uniformity_score": 0.41193646361805064,
  "clutch_accuracy_diff": NaN,
  "opening_entropy": 4.544507255789622,
  "novelty_depth": 5,
  "second_choice_rate": 0.10256410256410256,
  "opening_breadth": 8,
  "tb_match_rate": NaN,
  "dtz_deviation": NaN,
  "conversion_efficiency": null,
  "suspicious_quality": "False",
  "suspicious_timing": "False",
  "suspicious_opening": true,
  "overall_suspicion_score": 47.36238626645233,
  "analyzed_at": "2025-06-24 12:26:23.950776+00:00",
  "game": null
}