{
  "game_id": 1506,
  "acpl": 42.39344262295082,
  "match_rate": 0.36065573770491804,
  "weighted_match_rate": 0.3534025430386197,
  "ipr": 2267.327868852459,
  "ipr_z_score": 0.0,
  "precision_burst_count": 0,
  "mean_move_time": 1.2950819672131149,
  "time_variance": 550.1270830510771,
  "time_complexity_corr": -0.4062323371307047,
  "lag_spike_count": 0,
  "uniformity_score": 0.3600807694186745,
  "clutch_accuracy_diff": NaN,
  "opening_entropy": 4.544507255789622,
  "novelty_depth": 5,
  "second_choice_rate": 0.18032786885245902,
  "opening_breadth": 8,
  "tb_match_rate": NaN,
  "dtz_deviation": NaN,
  "conversion_efficiency": 93,
  "suspicious_quality": "False",
  "suspicious_timing": "False",
  "suspicious_opening": true,
  "overall_suspicion_score": 40.28675816698376,
  "analyzed_at": "2025-06-24 12:23:15.481625+00:00",
  "game": null
}