{
  "game_id": 624,
  "acpl": 1873.9636363636364,
  "match_rate": 0.2545454545454545,
  "weighted_match_rate": 0.27598704702161764,
  "ipr": 1266.6545454545453,
  "ipr_z_score": 0.0,
  "precision_burst_count": 0,
  "mean_move_time": 1.709090909090909,
  "time_variance": 749.8962468723936,
  "time_complexity_corr": 0.06149652029353148,
  "lag_spike_count": 0,
  "uniformity_score": 0.3450330402477338,
  "clutch_accuracy_diff": NaN,
  "opening_entropy": 4.544507255789622,
  "novelty_depth": 5,
  "second_choice_rate": 0.2,
  "opening_breadth": 8,
  "tb_match_rate": NaN,
  "dtz_deviation": NaN,
  "conversion_efficiency": 96,
  "suspicious_quality": "False",
  "suspicious_timing": "False",
  "suspicious_opening": true,
  "overall_suspicion_score": -254.38617229261115,
  "analyzed_at": "2025-06-24 12:13:00.850770+00:00",
  "game": null
}