{
  "game_id": 367,
  "acpl": 1670.1475409836066,
  "match_rate": 0.29508196721311475,
  "weighted_match_rate": 0.2860354311321932,
  "ipr": 1400.9918032786886,
  "ipr_z_score": 0.0,
  "precision_burst_count": 0,
  "mean_move_time": 0.7049180327868853,
  "time_variance": 788.4080747866143,
  "time_complexity_corr": 0.08374208579104564,
  "lag_spike_count": 0,
  "uniformity_score": 0.36708121256199977,
  "clutch_accuracy_diff": NaN,
  "opening_entropy": 4.544507255789622,
  "novelty_depth": 5,
  "second_choice_rate": 0.21311475409836064,
  "opening_breadth": 8,
  "tb_match_rate": NaN,
  "dtz_deviation": NaN,
  "conversion_efficiency": 91,
  "suspicious_quality": "False",
  "suspicious_timing": "False",
  "suspicious_opening": true,
  "overall_suspicion_score": -220.6149065478203,
  "analyzed_at": "2025-06-24 12:10:06.363878+00:00",
  "game": null
}