{
  "game_id": 453,
  "acpl": 2921.285714285714,
  "match_rate": 0.4,
  "weighted_match_rate": 0.4137484052444673,
  "ipr": 859.3571428571429,
  "ipr_z_score": 0.0,
  "precision_burst_count": 0,
  "mean_move_time": 36.6,
  "time_variance": 422.1122302158273,
  "time_complexity_corr": 0.7055851879747126,
  "lag_spike_count": 0,
  "uniformity_score": 0.32072828630246586,
  "clutch_accuracy_diff": NaN,
  "opening_entropy": 4.544507255789622,
  "novelty_depth": 5,
  "second_choice_rate": 0.14285714285714285,
  "opening_breadth": 8,
  "tb_match_rate": NaN,
  "dtz_deviation": NaN,
  "conversion_efficiency": 114,
  "suspicious_quality": "False",
  "suspicious_timing": "True",
  "suspicious_opening": true,
  "overall_suspicion_score": -410.811814994316,
  "analyzed_at": "2025-06-24 12:11:08.214533+00:00",
  "game": null
}