{
  "game_id": 1535,
  "acpl": 4392.869565217391,
  "match_rate": 0.43478260869565216,
  "weighted_match_rate": 0.44995761791753686,
  "ipr": 151.39130434782624,
  "ipr_z_score": 0.0,
  "precision_burst_count": 0,
  "mean_move_time": -6.043478260869565,
  "time_variance": 37.58050645007166,
  "time_complexity_corr": -0.5721795820375147,
  "lag_spike_count": 0,
  "uniformity_score": 0.540936534359554,
  "clutch_accuracy_diff": NaN,
  "opening_entropy": 4.544507255789622,
  "novelty_depth": 5,
  "second_choice_rate": 0.17391304347826086,
  "opening_breadth": 8,
  "tb_match_rate": NaN,
  "dtz_deviation": NaN,
  "conversion_efficiency": null,
  "suspicious_quality": "False",
  "suspicious_timing": "False",
  "suspicious_opening": true,
  "overall_suspicion_score": -651.4805410359298,
  "analyzed_at": "2025-06-24 12:23:38.689625+00:00",
  "game": null
}