{
  "game_id": 1271,
  "acpl": 6678.733333333334,
  "match_rate": 0.4666666666666667,
  "weighted_match_rate": 0.422313882097558,
  "ipr": -966.0333333333333,
  "ipr_z_score": 0.0,
  "precision_burst_count": 0,
  "mean_move_time": 0.2,
  "time_variance": 93.40689655172413,
  "time_complexity_corr": 0.5928108678415976,
  "lag_spike_count": 0,
  "uniformity_score": 0.4226377841209945,
  "clutch_accuracy_diff": NaN,
  "opening_entropy": 4.544507255789622,
  "novelty_depth": 5,
  "second_choice_rate": 0.13333333333333333,
  "opening_breadth": 8,
  "tb_match_rate": NaN,
  "dtz_deviation": NaN,
  "conversion_efficiency": 23,
  "suspicious_quality": "False",
  "suspicious_timing": "True",
  "suspicious_opening": true,
  "overall_suspicion_score": -1011.2364585986302,
  "analyzed_at": "2025-06-24 12:20:25.436675+00:00",
  "game": null
}