{
  "game_id": 542,
  "acpl": 74.23913043478261,
  "match_rate": 0.2391304347826087,
  "weighted_match_rate": 0.3003859097626458,
  "ipr": 2154.1847826086955,
  "ipr_z_score": 0.0,
  "precision_burst_count": 0,
  "mean_move_time": 22.130434782608695,
  "time_variance": 181.18507959135187,
  "time_complexity_corr": 0.8407369661180598,
  "lag_spike_count": 0,
  "uniformity_score": 0.2702781518050863,
  "clutch_accuracy_diff": NaN,
  "opening_entropy": 4.544507255789622,
  "novelty_depth": 5,
  "second_choice_rate": 0.13043478260869565,
  "opening_breadth": 8,
  "tb_match_rate": NaN,
  "dtz_deviation": NaN,
  "conversion_efficiency": null,
  "suspicious_quality": "False",
  "suspicious_timing": "True",
  "suspicious_opening": true,
  "overall_suspicion_score": 42.48362423901716,
  "analyzed_at": "2025-06-24 12:12:10.818361+00:00",
  "game": null
}