{
  "game_id": 1309,
  "acpl": 5714.1509433962265,
  "match_rate": 0.32075471698113206,
  "weighted_match_rate": 0.2985334717243464,
  "ipr": -600.4716981132078,
  "ipr_z_score": 0.0,
  "precision_burst_count": 0,
  "mean_move_time": 1.9622641509433962,
  "time_variance": 851.1985624438454,
  "time_complexity_corr": -0.21341753038045128,
  "lag_spike_count": 0,
  "uniformity_score": 0.3706860576935481,
  "clutch_accuracy_diff": NaN,
  "opening_entropy": 4.544507255789622,
  "novelty_depth": 5,
  "second_choice_rate": 0.16981132075471697,
  "opening_breadth": 8,
  "tb_match_rate": NaN,
  "dtz_deviation": NaN,
  "conversion_efficiency": 83,
  "suspicious_quality": "False",
  "suspicious_timing": "False",
  "suspicious_opening": true,
  "overall_suspicion_score": -868.1991169577614,
  "analyzed_at": "2025-06-24 12:21:01.774732+00:00",
  "game": null
}