{
  "game_id": 515,
  "acpl": 79.18181818181819,
  "match_rate": 0.29545454545454547,
  "weighted_match_rate": 0.2994308303584957,
  "ipr": 2196.7727272727275,
  "ipr_z_score": 0.0,
  "precision_burst_count": 0,
  "mean_move_time": 52.75,
  "time_variance": 789.3085714285714,
  "time_complexity_corr": -0.0613457939818064,
  "lag_spike_count": 0,
  "uniformity_score": 0.3079624829542751,
  "clutch_accuracy_diff": NaN,
  "opening_entropy": 4.544507255789622,
  "novelty_depth": 5,
  "second_choice_rate": 0.11363636363636363,
  "opening_breadth": 8,
  "tb_match_rate": NaN,
  "dtz_deviation": NaN,
  "conversion_efficiency": null,
  "suspicious_quality": "False",
  "suspicious_timing": "False",
  "suspicious_opening": true,
  "overall_suspicion_score": 32.319064637594025,
  "analyzed_at": "2025-06-24 12:11:54.546466+00:00",
  "game": null
}