{
  "game_id": 629,
  "acpl": 37.17910447761194,
  "match_rate": 0.40298507462686567,
  "weighted_match_rate": 0.42852568706109645,
  "ipr": 2303.7985074626868,
  "ipr_z_score": 0.0,
  "precision_burst_count": 0,
  "mean_move_time": 0.7164179104477612,
  "time_variance": 40.35506677140613,
  "time_complexity_corr": -0.15460295414329064,
  "lag_spike_count": 2,
  "uniformity_score": 0.3281213021953943,
  "clutch_accuracy_diff": NaN,
  "opening_entropy": 4.544507255789622,
  "novelty_depth": 5,
  "second_choice_rate": 0.13432835820895522,
  "opening_breadth": 8,
  "tb_match_rate": NaN,
  "dtz_deviation": NaN,
  "conversion_efficiency": 101,
  "suspicious_quality": "True",
  "suspicious_timing": "False",
  "suspicious_opening": true,
  "overall_suspicion_score": 42.13098870128006,
  "analyzed_at": "2025-06-24 12:13:08.784621+00:00",
  "game": null
}