{
  "game_id": 1392,
  "acpl": 199.95384615384614,
  "match_rate": 0.27692307692307694,
  "weighted_match_rate": 0.2860560666534026,
  "ipr": 2121.5615384615385,
  "ipr_z_score": 0.0,
  "precision_burst_count": 0,
  "mean_move_time": 0.7230769230769231,
  "time_variance": 410.4963625521765,
  "time_complexity_corr": -0.22533181692423696,
  "lag_spike_count": 2,
  "uniformity_score": 0.3334254458079192,
  "clutch_accuracy_diff": NaN,
  "opening_entropy": 4.544507255789622,
  "novelty_depth": 5,
  "second_choice_rate": 0.12307692307692308,
  "opening_breadth": 8,
  "tb_match_rate": NaN,
  "dtz_deviation": NaN,
  "conversion_efficiency": 98,
  "suspicious_quality": "False",
  "suspicious_timing": "False",
  "suspicious_opening": true,
  "overall_suspicion_score": 12.930952410901359,
  "analyzed_at": "2025-06-24 12:21:57.358835+00:00",
  "game": null
}