{
  "game_id": 868,
  "acpl": 50.067796610169495,
  "match_rate": 0.5423728813559322,
  "weighted_match_rate": 0.5680613615773218,
  "ipr": 2408.864406779661,
  "ipr_z_score": 0.0,
  "precision_burst_count": 0,
  "mean_move_time": 14.05084745762712,
  "time_variance": 106.4314460872701,
  "time_complexity_corr": -0.5901188536823798,
  "lag_spike_count": 0,
  "uniformity_score": 0.3358381125867547,
  "clutch_accuracy_diff": NaN,
  "opening_entropy": 4.544507255789622,
  "novelty_depth": 5,
  "second_choice_rate": 0.15254237288135594,
  "opening_breadth": 8,
  "tb_match_rate": NaN,
  "dtz_deviation": NaN,
  "conversion_efficiency": null,
  "suspicious_quality": "True",
  "suspicious_timing": "False",
  "suspicious_opening": true,
  "overall_suspicion_score": 43.512339864906366,
  "analyzed_at": "2025-06-24 12:15:54.769341+00:00",
  "game": null
}