{
  "game_id": 582,
  "acpl": 33.55882352941177,
  "match_rate": 0.38235294117647056,
  "weighted_match_rate": 0.3669737327085255,
  "ipr": 2289.1029411764707,
  "ipr_z_score": 0.0,
  "precision_burst_count": 0,
  "mean_move_time": -13.823529411764707,
  "time_variance": 257.6871459694989,
  "time_complexity_corr": -0.33364055389602404,
  "lag_spike_count": 0,
  "uniformity_score": 0.41517080367804865,
  "clutch_accuracy_diff": NaN,
  "opening_entropy": 4.544507255789622,
  "novelty_depth": 5,
  "second_choice_rate": 0.14705882352941177,
  "opening_breadth": 8,
  "tb_match_rate": NaN,
  "dtz_deviation": NaN,
  "conversion_efficiency": null,
  "suspicious_quality": "False",
  "suspicious_timing": "False",
  "suspicious_opening": true,
  "overall_suspicion_score": 42.812143367889675,
  "analyzed_at": "2025-06-24 12:12:36.937070+00:00",
  "game": null
}