{
  "game_id": 533,
  "acpl": 3273.6013071895427,
  "match_rate": 0.35947712418300654,
  "weighted_match_rate": 0.36103609868162667,
  "ipr": 650.7810457516339,
  "ipr_z_score": 0.0,
  "precision_burst_count": 0,
  "mean_move_time": 0.5751633986928104,
  "time_variance": 59.03859423550841,
  "time_complexity_corr": -0.334221437475776,
  "lag_spike_count": 1,
  "uniformity_score": 0.334327433489047,
  "clutch_accuracy_diff": NaN,
  "opening_entropy": 4.544507255789622,
  "novelty_depth": 5,
  "second_choice_rate": 0.20915032679738563,
  "opening_breadth": 8,
  "tb_match_rate": NaN,
  "dtz_deviation": NaN,
  "conversion_efficiency": 252,
  "suspicious_quality": "False",
  "suspicious_timing": "False",
  "suspicious_opening": true,
  "overall_suspicion_score": -476.9509575573382,
  "analyzed_at": "2025-06-24 12:12:07.565443+00:00",
  "game": null
}