{
  "game_id": 547,
  "acpl": 70.65957446808511,
  "match_rate": 0.3404255319148936,
  "weighted_match_rate": 0.3349990654983216,
  "ipr": 2237.0106382978724,
  "ipr_z_score": 0.0,
  "precision_burst_count": 0,
  "mean_move_time": 1.4680851063829787,
  "time_variance": 218.1011210249371,
  "time_complexity_corr": -0.2229920390744086,
  "lag_spike_count": 0,
  "uniformity_score": 0.3566119480883948,
  "clutch_accuracy_diff": NaN,
  "opening_entropy": 4.544507255789622,
  "novelty_depth": 5,
  "second_choice_rate": 0.14893617021276595,
  "opening_breadth": 8,
  "tb_match_rate": NaN,
  "dtz_deviation": NaN,
  "conversion_efficiency": 71,
  "suspicious_quality": "False",
  "suspicious_timing": "False",
  "suspicious_opening": true,
  "overall_suspicion_score": 35.257212605169904,
  "analyzed_at": "2025-06-24 12:12:08.119969+00:00",
  "game": null
}