{
  "game_id": 648,
  "acpl": 1448.4794520547946,
  "match_rate": 0.3287671232876712,
  "weighted_match_rate": 0.35534849484824943,
  "ipr": 1538.7739726027396,
  "ipr_z_score": 0.0,
  "precision_burst_count": 0,
  "mean_move_time": 1.3835616438356164,
  "time_variance": 558.1139348134152,
  "time_complexity_corr": -0.3892219296499391,
  "lag_spike_count": 0,
  "uniformity_score": 0.3489854118892014,
  "clutch_accuracy_diff": NaN,
  "opening_entropy": 4.544507255789622,
  "novelty_depth": 5,
  "second_choice_rate": 0.1506849315068493,
  "opening_breadth": 8,
  "tb_match_rate": NaN,
  "dtz_deviation": NaN,
  "conversion_efficiency": 110,
  "suspicious_quality": "False",
  "suspicious_timing": "False",
  "suspicious_opening": true,
  "overall_suspicion_score": -185.1850072625211,
  "analyzed_at": "2025-06-24 12:13:22.975932+00:00",
  "game": null
}