{
  "game_id": 683,
  "acpl": 42.06896551724138,
  "match_rate": 0.41379310344827586,
  "weighted_match_rate": 0.4200913578158435,
  "ipr": 2310.0,
  "ipr_z_score": 0.0,
  "precision_burst_count": 0,
  "mean_move_time": 15.96551724137931,
  "time_variance": 76.69445277361321,
  "time_complexity_corr": 0.31330540659607814,
  "lag_spike_count": 0,
  "uniformity_score": 0.15873945651245508,
  "clutch_accuracy_diff": NaN,
  "opening_entropy": 4.544507255789622,
  "novelty_depth": 5,
  "second_choice_rate": 0.10344827586206896,
  "opening_breadth": 8,
  "tb_match_rate": NaN,
  "dtz_deviation": NaN,
  "conversion_efficiency": null,
  "suspicious_quality": "False",
  "suspicious_timing": "False",
  "suspicious_opening": true,
  "overall_suspicion_score": 43.176139841267485,
  "analyzed_at": "2025-06-24 12:13:45.828757+00:00",
  "game": null
}me": null
}