{
  "game_id": 1102,
  "acpl": 3108.6060606060605,
  "match_rate": 0.2727272727272727,
  "weighted_match_rate": 0.2682656862487072,
  "ipr": 663.878787878788,
  "ipr_z_score": 0.0,
  "precision_burst_count": 0,
  "mean_move_time": 0.15151515151515152,
  "time_variance": 58.715151515151526,
  "time_complexity_corr": 0.6754187825092628,
  "lag_spike_count": 0,
  "uniformity_score": 0.37928925082197096,
  "clutch_accuracy_diff": NaN,
  "opening_entropy": 4.544507255789622,
  "novelty_depth": 5,
  "second_choice_rate": 0.18181818181818182,
  "opening_breadth": 8,
  "tb_match_rate": NaN,
  "dtz_deviation": NaN,
  "conversion_efficiency": 50,
  "suspicious_quality": "False",
  "suspicious_timing": "True",
  "suspicious_opening": true,
  "overall_suspicion_score": -443.70120377261753,
  "analyzed_at": "2025-06-24 12:18:26.425446+00:00",
  "game": null
}