{
  "game_id": 762,
  "acpl": 56.80701754385965,
  "match_rate": 0.2982456140350877,
  "weighted_match_rate": 0.3191460393943242,
  "ipr": 2210.1929824561403,
  "ipr_z_score": 0.0,
  "precision_burst_count": 0,
  "mean_move_time": 1.0701754385964912,
  "time_variance": 1072.1012265176214,
  "time_complexity_corr": 0.5168477624922554,
  "lag_spike_count": 0,
  "uniformity_score": 0.3435404152302819,
  "clutch_accuracy_diff": NaN,
  "opening_entropy": 4.544507255789622,
  "novelty_depth": 5,
  "second_choice_rate": 0.15789473684210525,
  "opening_breadth": 8,
  "tb_match_rate": NaN,
  "dtz_deviation": NaN,
  "conversion_efficiency": null,
  "suspicious_quality": "False",
  "suspicious_timing": "False",
  "suspicious_opening": true,
  "overall_suspicion_score": 43.07442925566711,
  "analyzed_at": "2025-06-24 12:14:35.799390+00:00",
  "game": null
}