{
  "game_id": 263,
  "acpl": 1888.4727272727273,
  "match_rate": 0.4,
  "weighted_match_rate": 0.4260202765758074,
  "ipr": 1375.7636363636364,
  "ipr_z_score": 0.0,
  "precision_burst_count": 0,
  "mean_move_time": 1.6363636363636365,
  "time_variance": 259.38949124270226,
  "time_complexity_corr": 0.06922269028267071,
  "lag_spike_count": 0,
  "uniformity_score": 0.3493927615979317,
  "clutch_accuracy_diff": NaN,
  "opening_entropy": 4.544507255789622,
  "novelty_depth": 5,
  "second_choice_rate": 0.12727272727272726,
  "opening_breadth": 8,
  "tb_match_rate": NaN,
  "dtz_deviation": NaN,
  "conversion_efficiency": 83,
  "suspicious_quality": "False",
  "suspicious_timing": "False",
  "suspicious_opening": true,
  "overall_suspicion_score": -253.0106998962192,
  "analyzed_at": "2025-06-24 12:08:58.065770+00:00",
  "game": null
}