{
  "game_id": 1252,
  "acpl": 133.97058823529412,
  "match_rate": 0.35294117647058826,
  "weighted_match_rate": 0.38799637372236334,
  "ipr": 2215.3676470588234,
  "ipr_z_score": 0.0,
  "precision_burst_count": 0,
  "mean_move_time": 11.088235294117647,
  "time_variance": 81.20697167755992,
  "time_complexity_corr": 0.45335903337251515,
  "lag_spike_count": 0,
  "uniformity_score": 0.30574709791656823,
  "clutch_accuracy_diff": NaN,
  "opening_entropy": 4.544507255789622,
  "novelty_depth": 5,
  "second_choice_rate": 0.17647058823529413,
  "opening_breadth": 8,
  "tb_match_rate": NaN,
  "dtz_deviation": NaN,
  "conversion_efficiency": 116,
  "suspicious_quality": "False",
  "suspicious_timing": "False",
  "suspicious_opening": true,
  "overall_suspicion_score": 30.944783125781903,
  "analyzed_at": "2025-06-24 12:20:18.981726+00:00",
  "game": null
}