{
  "game_id": 1179,
  "acpl": 69.77551020408163,
  "match_rate": 0.42857142857142855,
  "weighted_match_rate": 0.4633868917061162,
  "ipr": 2307.969387755102,
  "ipr_z_score": 0.0,
  "precision_burst_count": 0,
  "mean_move_time": 1.0612244897959184,
  "time_variance": 494.90342941300236,
  "time_complexity_corr": -0.257876864671015,
  "lag_spike_count": 0,
  "uniformity_score": 0.34368634367702255,
  "clutch_accuracy_diff": NaN,
  "opening_entropy": 4.544507255789622,
  "novelty_depth": 5,
  "second_choice_rate": 0.12244897959183673,
  "opening_breadth": 8,
  "tb_match_rate": NaN,
  "dtz_deviation": NaN,
  "conversion_efficiency": null,
  "suspicious_quality": "False",
  "suspicious_timing": "False",
  "suspicious_opening": true,
  "overall_suspicion_score": 37.83549750664026,
  "analyzed_at": "2025-06-24 12:19:23.417283+00:00",
  "game": null
}