{
  "game_id": 958,
  "acpl": 1711.9833333333333,
  "match_rate": 0.31666666666666665,
  "weighted_match_rate": 0.31924468376070264,
  "ipr": 1397.3416666666667,
  "ipr_z_score": 0.0,
  "precision_burst_count": 0,
  "mean_move_time": -7.966666666666667,
  "time_variance": 82.37545327754533,
  "time_complexity_corr": 0.5681618079210604,
  "lag_spike_count": 0,
  "uniformity_score": 0.44243638705291166,
  "clutch_accuracy_diff": NaN,
  "opening_entropy": 4.544507255789622,
  "novelty_depth": 6,
  "second_choice_rate": 0.25,
  "opening_breadth": 7,
  "tb_match_rate": NaN,
  "dtz_deviation": NaN,
  "conversion_efficiency": 212,
  "suspicious_quality": "False",
  "suspicious_timing": "True",
  "suspicious_opening": true,
  "overall_suspicion_score": -220.05391969103027,
  "analyzed_at": "2025-06-24 12:17:01.704989+00:00",
  "game": null
}