{
  "game_id": 1125,
  "acpl": 58.23529411764706,
  "match_rate": 0.23529411764705882,
  "weighted_match_rate": 0.24920759379679042,
  "ipr": 2159.1176470588234,
  "ipr_z_score": 0.0,
  "precision_burst_count": 0,
  "mean_move_time": 0.17647058823529413,
  "time_variance": 11.180035650623886,
  "time_complexity_corr": -0.6353600530977833,
  "lag_spike_count": 0,
  "uniformity_score": 0.3863718708612386,
  "clutch_accuracy_diff": NaN,
  "opening_entropy": 4.544507255789622,
  "novelty_depth": 5,
  "second_choice_rate": 0.17647058823529413,
  "opening_breadth": 8,
  "tb_match_rate": NaN,
  "dtz_deviation": NaN,
  "conversion_efficiency": null,
  "suspicious_quality": "False",
  "suspicious_timing": "False",
  "suspicious_opening": true,
  "overall_suspicion_score": 35.32602186426814,
  "analyzed_at": "2025-06-24 12:18:42.157138+00:00",
  "game": null
}