{
  "game_id": 838,
  "acpl": 49.36734693877551,
  "match_rate": 0.32653061224489793,
  "weighted_match_rate": 0.34298047873015186,
  "ipr": 2236.5408163265306,
  "ipr_z_score": 0.0,
  "precision_burst_count": 0,
  "mean_move_time": -5.122448979591836,
  "time_variance": 22.261852433281003,
  "time_complexity_corr": 0.4153677781685338,
  "lag_spike_count": 0,
  "uniformity_score": 0.5068750451831117,
  "clutch_accuracy_diff": NaN,
  "opening_entropy": 4.544507255789622,
  "novelty_depth": 5,
  "second_choice_rate": 0.12244897959183673,
  "opening_breadth": 8,
  "tb_match_rate": NaN,
  "dtz_deviation": NaN,
  "conversion_efficiency": null,
  "suspicious_quality": "False",
  "suspicious_timing": "False",
  "suspicious_opening": true,
  "overall_suspicion_score": 45.663392873392084,
  "analyzed_at": "2025-06-24 12:15:34.474355+00:00",
  "game": null
}