{
  "game_id": 1569,
  "acpl": 62.30612244897959,
  "match_rate": 0.32653061224489793,
  "weighted_match_rate": 0.319053399717857,
  "ipr": 2230.0714285714284,
  "ipr_z_score": 0.0,
  "precision_burst_count": 0,
  "mean_move_time": 1.0612244897959184,
  "time_variance": 270.6147696191878,
  "time_complexity_corr": 0.41948186093507117,
  "lag_spike_count": 0,
  "uniformity_score": 0.3321276745430922,
  "clutch_accuracy_diff": NaN,
  "opening_entropy": 4.544507255789622,
  "novelty_depth": 5,
  "second_choice_rate": 0.20408163265306123,
  "opening_breadth": 8,
  "tb_match_rate": NaN,
  "dtz_deviation": NaN,
  "conversion_efficiency": 74,
  "suspicious_quality": "False",
  "suspicious_timing": "False",
  "suspicious_opening": true,
  "overall_suspicion_score": 41.17314774519337,
  "analyzed_at": "2025-06-24 12:24:04.337125+00:00",
  "game": null
}