{
  "game_id": 732,
  "acpl": 9782.161290322581,
  "match_rate": 0.2903225806451613,
  "weighted_match_rate": 0.2974944078876781,
  "ipr": -2658.822580645162,
  "ipr_z_score": 0.0,
  "precision_burst_count": 0,
  "mean_move_time": 9.258064516129032,
  "time_variance": 111.80277996328351,
  "time_complexity_corr": 0.24903483419559339,
  "lag_spike_count": 0,
  "uniformity_score": 0.37153912857400173,
  "clutch_accuracy_diff": NaN,
  "opening_entropy": 4.544507255789622,
  "novelty_depth": 5,
  "second_choice_rate": 0.16129032258064516,
  "opening_breadth": 8,
  "tb_match_rate": NaN,
  "dtz_deviation": NaN,
  "conversion_efficiency": 100,
  "suspicious_quality": "False",
  "suspicious_timing": "False",
  "suspicious_opening": true,
  "overall_suspicion_score": -1516.3348280545993,
  "analyzed_at": "2025-06-24 12:14:17.151372+00:00",
  "game": null
}