{
  "game_id": 1549,
  "acpl": 3277.9032258064517,
  "match_rate": 0.22580645161290322,
  "weighted_match_rate": 0.23387401450852696,
  "ipr": 541.6935483870966,
  "ipr_z_score": 0.0,
  "precision_burst_count": 0,
  "mean_move_time": 13.387096774193548,
  "time_variance": 244.40178337267247,
  "time_complexity_corr": 0.2946644798508718,
  "lag_spike_count": 0,
  "uniformity_score": 0.29382848661104294,
  "clutch_accuracy_diff": NaN,
  "opening_entropy": 4.544507255789622,
  "novelty_depth": 5,
  "second_choice_rate": 0.1935483870967742,
  "opening_breadth": 8,
  "tb_match_rate": NaN,
  "dtz_deviation": NaN,
  "conversion_efficiency": 94,
  "suspicious_quality": "False",
  "suspicious_timing": "False",
  "suspicious_opening": true,
  "overall_suspicion_score": -477.59218845480126,
  "analyzed_at": "2025-06-24 12:23:50.128586+00:00",
  "game": null
}