{
  "game_id": 405,
  "acpl": 43.720588235294116,
  "match_rate": 0.39705882352941174,
  "weighted_match_rate": 0.414402361708198,
  "ipr": 2295.7867647058824,
  "ipr_z_score": 0.0,
  "precision_burst_count": 0,
  "mean_move_time": 23.705882352941178,
  "time_variance": 252.1640981115694,
  "time_complexity_corr": 0.06371705023084848,
  "lag_spike_count": 0,
  "uniformity_score": 0.25521349053321374,
  "clutch_accuracy_diff": NaN,
  "opening_entropy": 4.544507255789622,
  "novelty_depth": 5,
  "second_choice_rate": 0.1323529411764706,
  "opening_breadth": 8,
  "tb_match_rate": NaN,
  "dtz_deviation": NaN,
  "conversion_efficiency": null,
  "suspicious_quality": "False",
  "suspicious_timing": "False",
  "suspicious_opening": true,
  "overall_suspicion_score": 40.728871864755035,
  "analyzed_at": "2025-06-24 12:10:39.472979+00:00",
  "game": null
}