{
  "game_id": 1348,
  "acpl": 5060.152542372882,
  "match_rate": 0.3559322033898305,
  "weighted_match_rate": 0.36998328121781293,
  "ipr": -245.33050847457662,
  "ipr_z_score": 0.0,
  "precision_burst_count": 0,
  "mean_move_time": 3.135593220338983,
  "time_variance": 41.07089794446447,
  "time_complexity_corr": 0.17452278115023526,
  "lag_spike_count": 11,
  "uniformity_score": 0.27708575566073324,
  "clutch_accuracy_diff": NaN,
  "opening_entropy": 4.544507255789622,
  "novelty_depth": 5,
  "second_choice_rate": 0.2033898305084746,
  "opening_breadth": 8,
  "tb_match_rate": NaN,
  "dtz_deviation": NaN,
  "conversion_efficiency": null,
  "suspicious_quality": "False",
  "suspicious_timing": "False",
  "suspicious_opening": true,
  "overall_suspicion_score": -761.2683142542322,
  "analyzed_at": "2025-06-24 12:21:26.805534+00:00",
  "game": null
}