{
  "game_id": 605,
  "acpl": 110.94117647058823,
  "match_rate": 0.4117647058823529,
  "weighted_match_rate": 0.5840670809932307,
  "ipr": 2273.9411764705883,
  "ipr_z_score": 0.0,
  "precision_burst_count": 0,
  "mean_move_time": 2.588235294117647,
  "time_variance": 4.902546093064092,
  "time_complexity_corr": 0.4575073690854829,
  "lag_spike_count": 4,
  "uniformity_score": 0.3521095854174377,
  "clutch_accuracy_diff": NaN,
  "opening_entropy": 4.544507255789622,
  "novelty_depth": 5,
  "second_choice_rate": 0.11764705882352941,
  "opening_breadth": 8,
  "tb_match_rate": NaN,
  "dtz_deviation": NaN,
  "conversion_efficiency": null,
  "suspicious_quality": "False",
  "suspicious_timing": "False",
  "suspicious_opening": true,
  "overall_suspicion_score": 38.3196051384994,
  "analyzed_at": "2025-06-24 12:12:46.686569+00:00",
  "game": null
}