{
  "game_id": 769,
  "acpl": 45.375,
  "match_rate": 0.375,
  "weighted_match_rate": 0.39793629124773927,
  "ipr": 2277.3125,
  "ipr_z_score": 0.0,
  "precision_burst_count": 0,
  "mean_move_time": 2.2916666666666665,
  "time_variance": 8.629824561403508,
  "time_complexity_corr": 0.3282585444212474,
  "lag_spike_count": 3,
  "uniformity_score": 0.29644776795299843,
  "clutch_accuracy_diff": NaN,
  "opening_entropy": 4.544507255789622,
  "novelty_depth": 5,
  "second_choice_rate": 0.3333333333333333,
  "opening_breadth": 8,
  "tb_match_rate": NaN,
  "dtz_deviation": NaN,
  "conversion_efficiency": null,
  "suspicious_quality": "False",
  "suspicious_timing": "False",
  "suspicious_opening": true,
  "overall_suspicion_score": 43.82406439965094,
  "analyzed_at": "2025-06-24 12:14:40.602702+00:00",
  "game": null
}