{
  "game_id": 245,
  "acpl": 3840.230769230769,
  "match_rate": 0.6538461538461539,
  "weighted_match_rate": 0.6737461255107038,
  "ipr": 602.9615384615386,
  "ipr_z_score": 0.0,
  "precision_burst_count": 0,
  "mean_move_time": -26.384615384615383,
  "time_variance": 134.60791635548915,
  "time_complexity_corr": -0.1609136777308924,
  "lag_spike_count": 0,
  "uniformity_score": 0.8282372645760818,
  "clutch_accuracy_diff": NaN,
  "opening_entropy": 4.544507255789622,
  "novelty_depth": 5,
  "second_choice_rate": 0.19230769230769232,
  "opening_breadth": 7,
  "tb_match_rate": NaN,
  "dtz_deviation": NaN,
  "conversion_efficiency": 81,
  "suspicious_quality": "False",
  "suspicious_timing": "False",
  "suspicious_opening": true,
  "overall_suspicion_score": -554.1528499174397,
  "analyzed_at": "2025-06-24 12:08:43.515711+00:00",
  "game": null
}