{
  "game_id": 1212,
  "acpl": 103.46153846153847,
  "match_rate": 0.15384615384615385,
  "weighted_match_rate": 0.21568923820784705,
  "ipr": 2071.346153846154,
  "ipr_z_score": 0.0,
  "precision_burst_count": 0,
  "mean_move_time": 44.53846153846154,
  "time_variance": 344.48394324122484,
  "time_complexity_corr": 0.5575770029357668,
  "lag_spike_count": 0,
  "uniformity_score": 0.2924301758246204,
  "clutch_accuracy_diff": NaN,
  "opening_entropy": 4.544507255789622,
  "novelty_depth": 5,
  "second_choice_rate": 0.3076923076923077,
  "opening_breadth": 8,
  "tb_match_rate": NaN,
  "dtz_deviation": NaN,
  "conversion_efficiency": null,
  "suspicious_quality": "False",
  "suspicious_timing": "False",
  "suspicious_opening": true,
  "overall_suspicion_score": 32.5056682853067,
  "analyzed_at": "2025-06-24 12:19:50.397098+00:00",
  "game": null
}