{
  "game_id": 652,
  "acpl": 32.47826086956522,
  "match_rate": 0.5652173913043478,
  "weighted_match_rate": 0.5496739484261451,
  "ipr": 2435.9347826086955,
  "ipr_z_score": 0.0,
  "precision_burst_count": 0,
  "mean_move_time": 1.2173913043478262,
  "time_variance": 270.92946859903384,
  "time_complexity_corr": -0.7621996765919606,
  "lag_spike_count": 0,
  "uniformity_score": 0.372249685218095,
  "clutch_accuracy_diff": NaN,
  "opening_entropy": 4.544507255789622,
  "novelty_depth": 5,
  "second_choice_rate": 0.13043478260869565,
  "opening_breadth": 8,
  "tb_match_rate": NaN,
  "dtz_deviation": NaN,
  "conversion_efficiency": 39,
  "suspicious_quality": "True",
  "suspicious_timing": "False",
  "suspicious_opening": true,
  "overall_suspicion_score": 46.835295402861675,
  "analyzed_at": "2025-06-24 12:13:17.836297+00:00",
  "game": null
}