{
  "game_id": 1425,
  "acpl": 94.02459016393442,
  "match_rate": 0.38524590163934425,
  "weighted_match_rate": 0.40153210335512884,
  "ipr": 2261.184426229508,
  "ipr_z_score": 0.0,
  "precision_burst_count": 0,
  "mean_move_time": 2.1311475409836067,
  "time_variance": 519.569435035903,
  "time_complexity_corr": -0.446185247595256,
  "lag_spike_count": 0,
  "uniformity_score": 0.331499870879872,
  "clutch_accuracy_diff": NaN,
  "opening_entropy": 4.544507255789622,
  "novelty_depth": 5,
  "second_choice_rate": 0.09836065573770492,
  "opening_breadth": 8,
  "tb_match_rate": NaN,
  "dtz_deviation": NaN,
  "conversion_efficiency": 92,
  "suspicious_quality": "False",
  "suspicious_timing": "False",
  "suspicious_opening": true,
  "overall_suspicion_score": 32.54115001970257,
  "analyzed_at": "2025-06-24 12:22:20.915460+00:00",
  "game": null
}