{
  "game_id": 68,
  "acpl": 3939.4615384615386,
  "match_rate": 0.3076923076923077,
  "weighted_match_rate": 0.34022624192355805,
  "ipr": 276.4230769230769,
  "ipr_z_score": 0.0,
  "precision_burst_count": 0,
  "mean_move_time": 15.23076923076923,
  "time_variance": 237.7714712471994,
  "time_complexity_corr": 0.7729339586597671,
  "lag_spike_count": 0,
  "uniformity_score": 0.3661487009591321,
  "clutch_accuracy_diff": NaN,
  "opening_entropy": 4.544507255789622,
  "novelty_depth": 5,
  "second_choice_rate": 0.07692307692307693,
  "opening_breadth": 8,
  "tb_match_rate": NaN,
  "dtz_deviation": NaN,
  "conversion_efficiency": null,
  "suspicious_quality": "False",
  "suspicious_timing": "True",
  "suspicious_opening": true,
  "overall_suspicion_score": -574.3002903132195,
  "analyzed_at": "2025-06-24 12:06:44.471083+00:00",
  "game": null
}