{
  "game_id": 377,
  "acpl": 4291.574468085107,
  "match_rate": 0.40425531914893614,
  "weighted_match_rate": 0.4198295136466401,
  "ipr": 177.61702127659555,
  "ipr_z_score": 0.0,
  "precision_burst_count": 0,
  "mean_move_time": 0.9361702127659575,
  "time_variance": 133.82383893845804,
  "time_complexity_corr": -0.060935356842747736,
  "lag_spike_count": 0,
  "uniformity_score": 0.33209565096888305,
  "clutch_accuracy_diff": NaN,
  "opening_entropy": 4.544507255789622,
  "novelty_depth": 5,
  "second_choice_rate": 0.23404255319148937,
  "opening_breadth": 8,
  "tb_match_rate": NaN,
  "dtz_deviation": NaN,
  "conversion_efficiency": 75,
  "suspicious_quality": "False",
  "suspicious_timing": "False",
  "suspicious_opening": true,
  "overall_suspicion_score": -638.6117012629592,
  "analyzed_at": "2025-06-24 12:10:13.797598+00:00",
  "game": null
}