{
  "game_id": 637,
  "acpl": 38.301886792452834,
  "match_rate": 0.39622641509433965,
  "weighted_match_rate": 0.4230503769612887,
  "ipr": 2297.830188679245,
  "ipr_z_score": 0.0,
  "precision_burst_count": 0,
  "mean_move_time": 2.0943396226415096,
  "time_variance": 2451.743396226415,
  "time_complexity_corr": -0.4192959717893005,
  "lag_spike_count": 0,
  "uniformity_score": 0.35470881924141645,
  "clutch_accuracy_diff": NaN,
  "opening_entropy": 4.544507255789622,
  "novelty_depth": 5,
  "second_choice_rate": 0.18867924528301888,
  "opening_breadth": 8,
  "tb_match_rate": NaN,
  "dtz_deviation": NaN,
  "conversion_efficiency": 90,
  "suspicious_quality": "False",
  "suspicious_timing": "False",
  "suspicious_opening": true,
  "overall_suspicion_score": 42.13687985839279,
  "analyzed_at": "2025-06-24 12:13:10.248590+00:00",
  "game": null
}