{
  "game_id": 985,
  "acpl": 3124.1846153846154,
  "match_rate": 0.4307692307692308,
  "weighted_match_rate": 0.4270744589406987,
  "ipr": 782.523076923077,
  "ipr_z_score": 0.0,
  "precision_burst_count": 0,
  "mean_move_time": 1.1384615384615384,
  "time_variance": 43.158974358974355,
  "time_complexity_corr": -0.5157367043586393,
  "lag_spike_count": 6,
  "uniformity_score": 0.32690470759612933,
  "clutch_accuracy_diff": NaN,
  "opening_entropy": 4.544507255789622,
  "novelty_depth": 5,
  "second_choice_rate": 0.16923076923076924,
  "opening_breadth": 8,
  "tb_match_rate": NaN,
  "dtz_deviation": NaN,
  "conversion_efficiency": 99,
  "suspicious_quality": "False",
  "suspicious_timing": "False",
  "suspicious_opening": true,
  "overall_suspicion_score": -451.4891053400677,
  "analyzed_at": "2025-06-24 12:17:08.858580+00:00",
  "game": null
}