{
  "game_id": 83,
  "acpl": 8706.782608695652,
  "match_rate": 0.34782608695652173,
  "weighted_match_rate": 0.4124444411864645,
  "ipr": -2075.1304347826085,
  "ipr_z_score": 0.0,
  "precision_burst_count": 0,
  "mean_move_time": 21.0,
  "time_variance": 34.02197802197802,
  "time_complexity_corr": 0.38477159223012675,
  "lag_spike_count": 0,
  "uniformity_score": 0.19355249474597824,
  "clutch_accuracy_diff": NaN,
  "opening_entropy": 4.544507255789622,
  "novelty_depth": 5,
  "second_choice_rate": 0.08695652173913043,
  "opening_breadth": 8,
  "tb_match_rate": NaN,
  "dtz_deviation": NaN,
  "conversion_efficiency": null,
  "suspicious_quality": "False",
  "suspicious_timing": "False",
  "suspicious_opening": true,
  "overall_suspicion_score": -1342.7329199663873,
  "analyzed_at": "2025-06-24 12:06:53.705468+00:00",
  "game": null
}