{
  "game_id": 148,
  "acpl": 5136.389830508475,
  "match_rate": 0.3389830508474576,
  "weighted_match_rate": 0.35704255761943954,
  "ipr": -297.0084745762715,
  "ipr_z_score": 0.0,
  "precision_burst_count": 0,
  "mean_move_time": 1.3559322033898304,
  "time_variance": 194.28248587570624,
  "time_complexity_corr": 0.6092302904160487,
  "lag_spike_count": 0,
  "uniformity_score": 0.3524478698808545,
  "clutch_accuracy_diff": NaN,
  "opening_entropy": 4.544507255789622,
  "novelty_depth": 5,
  "second_choice_rate": 0.13559322033898305,
  "opening_breadth": 8,
  "tb_match_rate": NaN,
  "dtz_deviation": NaN,
  "conversion_efficiency": 91,
  "suspicious_quality": "False",
  "suspicious_timing": "False",
  "suspicious_opening": true,
  "overall_suspicion_score": -767.4490885760418,
  "analyzed_at": "2025-06-24 12:07:35.910485+00:00",
  "game": null
}