{
  "game_id": 82,
  "acpl": 5940.882352941177,
  "match_rate": 0.47058823529411764,
  "weighted_match_rate": 0.4909369632385879,
  "ipr": -593.9705882352941,
  "ipr_z_score": 0.0,
  "precision_burst_count": 0,
  "mean_move_time": 31.352941176470587,
  "time_variance": 365.8437225636523,
  "time_complexity_corr": 0.575385595924218,
  "lag_spike_count": 0,
  "uniformity_score": 0.22696589189498295,
  "clutch_accuracy_diff": NaN,
  "opening_entropy": 4.544507255789622,
  "novelty_depth": 5,
  "second_choice_rate": 0.17647058823529413,
  "opening_breadth": 8,
  "tb_match_rate": NaN,
  "dtz_deviation": NaN,
  "conversion_efficiency": 55,
  "suspicious_quality": "False",
  "suspicious_timing": "False",
  "suspicious_opening": true,
  "overall_suspicion_score": -894.9734804904558,
  "analyzed_at": "2025-06-24 12:06:51.856142+00:00",
  "game": null
}