{
  "game_id": 1162,
  "acpl": 3298.3870967741937,
  "match_rate": 0.41935483870967744,
  "weighted_match_rate": 0.40618623822913347,
  "ipr": 686.2903225806451,
  "ipr_z_score": 0.0,
  "precision_burst_count": 0,
  "mean_move_time": 1.1290322580645162,
  "time_variance": 30.60602855631941,
  "time_complexity_corr": 0.16094094600928793,
  "lag_spike_count": 2,
  "uniformity_score": 0.3304342840855984,
  "clutch_accuracy_diff": NaN,
  "opening_entropy": 4.544507255789622,
  "novelty_depth": 5,
  "second_choice_rate": 0.16129032258064516,
  "opening_breadth": 8,
  "tb_match_rate": NaN,
  "dtz_deviation": NaN,
  "conversion_efficiency": 50,
  "suspicious_quality": "False",
  "suspicious_timing": "False",
  "suspicious_opening": true,
  "overall_suspicion_score": -477.69325218441924,
  "analyzed_at": "2025-06-24 12:19:10.617624+00:00",
  "game": null
}