{
  "game_id": 579,
  "acpl": 58.56521739130435,
  "match_rate": 0.5217391304347826,
  "weighted_match_rate": 0.5500022336274484,
  "ipr": 2388.108695652174,
  "ipr_z_score": 0.0,
  "precision_burst_count": 0,
  "mean_move_time": -3.1739130434782608,
  "time_variance": 132.36502627806973,
  "time_complexity_corr": -0.3665029320351844,
  "lag_spike_count": 0,
  "uniformity_score": 0.4628802117734462,
  "clutch_accuracy_diff": NaN,
  "opening_entropy": 4.544507255789622,
  "novelty_depth": 5,
  "second_choice_rate": 0.08695652173913043,
  "opening_breadth": 8,
  "tb_match_rate": NaN,
  "dtz_deviation": NaN,
  "conversion_efficiency": null,
  "suspicious_quality": "False",
  "suspicious_timing": "False",
  "suspicious_opening": true,
  "overall_suspicion_score": 43.27646423330616,
  "analyzed_at": "2025-06-24 12:12:29.920052+00:00",
  "game": null
}