{
  "game_id": 127,
  "acpl": 3788.1954887218044,
  "match_rate": 0.43609022556390975,
  "weighted_match_rate": 0.45286593181683077,
  "ipr": 454.77443609022566,
  "ipr_z_score": 0.0,
  "precision_burst_count": 0,
  "mean_move_time": 0.706766917293233,
  "time_variance": 2159.7551993190523,
  "time_complexity_corr": 0.07528865983918441,
  "lag_spike_count": 0,
  "uniformity_score": 0.3451805034731346,
  "clutch_accuracy_diff": NaN,
  "opening_entropy": 4.544507255789622,
  "novelty_depth": 5,
  "second_choice_rate": 0.18796992481203006,
  "opening_breadth": 8,
  "tb_match_rate": NaN,
  "dtz_deviation": NaN,
  "conversion_efficiency": 231,
  "suspicious_quality": "False",
  "suspicious_timing": "False",
  "suspicious_opening": true,
  "overall_suspicion_score": -556.1879397655159,
  "analyzed_at": "2025-06-24 12:07:25.164335+00:00",
  "game": null
}