{
  "game_id": 1558,
  "acpl": 55.56140350877193,
  "match_rate": 0.22807017543859648,
  "weighted_match_rate": 0.20823537808684367,
  "ipr": 2154.6754385964914,
  "ipr_z_score": 0.0,
  "precision_burst_count": 0,
  "mean_move_time": 0.7368421052631579,
  "time_variance": 323.4876571960875,
  "time_complexity_corr": 0.19277579566361142,
  "lag_spike_count": 2,
  "uniformity_score": 0.3506662808188256,
  "clutch_accuracy_diff": NaN,
  "opening_entropy": 4.544507255789622,
  "novelty_depth": 5,
  "second_choice_rate": 0.17543859649122806,
  "opening_breadth": 8,
  "tb_match_rate": NaN,
  "dtz_deviation": NaN,
  "conversion_efficiency": null,
  "suspicious_quality": "False",
  "suspicious_timing": "False",
  "suspicious_opening": true,
  "overall_suspicion_score": 37.13886803693224,
  "analyzed_at": "2025-06-24 12:23:56.746021+00:00",
  "game": null
}