{
  "game_id": 105,
  "acpl": 6032.313043478261,
  "match_rate": 0.391304347826087,
  "weighted_match_rate": 0.40098601489401436,
  "ipr": -703.1130434782608,
  "ipr_z_score": 0.0,
  "precision_burst_count": 0,
  "mean_move_time": 0.4608695652173913,
  "time_variance": 328.19715207898236,
  "time_complexity_corr": 0.4749468098253832,
  "lag_spike_count": 0,
  "uniformity_score": 0.3407496813563329,
  "clutch_accuracy_diff": NaN,
  "opening_entropy": 4.544507255789622,
  "novelty_depth": 5,
  "second_choice_rate": 0.14782608695652175,
  "opening_breadth": 8,
  "tb_match_rate": NaN,
  "dtz_deviation": NaN,
  "conversion_efficiency": 206,
  "suspicious_quality": "False",
  "suspicious_timing": "False",
  "suspicious_opening": true,
  "overall_suspicion_score": -911.466396464109,
  "analyzed_at": "2025-06-24 12:07:18.854098+00:00",
  "game": null
}