{
  "game_id": 1582,
  "acpl": 60.21621621621622,
  "match_rate": 0.32432432432432434,
  "weighted_match_rate": 0.3214924403447498,
  "ipr": 2229.3513513513512,
  "ipr_z_score": 0.0,
  "precision_burst_count": 0,
  "mean_move_time": 0.21621621621621623,
  "time_variance": 5.158089596445761,
  "time_complexity_corr": -0.1473122322658695,
  "lag_spike_count": 0,
  "uniformity_score": 0.4167146629031528,
  "clutch_accuracy_diff": NaN,
  "opening_entropy": 4.544507255789622,
  "novelty_depth": 5,
  "second_choice_rate": 0.08108108108108109,
  "opening_breadth": 8,
  "tb_match_rate": NaN,
  "dtz_deviation": NaN,
  "conversion_efficiency": 56,
  "suspicious_quality": "False",
  "suspicious_timing": "False",
  "suspicious_opening": true,
  "overall_suspicion_score": 37.3241398677237,
  "analyzed_at": "2025-06-24 12:24:06.925485+00:00",
  "game": null
}