{
  "game_id": 1201,
  "acpl": 91.66666666666667,
  "match_rate": 0.4,
  "weighted_match_rate": 0.4217960059021682,
  "ipr": 2274.1666666666665,
  "ipr_z_score": 0.0,
  "precision_burst_count": 0,
  "mean_move_time": 7.266666666666667,
  "time_variance": 90.09717514124293,
  "time_complexity_corr": -0.3629842476136238,
  "lag_spike_count": 0,
  "uniformity_score": 0.2881503015187529,
  "clutch_accuracy_diff": NaN,
  "opening_entropy": 4.544507255789622,
  "novelty_depth": 5,
  "second_choice_rate": 0.2,
  "opening_breadth": 8,
  "tb_match_rate": NaN,
  "dtz_deviation": NaN,
  "conversion_efficiency": null,
  "suspicious_quality": "False",
  "suspicious_timing": "False",
  "suspicious_opening": true,
  "overall_suspicion_score": 32.796764173143764,
  "analyzed_at": "2025-06-24 12:19:39.919427+00:00",
  "game": null
}