{
  "game_id": 247,
  "acpl": 48.142857142857146,
  "match_rate": 0.23809523809523808,
  "weighted_match_rate": 0.20520888610281002,
  "ipr": 2166.404761904762,
  "ipr_z_score": 0.0,
  "precision_burst_count": 0,
  "mean_move_time": 1.380952380952381,
  "time_variance": 87.16840882694541,
  "time_complexity_corr": -0.45885199063559057,
  "lag_spike_count": 0,
  "uniformity_score": 0.3746317356381824,
  "clutch_accuracy_diff": NaN,
  "opening_entropy": 4.544507255789622,
  "novelty_depth": 5,
  "second_choice_rate": 0.23809523809523808,
  "opening_breadth": 8,
  "tb_match_rate": NaN,
  "dtz_deviation": NaN,
  "conversion_efficiency": null,
  "suspicious_quality": "False",
  "suspicious_timing": "False",
  "suspicious_opening": true,
  "overall_suspicion_score": 36.29968904299672,
  "analyzed_at": "2025-06-24 12:08:46.139229+00:00",
  "game": null
}