{
  "game_id": 134,
  "acpl": 4395.608695652174,
  "match_rate": 0.43478260869565216,
  "weighted_match_rate": 0.5516366926782869,
  "ipr": 150.02173913043475,
  "ipr_z_score": 0.0,
  "precision_burst_count": 0,
  "mean_move_time": 11.347826086956522,
  "time_variance": 97.72384137601527,
  "time_complexity_corr": 0.406965375592424,
  "lag_spike_count": 3,
  "uniformity_score": 0.34824535042572324,
  "clutch_accuracy_diff": NaN,
  "opening_entropy": 4.544507255789622,
  "novelty_depth": 5,
  "second_choice_rate": 0.13043478260869565,
  "opening_breadth": 8,
  "tb_match_rate": NaN,
  "dtz_deviation": NaN,
  "conversion_efficiency": null,
  "suspicious_quality": "False",
  "suspicious_timing": "False",
  "suspicious_opening": true,
  "overall_suspicion_score": -648.0202256126337,
  "analyzed_at": "2025-06-24 12:07:28.851857+00:00",
  "game": null
}