{
  "game_id": 121,
  "acpl": 63.68627450980392,
  "match_rate": 0.39215686274509803,
  "weighted_match_rate": 0.409315114091905,
  "ipr": 2281.8823529411766,
  "ipr_z_score": 0.0,
  "precision_burst_count": 0,
  "mean_move_time": 1.196078431372549,
  "time_variance": 1046.3374102116093,
  "time_complexity_corr": 0.20832024265318594,
  "lag_spike_count": 0,
  "uniformity_score": 0.3450314137602393,
  "clutch_accuracy_diff": NaN,
  "opening_entropy": 4.544507255789622,
  "novelty_depth": 5,
  "second_choice_rate": 0.21568627450980393,
  "opening_breadth": 8,
  "tb_match_rate": NaN,
  "dtz_deviation": NaN,
  "conversion_efficiency": 76,
  "suspicious_quality": "False",
  "suspicious_timing": "False",
  "suspicious_opening": true,
  "overall_suspicion_score": 40.34475550564323,
  "analyzed_at": "2025-06-24 12:07:21.658953+00:00",
  "game": null
}