{
  "game_id": 1609,
  "acpl": 2047.1020408163265,
  "match_rate": 0.5306122448979592,
  "weighted_match_rate": 0.5530464744726399,
  "ipr": 1400.938775510204,
  "ipr_z_score": 0.0,
  "precision_burst_count": 0,
  "mean_move_time": 0.9183673469387755,
  "time_variance": 100.6530612244898,
  "time_complexity_corr": 0.3198004755446806,
  "lag_spike_count": 0,
  "uniformity_score": 0.34463285579276637,
  "clutch_accuracy_diff": NaN,
  "opening_entropy": 4.544507255789622,
  "novelty_depth": 5,
  "second_choice_rate": 0.10204081632653061,
  "opening_breadth": 8,
  "tb_match_rate": NaN,
  "dtz_deviation": NaN,
  "conversion_efficiency": null,
  "suspicious_quality": "False",
  "suspicious_timing": "False",
  "suspicious_opening": true,
  "overall_suspicion_score": -272.227005256447,
  "analyzed_at": "2025-06-24 12:24:30.117341+00:00",
  "game": null
}