{
  "game_id": 1101,
  "acpl": 3061.6716417910447,
  "match_rate": 0.29850746268656714,
  "weighted_match_rate": 0.33528699875930656,
  "ipr": 707.9701492537313,
  "ipr_z_score": 0.0,
  "precision_burst_count": 0,
  "mean_move_time": 1.6865671641791045,
  "time_variance": 60.367186623274605,
  "time_complexity_corr": 0.08168954411605664,
  "lag_spike_count": 4,
  "uniformity_score": 0.2948206105931937,
  "clutch_accuracy_diff": NaN,
  "opening_entropy": 4.544507255789622,
  "novelty_depth": 5,
  "second_choice_rate": 0.19402985074626866,
  "opening_breadth": 8,
  "tb_match_rate": NaN,
  "dtz_deviation": NaN,
  "conversion_efficiency": 93,
  "suspicious_quality": "False",
  "suspicious_timing": "False",
  "suspicious_opening": true,
  "overall_suspicion_score": -443.5555522153511,
  "analyzed_at": "2025-06-24 12:18:35.948177+00:00",
  "game": null
}