{
  "game_id": 1383,
  "acpl": 77.0,
  "match_rate": 0.2702702702702703,
  "weighted_match_rate": 0.2647806270449079,
  "ipr": 2177.7162162162163,
  "ipr_z_score": 0.0,
  "precision_burst_count": 0,
  "mean_move_time": 31.756756756756758,
  "time_variance": 269.8996138996139,
  "time_complexity_corr": 0.6353915557608619,
  "lag_spike_count": 0,
  "uniformity_score": 0.32560446336945437,
  "clutch_accuracy_diff": NaN,
  "opening_entropy": 4.544507255789622,
  "novelty_depth": 5,
  "second_choice_rate": 0.24324324324324326,
  "opening_breadth": 8,
  "tb_match_rate": NaN,
  "dtz_deviation": NaN,
  "conversion_efficiency": null,
  "suspicious_quality": "False",
  "suspicious_timing": "False",
  "suspicious_opening": true,
  "overall_suspicion_score": 40.113061006911096,
  "analyzed_at": "2025-06-24 12:21:52.600714+00:00",
  "game": null
}