{
  "game_id": 956,
  "acpl": 4026.40404040404,
  "match_rate": 0.36363636363636365,
  "weighted_match_rate": 0.38459523835632364,
  "ipr": 277.7070707070709,
  "ipr_z_score": 0.0,
  "precision_burst_count": 0,
  "mean_move_time": 0.40404040404040403,
  "time_variance": 50.069425216633334,
  "time_complexity_corr": 0.5328524932826383,
  "lag_spike_count": 2,
  "uniformity_score": 0.36864479316178983,
  "clutch_accuracy_diff": NaN,
  "opening_entropy": 4.544507255789622,
  "novelty_depth": 5,
  "second_choice_rate": 0.16161616161616163,
  "opening_breadth": 8,
  "tb_match_rate": NaN,
  "dtz_deviation": NaN,
  "conversion_efficiency": 190,
  "suspicious_quality": "False",
  "suspicious_timing": "False",
  "suspicious_opening": true,
  "overall_suspicion_score": -589.9771511601789,
  "analyzed_at": "2025-06-24 12:16:57.135623+00:00",
  "game": null
}