{
  "game_id": 640,
  "acpl": 3618.6785714285716,
  "match_rate": 0.35714285714285715,
  "weighted_match_rate": 0.3722182900962938,
  "ipr": 476.375,
  "ipr_z_score": 0.0,
  "precision_burst_count": 0,
  "mean_move_time": 27.321428571428573,
  "time_variance": 395.96782496782504,
  "time_complexity_corr": 0.19065992344966645,
  "lag_spike_count": 0,
  "uniformity_score": 0.2700917905099012,
  "clutch_accuracy_diff": NaN,
  "opening_entropy": 4.544507255789622,
  "novelty_depth": 5,
  "second_choice_rate": 0.21428571428571427,
  "opening_breadth": 8,
  "tb_match_rate": NaN,
  "dtz_deviation": NaN,
  "conversion_efficiency": null,
  "suspicious_quality": "False",
  "suspicious_timing": "False",
  "suspicious_opening": true,
  "overall_suspicion_score": -530.476841237207,
  "analyzed_at": "2025-06-24 12:13:11.869862+00:00",
  "game": null
}