{
  "game_id": 873,
  "acpl": 2083.122448979592,
  "match_rate": 0.2653061224489796,
  "weighted_match_rate": 0.2790729522901539,
  "ipr": 1170.6836734693877,
  "ipr_z_score": 0.0,
  "precision_burst_count": 0,
  "mean_move_time": 0.3469387755102041,
  "time_variance": 153.83715548074903,
  "time_complexity_corr": -0.21996757244888718,
  "lag_spike_count": 0,
  "uniformity_score": 0.3940066892604334,
  "clutch_accuracy_diff": NaN,
  "opening_entropy": 4.544507255789622,
  "novelty_depth": 5,
  "second_choice_rate": 0.22448979591836735,
  "opening_breadth": 8,
  "tb_match_rate": NaN,
  "dtz_deviation": NaN,
  "conversion_efficiency": 86,
  "suspicious_quality": "False",
  "suspicious_timing": "False",
  "suspicious_opening": true,
  "overall_suspicion_score": -287.8419593241097,
  "analyzed_at": "2025-06-24 12:15:53.872278+00:00",
  "game": null
}