{
  "game_id": 568,
  "acpl": 1860.909090909091,
  "match_rate": 0.34545454545454546,
  "weighted_match_rate": 0.3530430426745317,
  "ipr": 1345.909090909091,
  "ipr_z_score": 0.0,
  "precision_burst_count": 0,
  "mean_move_time": 1.0363636363636364,
  "time_variance": 80.51242702251876,
  "time_complexity_corr": -0.566998779203204,
  "lag_spike_count": 0,
  "uniformity_score": 0.3631865857626572,
  "clutch_accuracy_diff": NaN,
  "opening_entropy": 4.544507255789622,
  "novelty_depth": 5,
  "second_choice_rate": 0.14545454545454545,
  "opening_breadth": 8,
  "tb_match_rate": NaN,
  "dtz_deviation": NaN,
  "conversion_efficiency": 86,
  "suspicious_quality": "False",
  "suspicious_timing": "False",
  "suspicious_opening": true,
  "overall_suspicion_score": -250.82365116587243,
  "analyzed_at": "2025-06-24 12:12:21.836426+00:00",
  "game": null
}