{
  "game_id": 736,
  "acpl": 47.38461538461539,
  "match_rate": 0.3076923076923077,
  "weighted_match_rate": 0.3021453631269844,
  "ipr": 2222.4615384615386,
  "ipr_z_score": 0.0,
  "precision_burst_count": 0,
  "mean_move_time": 35.15384615384615,
  "time_variance": 930.8498879761016,
  "time_complexity_corr": 0.6259467054536177,
  "lag_spike_count": 0,
  "uniformity_score": 0.2202961385540505,
  "clutch_accuracy_diff": NaN,
  "opening_entropy": 4.544507255789622,
  "novelty_depth": 5,
  "second_choice_rate": 0.19230769230769232,
  "opening_breadth": 8,
  "tb_match_rate": NaN,
  "dtz_deviation": NaN,
  "conversion_efficiency": null,
  "suspicious_quality": "False",
  "suspicious_timing": "False",
  "suspicious_opening": true,
  "overall_suspicion_score": 44.3145491383889,
  "analyzed_at": "2025-06-24 12:14:20.646809+00:00",
  "game": null
}