{
  "game_id": 299,
  "acpl": 66.45833333333333,
  "match_rate": 0.4375,
  "weighted_match_rate": 0.4457989589655346,
  "ipr": 2316.7708333333335,
  "ipr_z_score": 0.0,
  "precision_burst_count": 0,
  "mean_move_time": 7.75,
  "time_variance": 42.031413612565444,
  "time_complexity_corr": -0.1780206470490436,
  "lag_spike_count": 7,
  "uniformity_score": 0.39898703265026825,
  "clutch_accuracy_diff": NaN,
  "opening_entropy": 4.544507255789622,
  "novelty_depth": 5,
  "second_choice_rate": 0.1875,
  "opening_breadth": 8,
  "tb_match_rate": NaN,
  "dtz_deviation": NaN,
  "conversion_efficiency": null,
  "suspicious_quality": "False",
  "suspicious_timing": "False",
  "suspicious_opening": true,
  "overall_suspicion_score": 38.953592082381434,
  "analyzed_at": "2025-06-24 12:09:26.223571+00:00",
  "game": null
}