{
  "game_id": 492,
  "acpl": 4027.4133333333334,
  "match_rate": 0.37333333333333335,
  "weighted_match_rate": 0.37864417901155467,
  "ipr": 284.96000000000004,
  "ipr_z_score": 0.0,
  "precision_burst_count": 0,
  "mean_move_time": 1.0266666666666666,
  "time_variance": 475.4892170022372,
  "time_complexity_corr": 0.508574419928275,
  "lag_spike_count": 0,
  "uniformity_score": 0.34359558175231186,
  "clutch_accuracy_diff": NaN,
  "opening_entropy": 4.544507255789622,
  "novelty_depth": 5,
  "second_choice_rate": 0.25333333333333335,
  "opening_breadth": 8,
  "tb_match_rate": NaN,
  "dtz_deviation": NaN,
  "conversion_efficiency": 132,
  "suspicious_quality": "False",
  "suspicious_timing": "False",
  "suspicious_opening": true,
  "overall_suspicion_score": -590.7102781641873,
  "analyzed_at": "2025-06-24 12:11:37.035534+00:00",
  "game": null
}