{
  "game_id": 1351,
  "acpl": 39.292682926829265,
  "match_rate": 0.4146341463414634,
  "weighted_match_rate": 0.42148367217243526,
  "ipr": 2312.060975609756,
  "ipr_z_score": 0.0,
  "precision_burst_count": 0,
  "mean_move_time": 33.1219512195122,
  "time_variance": 200.2549753104893,
  "time_complexity_corr": -0.3562525457669963,
  "lag_spike_count": 0,
  "uniformity_score": 0.3339921938080662,
  "clutch_accuracy_diff": NaN,
  "opening_entropy": 4.544507255789622,
  "novelty_depth": 5,
  "second_choice_rate": 0.07317073170731707,
  "opening_breadth": 8,
  "tb_match_rate": NaN,
  "dtz_deviation": NaN,
  "conversion_efficiency": null,
  "suspicious_quality": "False",
  "suspicious_timing": "False",
  "suspicious_opening": true,
  "overall_suspicion_score": 41.92148697647493,
  "analyzed_at": "2025-06-24 12:21:29.611315+00:00",
  "game": null
}