{
  "game_id": 1464,
  "acpl": 68.65517241379311,
  "match_rate": 0.3448275862068966,
  "weighted_match_rate": 0.3563443641617653,
  "ipr": 2241.5344827586205,
  "ipr_z_score": 0.0,
  "precision_burst_count": 0,
  "mean_move_time": 11.344827586206897,
  "time_variance": 253.6539730134933,
  "time_complexity_corr": 0.38972143693919703,
  "lag_spike_count": 4,
  "uniformity_score": 0.2771347516569692,
  "clutch_accuracy_diff": NaN,
  "opening_entropy": 4.544507255789622,
  "novelty_depth": 5,
  "second_choice_rate": 0.1724137931034483,
  "opening_breadth": 8,
  "tb_match_rate": NaN,
  "dtz_deviation": NaN,
  "conversion_efficiency": null,
  "suspicious_quality": "False",
  "suspicious_timing": "False",
  "suspicious_opening": true,
  "overall_suspicion_score": 39.76493817566912,
  "analyzed_at": "2025-06-24 12:22:45.153509+00:00",
  "game": null
}