{
  "game_id": 874,
  "acpl": 43.701298701298704,
  "match_rate": 0.38961038961038963,
  "weighted_match_rate": 0.3861547360939042,
  "ipr": 2289.8376623376626,
  "ipr_z_score": 0.0,
  "precision_burst_count": 0,
  "mean_move_time": 0.4935064935064935,
  "time_variance": 2127.807147101265,
  "time_complexity_corr": -0.0415115994295727,
  "lag_spike_count": 0,
  "uniformity_score": 0.35090263334321076,
  "clutch_accuracy_diff": NaN,
  "opening_entropy": 4.544507255789622,
  "novelty_depth": 5,
  "second_choice_rate": 0.16883116883116883,
  "opening_breadth": 8,
  "tb_match_rate": NaN,
  "dtz_deviation": NaN,
  "conversion_efficiency": null,
  "suspicious_quality": "False",
  "suspicious_timing": "False",
  "suspicious_opening": true,
  "overall_suspicion_score": 40.70325663303387,
  "analyzed_at": "2025-06-24 12:15:56.558627+00:00",
  "game": null
}