{
  "game_id": 1587,
  "acpl": 7873.269841269841,
  "match_rate": 0.42857142857142855,
  "weighted_match_rate": 0.4176207596553092,
  "ipr": -1593.7777777777778,
  "ipr_z_score": 0.0,
  "precision_burst_count": 0,
  "mean_move_time": 0.7619047619047619,
  "time_variance": 206.74285714285716,
  "time_complexity_corr": 0.7492693881800224,
  "lag_spike_count": 0,
  "uniformity_score": 0.342258284117242,
  "clutch_accuracy_diff": NaN,
  "opening_entropy": 4.544507255789622,
  "novelty_depth": 5,
  "second_choice_rate": 0.12698412698412698,
  "opening_breadth": 8,
  "tb_match_rate": NaN,
  "dtz_deviation": NaN,
  "conversion_efficiency": 102,
  "suspicious_quality": "False",
  "suspicious_timing": "True",
  "suspicious_opening": true,
  "overall_suspicion_score": -1201.924772440738,
  "analyzed_at": "2025-06-24 12:24:11.823688+00:00",
  "game": null
}