{
  "game_id": 519,
  "acpl": 1805.857142857143,
  "match_rate": 0.375,
  "weighted_match_rate": 0.396169195273202,
  "ipr": 1397.0714285714284,
  "ipr_z_score": 0.0,
  "precision_burst_count": 0,
  "mean_move_time": 8.107142857142858,
  "time_variance": 131.75528507367073,
  "time_complexity_corr": -0.6577249673022811,
  "lag_spike_count": 4,
  "uniformity_score": 0.30257123591859664,
  "clutch_accuracy_diff": NaN,
  "opening_entropy": 4.544507255789622,
  "novelty_depth": 5,
  "second_choice_rate": 0.14285714285714285,
  "opening_breadth": 8,
  "tb_match_rate": NaN,
  "dtz_deviation": NaN,
  "conversion_efficiency": null,
  "suspicious_quality": "False",
  "suspicious_timing": "False",
  "suspicious_opening": true,
  "overall_suspicion_score": -241.900972064882,
  "analyzed_at": "2025-06-24 12:11:55.080957+00:00",
  "game": null
}