{
  "game_id": 85,
  "acpl": 30.523809523809526,
  "match_rate": 0.6190476190476191,
  "weighted_match_rate": 0.5696814217657572,
  "ipr": 2479.9761904761904,
  "ipr_z_score": 0.0,
  "precision_burst_count": 0,
  "mean_move_time": 14.476190476190476,
  "time_variance": 67.43316121629373,
  "time_complexity_corr": 0.5812357289977795,
  "lag_spike_count": 0,
  "uniformity_score": 0.27694202448991384,
  "clutch_accuracy_diff": NaN,
  "opening_entropy": 4.544507255789622,
  "novelty_depth": 5,
  "second_choice_rate": 0.14285714285714285,
  "opening_breadth": 8,
  "tb_match_rate": NaN,
  "dtz_deviation": NaN,
  "conversion_efficiency": null,
  "suspicious_quality": "True",
  "suspicious_timing": "False",
  "suspicious_opening": true,
  "overall_suspicion_score": 54.10816088454716,
  "analyzed_at": "2025-06-24 12:06:55.756590+00:00",
  "game": null
}