{
  "game_id": 1290,
  "acpl": 56.51219512195122,
  "match_rate": 0.2682926829268293,
  "weighted_match_rate": 0.2700583710770117,
  "ipr": 2186.378048780488,
  "ipr_z_score": 0.0,
  "precision_burst_count": 0,
  "mean_move_time": 4.195121951219512,
  "time_variance": 71.56905581325753,
  "time_complexity_corr": 0.27676787077565657,
  "lag_spike_count": 0,
  "uniformity_score": 0.33750485629663074,
  "clutch_accuracy_diff": NaN,
  "opening_entropy": 4.544507255789622,
  "novelty_depth": 5,
  "second_choice_rate": 0.21951219512195122,
  "opening_breadth": 8,
  "tb_match_rate": NaN,
  "dtz_deviation": NaN,
  "conversion_efficiency": null,
  "suspicious_quality": "False",
  "suspicious_timing": "False",
  "suspicious_opening": true,
  "overall_suspicion_score": 39.096670516937486,
  "analyzed_at": "2025-06-24 12:20:50.562348+00:00",
  "game": null
}