{
  "game_id": 175,
  "acpl": 35.10526315789474,
  "match_rate": 0.47368421052631576,
  "weighted_match_rate": 0.477612397884386,
  "ipr": 2361.394736842105,
  "ipr_z_score": 0.0,
  "precision_burst_count": 0,
  "mean_move_time": 0.43859649122807015,
  "time_variance": 74.30150597733271,
  "time_complexity_corr": 0.3672129127585356,
  "lag_spike_count": 0,
  "uniformity_score": 0.34431747258323525,
  "clutch_accuracy_diff": NaN,
  "opening_entropy": 4.544507255789622,
  "novelty_depth": 6,
  "second_choice_rate": 0.10526315789473684,
  "opening_breadth": 8,
  "tb_match_rate": NaN,
  "dtz_deviation": NaN,
  "conversion_efficiency": 91,
  "suspicious_quality": "True",
  "suspicious_timing": "False",
  "suspicious_opening": true,
  "overall_suspicion_score": 48.2928470124374,
  "analyzed_at": "2025-06-24 12:08:01.673851+00:00",
  "game": null
}