{
  "game_id": 962,
  "acpl": 83.14084507042253,
  "match_rate": 0.29577464788732394,
  "weighted_match_rate": 0.30481512498822755,
  "ipr": 2195.049295774648,
  "ipr_z_score": 0.0,
  "precision_burst_count": 0,
  "mean_move_time": 0.704225352112676,
  "time_variance": 24.29487563679952,
  "time_complexity_corr": -0.05505287016721873,
  "lag_spike_count": 3,
  "uniformity_score": 0.3287848036555949,
  "clutch_accuracy_diff": NaN,
  "opening_entropy": 4.544507255789622,
  "novelty_depth": 5,
  "second_choice_rate": 0.14084507042253522,
  "opening_breadth": 8,
  "tb_match_rate": NaN,
  "dtz_deviation": NaN,
  "conversion_efficiency": null,
  "suspicious_quality": "False",
  "suspicious_timing": "False",
  "suspicious_opening": true,
  "overall_suspicion_score": 32.01435210893395,
  "analyzed_at": "2025-06-24 12:16:53.717057+00:00",
  "game": null
}