{
  "game_id": 1421,
  "acpl": 35.8,
  "match_rate": 0.5333333333333333,
  "weighted_match_rate": 0.5197275468070471,
  "ipr": 2408.766666666667,
  "ipr_z_score": 0.0,
  "precision_burst_count": 0,
  "mean_move_time": 0.13333333333333333,
  "time_variance": 1.3609195402298848,
  "time_complexity_corr": -0.27172937301972944,
  "lag_spike_count": 0,
  "uniformity_score": 0.39248525948310026,
  "clutch_accuracy_diff": NaN,
  "opening_entropy": 4.544507255789622,
  "novelty_depth": 5,
  "second_choice_rate": 0.06666666666666667,
  "opening_breadth": 8,
  "tb_match_rate": NaN,
  "dtz_deviation": NaN,
  "conversion_efficiency": null,
  "suspicious_quality": "True",
  "suspicious_timing": "False",
  "suspicious_opening": true,
  "overall_suspicion_score": 45.81479630522332,
  "analyzed_at": "2025-06-24 12:22:16.166719+00:00",
  "game": null
}