{
  "game_id": 1320,
  "acpl": 51.12,
  "match_rate": 0.3466666666666667,
  "weighted_match_rate": 0.3521891599529149,
  "ipr": 2251.7733333333335,
  "ipr_z_score": 0.0,
  "precision_burst_count": 0,
  "mean_move_time": 1.1733333333333333,
  "time_variance": 634.2113646532438,
  "time_complexity_corr": 0.20083243685656357,
  "lag_spike_count": 0,
  "uniformity_score": 0.3421853130624152,
  "clutch_accuracy_diff": NaN,
  "opening_entropy": 4.544507255789622,
  "novelty_depth": 5,
  "second_choice_rate": 0.09333333333333334,
  "opening_breadth": 8,
  "tb_match_rate": NaN,
  "dtz_deviation": NaN,
  "conversion_efficiency": null,
  "suspicious_quality": "False",
  "suspicious_timing": "False",
  "suspicious_opening": true,
  "overall_suspicion_score": 40.99479179342221,
  "analyzed_at": "2025-06-24 12:21:07.696439+00:00",
  "game": null
}