{
  "game_id": 1037,
  "acpl": 64.19402985074628,
  "match_rate": 0.2835820895522388,
  "weighted_match_rate": 0.33665799852846057,
  "ipr": 2194.768656716418,
  "ipr_z_score": 0.0,
  "precision_burst_count": 0,
  "mean_move_time": 1.2835820895522387,
  "time_variance": 134.61070586915048,
  "time_complexity_corr": 0.09942163082462036,
  "lag_spike_count": 0,
  "uniformity_score": 0.3271259729159139,
  "clutch_accuracy_diff": NaN,
  "opening_entropy": 4.544507255789622,
  "novelty_depth": 5,
  "second_choice_rate": 0.1044776119402985,
  "opening_breadth": 8,
  "tb_match_rate": NaN,
  "dtz_deviation": NaN,
  "conversion_efficiency": 124,
  "suspicious_quality": "False",
  "suspicious_timing": "False",
  "suspicious_opening": true,
  "overall_suspicion_score": 36.50368132760566,
  "analyzed_at": "2025-06-24 12:17:51.869454+00:00",
  "game": null
}