{
  "game_id": 1381,
  "acpl": 96.18604651162791,
  "match_rate": 0.32558139534883723,
  "weighted_match_rate": 0.34037514002714725,
  "ipr": 2212.3720930232557,
  "ipr_z_score": 0.0,
  "precision_burst_count": 0,
  "mean_move_time": 0.6976744186046512,
  "time_variance": 1920.778112175103,
  "time_complexity_corr": 0.3774969744462633,
  "lag_spike_count": 0,
  "uniformity_score": 0.38156137068139645,
  "clutch_accuracy_diff": NaN,
  "opening_entropy": 4.544507255789622,
  "novelty_depth": 5,
  "second_choice_rate": 0.18604651162790697,
  "opening_breadth": 8,
  "tb_match_rate": NaN,
  "dtz_deviation": NaN,
  "conversion_efficiency": 77,
  "suspicious_quality": "False",
  "suspicious_timing": "False",
  "suspicious_opening": true,
  "overall_suspicion_score": 36.089940296747095,
  "analyzed_at": "2025-06-24 12:21:47.588038+00:00",
  "game": null
}