{
  "game_id": 390,
  "acpl": 5900.058823529412,
  "match_rate": 0.4117647058823529,
  "weighted_match_rate": 0.4153947055700506,
  "ipr": -620.6176470588234,
  "ipr_z_score": 0.0,
  "precision_burst_count": 0,
  "mean_move_time": -0.11764705882352941,
  "time_variance": 1.9251336898395723,
  "time_complexity_corr": 0.1913177714749462,
  "lag_spike_count": 0,
  "uniformity_score": 0.4459954983010523,
  "clutch_accuracy_diff": NaN,
  "opening_entropy": 4.544507255789622,
  "novelty_depth": 5,
  "second_choice_rate": 0.17647058823529413,
  "opening_breadth": 8,
  "tb_match_rate": NaN,
  "dtz_deviation": NaN,
  "conversion_efficiency": 25,
  "suspicious_quality": "False",
  "suspicious_timing": "False",
  "suspicious_opening": true,
  "overall_suspicion_score": -892.117082955077,
  "analyzed_at": "2025-06-24 12:10:20.968251+00:00",
  "game": null
}