{
  "game_id": 932,
  "acpl": 1774.575221238938,
  "match_rate": 0.3008849557522124,
  "weighted_match_rate": 0.3080392621383418,
  "ipr": 1353.420353982301,
  "ipr_z_score": 0.0,
  "precision_burst_count": 0,
  "mean_move_time": 0.9823008849557522,
  "time_variance": 439.3774631268437,
  "time_complexity_corr": 0.611592126244037,
  "lag_spike_count": 0,
  "uniformity_score": 0.3455518643505203,
  "clutch_accuracy_diff": NaN,
  "opening_entropy": 4.544507255789622,
  "novelty_depth": 5,
  "second_choice_rate": 0.18584070796460178,
  "opening_breadth": 8,
  "tb_match_rate": NaN,
  "dtz_deviation": NaN,
  "conversion_efficiency": null,
  "suspicious_quality": "False",
  "suspicious_timing": "False",
  "suspicious_opening": true,
  "overall_suspicion_score": -230.66064490111145,
  "analyzed_at": "2025-06-24 12:16:40.587914+00:00",
  "game": null
}