{
  "game_id": 917,
  "acpl": 56.458333333333336,
  "match_rate": 0.3333333333333333,
  "weighted_match_rate": 0.3627872239070831,
  "ipr": 2238.4375,
  "ipr_z_score": 0.0,
  "precision_burst_count": 0,
  "mean_move_time": -4.958333333333333,
  "time_variance": 50.176265270506114,
  "time_complexity_corr": -0.442736541479863,
  "lag_spike_count": 0,
  "uniformity_score": 0.5221225466037775,
  "clutch_accuracy_diff": NaN,
  "opening_entropy": 4.544507255789622,
  "novelty_depth": 5,
  "second_choice_rate": 0.14583333333333334,
  "opening_breadth": 8,
  "tb_match_rate": NaN,
  "dtz_deviation": NaN,
  "conversion_efficiency": null,
  "suspicious_quality": "False",
  "suspicious_timing": "False",
  "suspicious_opening": true,
  "overall_suspicion_score": 39.84664518609888,
  "analyzed_at": "2025-06-24 12:16:31.665919+00:00",
  "game": null
}