{
  "game_id": 1492,
  "acpl": 106.48717948717949,
  "match_rate": 0.2564102564102564,
  "weighted_match_rate": 0.2556348810593752,
  "ipr": 2151.8846153846152,
  "ipr_z_score": 0.0,
  "precision_burst_count": 0,
  "mean_move_time": 0.6666666666666666,
  "time_variance": 245.6796536796537,
  "time_complexity_corr": -0.22746257555935967,
  "lag_spike_count": 0,
  "uniformity_score": 0.34546971418891803,
  "clutch_accuracy_diff": NaN,
  "opening_entropy": 4.544507255789622,
  "novelty_depth": 5,
  "second_choice_rate": 0.1282051282051282,
  "opening_breadth": 8,
  "tb_match_rate": NaN,
  "dtz_deviation": NaN,
  "conversion_efficiency": 66,
  "suspicious_quality": "False",
  "suspicious_timing": "False",
  "suspicious_opening": true,
  "overall_suspicion_score": 27.424964359048335,
  "analyzed_at": "2025-06-24 12:23:04.553018+00:00",
  "game": null
}