{
  "game_id": 462,
  "acpl": 51.87096774193548,
  "match_rate": 0.3870967741935484,
  "weighted_match_rate": 0.3650173873808734,
  "ipr": 2283.741935483871,
  "ipr_z_score": 0.0,
  "precision_burst_count": 0,
  "mean_move_time": 45.74193548387097,
  "time_variance": 804.6157880933647,
  "time_complexity_corr": 0.7925778984541654,
  "lag_spike_count": 0,
  "uniformity_score": 0.2640399494891157,
  "clutch_accuracy_diff": NaN,
  "opening_entropy": 4.544507255789622,
  "novelty_depth": 5,
  "second_choice_rate": 0.12903225806451613,
  "opening_breadth": 8,
  "tb_match_rate": NaN,
  "dtz_deviation": NaN,
  "conversion_efficiency": null,
  "suspicious_quality": "False",
  "suspicious_timing": "True",
  "suspicious_opening": true,
  "overall_suspicion_score": 47.9337381994744,
  "analyzed_at": "2025-06-24 12:11:14.780344+00:00",
  "game": null
}