{
  "game_id": 1143,
  "acpl": 85.0,
  "match_rate": 0.3333333333333333,
  "weighted_match_rate": 0.38620325032932357,
  "ipr": 2224.1666666666665,
  "ipr_z_score": 0.0,
  "precision_burst_count": 0,
  "mean_move_time": 7.428571428571429,
  "time_variance": 21.838209982788296,
  "time_complexity_corr": 0.6757968496072366,
  "lag_spike_count": 0,
  "uniformity_score": 0.1873218725400122,
  "clutch_accuracy_diff": NaN,
  "opening_entropy": 4.544507255789622,
  "novelty_depth": 5,
  "second_choice_rate": 0.19047619047619047,
  "opening_breadth": 8,
  "tb_match_rate": NaN,
  "dtz_deviation": NaN,
  "conversion_efficiency": null,
  "suspicious_quality": "False",
  "suspicious_timing": "False",
  "suspicious_opening": true,
  "overall_suspicion_score": 39.8234230307925,
  "analyzed_at": "2025-06-24 12:19:03.528656+00:00",
  "game": null
}