{
  "game_id": 1353,
  "acpl": 50.77272727272727,
  "match_rate": 0.2727272727272727,
  "weighted_match_rate": 0.2926558876351009,
  "ipr": 2192.7954545454545,
  "ipr_z_score": 0.0,
  "precision_burst_count": 0,
  "mean_move_time": -9.090909090909092,
  "time_variance": 65.46290491118079,
  "time_complexity_corr": -0.19784593215146706,
  "lag_spike_count": 0,
  "uniformity_score": 0.5176171928209261,
  "clutch_accuracy_diff": NaN,
  "opening_entropy": 4.544507255789622,
  "novelty_depth": 5,
  "second_choice_rate": 0.2727272727272727,
  "opening_breadth": 8,
  "tb_match_rate": NaN,
  "dtz_deviation": NaN,
  "conversion_efficiency": null,
  "suspicious_quality": "False",
  "suspicious_timing": "False",
  "suspicious_opening": true,
  "overall_suspicion_score": 39.1311764709737,
  "analyzed_at": "2025-06-24 12:21:27.726846+00:00",
  "game": null
}