{
  "game_id": 945,
  "acpl": 47.568627450980394,
  "match_rate": 0.37254901960784315,
  "weighted_match_rate": 0.4057558886163622,
  "ipr": 2274.254901960784,
  "ipr_z_score": 0.0,
  "precision_burst_count": 0,
  "mean_move_time": 0.7450980392156863,
  "time_variance": 329.53834206950114,
  "time_complexity_corr": 0.21534665929689062,
  "lag_spike_count": 0,
  "uniformity_score": 0.35143459249499526,
  "clutch_accuracy_diff": NaN,
  "opening_entropy": 4.544507255789622,
  "novelty_depth": 6,
  "second_choice_rate": 0.17647058823529413,
  "opening_breadth": 7,
  "tb_match_rate": NaN,
  "dtz_deviation": NaN,
  "conversion_efficiency": null,
  "suspicious_quality": "False",
  "suspicious_timing": "False",
  "suspicious_opening": true,
  "overall_suspicion_score": 42.413444153932176,
  "analyzed_at": "2025-06-24 12:16:39.904065+00:00",
  "game": null
}