{
  "game_id": 173,
  "acpl": 62.04651162790697,
  "match_rate": 0.46511627906976744,
  "weighted_match_rate": 0.48108140320333775,
  "ipr": 2341.0697674418607,
  "ipr_z_score": 0.0,
  "precision_burst_count": 0,
  "mean_move_time": 0.5581395348837209,
  "time_variance": 2769.7554035567714,
  "time_complexity_corr": -0.0018590916229463046,
  "lag_spike_count": 0,
  "uniformity_score": 0.3400553643074425,
  "clutch_accuracy_diff": NaN,
  "opening_entropy": 4.544507255789622,
  "novelty_depth": 5,
  "second_choice_rate": 0.16279069767441862,
  "opening_breadth": 8,
  "tb_match_rate": NaN,
  "dtz_deviation": NaN,
  "conversion_efficiency": 55,
  "suspicious_quality": "False",
  "suspicious_timing": "False",
  "suspicious_opening": true,
  "overall_suspicion_score": 39.67762238065518,
  "analyzed_at": "2025-06-24 12:07:55.760446+00:00",
  "game": null
}