{
  "game_id": 1002,
  "acpl": 37.73684210526316,
  "match_rate": 0.42105263157894735,
  "weighted_match_rate": 0.3968442631127535,
  "ipr": 2317.9736842105262,
  "ipr_z_score": 0.0,
  "precision_burst_count": 0,
  "mean_move_time": 0.40350877192982454,
  "time_variance": 24.31361589815246,
  "time_complexity_corr": -0.31874660381484504,
  "lag_spike_count": 0,
  "uniformity_score": 0.40848623090184083,
  "clutch_accuracy_diff": NaN,
  "opening_entropy": 4.544507255789622,
  "novelty_depth": 5,
  "second_choice_rate": 0.14035087719298245,
  "opening_breadth": 8,
  "tb_match_rate": NaN,
  "dtz_deviation": NaN,
  "conversion_efficiency": null,
  "suspicious_quality": "False",
  "suspicious_timing": "False",
  "suspicious_opening": true,
  "overall_suspicion_score": 42.88294588573132,
  "analyzed_at": "2025-06-24 12:17:24.884338+00:00",
  "game": null
}