{
  "game_id": 411,
  "acpl": 7721.538461538462,
  "match_rate": 0.38461538461538464,
  "weighted_match_rate": 0.35799701525152944,
  "ipr": -1553.0769230769233,
  "ipr_z_score": 0.0,
  "precision_burst_count": 0,
  "mean_move_time": 0.15384615384615385,
  "time_variance": 0.29538461538461536,
  "time_complexity_corr": 0.06536972355437766,
  "lag_spike_count": 0,
  "uniformity_score": 0.47728955884558677,
  "clutch_accuracy_diff": NaN,
  "opening_entropy": 4.544507255789622,
  "novelty_depth": 5,
  "second_choice_rate": 0.07692307692307693,
  "opening_breadth": 8,
  "tb_match_rate": NaN,
  "dtz_deviation": NaN,
  "conversion_efficiency": 19,
  "suspicious_quality": "False",
  "suspicious_timing": "False",
  "suspicious_opening": true,
  "overall_suspicion_score": -1185.7515640177514,
  "analyzed_at": "2025-06-24 12:10:33.797083+00:00",
  "game": null
}