{
  "game_id": 1407,
  "acpl": 1622.46875,
  "match_rate": 0.453125,
  "weighted_match_rate": 0.4475868123102589,
  "ipr": 1551.265625,
  "ipr_z_score": 0.0,
  "precision_burst_count": 0,
  "mean_move_time": 15.109375,
  "time_variance": 54.52916666666667,
  "time_complexity_corr": -0.44353603622562504,
  "lag_spike_count": 0,
  "uniformity_score": 0.29554833388594065,
  "clutch_accuracy_diff": NaN,
  "opening_entropy": 4.544507255789622,
  "novelty_depth": 5,
  "second_choice_rate": 0.109375,
  "opening_breadth": 8,
  "tb_match_rate": NaN,
  "dtz_deviation": NaN,
  "conversion_efficiency": 200,
  "suspicious_quality": "False",
  "suspicious_timing": "False",
  "suspicious_opening": true,
  "overall_suspicion_score": -211.09210407870268,
  "analyzed_at": "2025-06-24 12:22:14.352995+00:00",
  "game": null
}