{
  "game_id": 1214,
  "acpl": 39.270270270270274,
  "match_rate": 0.3783783783783784,
  "weighted_match_rate": 0.37668604882451784,
  "ipr": 2283.0675675675675,
  "ipr_z_score": 0.0,
  "precision_burst_count": 0,
  "mean_move_time": 23.64864864864865,
  "time_variance": 204.20224305938592,
  "time_complexity_corr": 0.6447676005213415,
  "lag_spike_count": 0,
  "uniformity_score": 0.33121467532156684,
  "clutch_accuracy_diff": NaN,
  "opening_entropy": 4.544507255789622,
  "novelty_depth": 5,
  "second_choice_rate": 0.10810810810810811,
  "opening_breadth": 8,
  "tb_match_rate": NaN,
  "dtz_deviation": NaN,
  "conversion_efficiency": null,
  "suspicious_quality": "False",
  "suspicious_timing": "False",
  "suspicious_opening": true,
  "overall_suspicion_score": 48.97730833122787,
  "analyzed_at": "2025-06-24 12:19:53.820964+00:00",
  "game": null
}