{
  "game_id": 800,
  "acpl": 50.84782608695652,
  "match_rate": 0.41304347826086957,
  "weighted_match_rate": 0.43454045333504343,
  "ipr": 2305.0108695652175,
  "ipr_z_score": 0.0,
  "precision_burst_count": 0,
  "mean_move_time": 24.130434782608695,
  "time_variance": 426.7807080066524,
  "time_complexity_corr": -0.4512396510235858,
  "lag_spike_count": 0,
  "uniformity_score": 0.32141123498503293,
  "clutch_accuracy_diff": NaN,
  "opening_entropy": 4.544507255789622,
  "novelty_depth": 5,
  "second_choice_rate": 0.10869565217391304,
  "opening_breadth": 8,
  "tb_match_rate": NaN,
  "dtz_deviation": NaN,
  "conversion_efficiency": null,
  "suspicious_quality": "False",
  "suspicious_timing": "False",
  "suspicious_opening": true,
  "overall_suspicion_score": 40.052995442550824,
  "analyzed_at": "2025-06-24 12:15:08.761829+00:00",
  "game": null
}