{
  "game_id": 904,
  "acpl": 81.83636363636364,
  "match_rate": 0.2727272727272727,
  "weighted_match_rate": 0.27783543347353784,
  "ipr": 2177.2636363636366,
  "ipr_z_score": 0.0,
  "precision_burst_count": 0,
  "mean_move_time": 5.418181818181818,
  "time_variance": 26.509256953092567,
  "time_complexity_corr": 0.4335872062193212,
  "lag_spike_count": 0,
  "uniformity_score": 0.32092356836975233,
  "clutch_accuracy_diff": NaN,
  "opening_entropy": 4.544507255789622,
  "novelty_depth": 5,
  "second_choice_rate": 0.09090909090909091,
  "opening_breadth": 8,
  "tb_match_rate": NaN,
  "dtz_deviation": NaN,
  "conversion_efficiency": null,
  "suspicious_quality": "False",
  "suspicious_timing": "False",
  "suspicious_opening": true,
  "overall_suspicion_score": 36.94431897495496,
  "analyzed_at": "2025-06-24 12:16:23.551090+00:00",
  "game": null
}