{
  "game_id": 623,
  "acpl": 7570.34188034188,
  "match_rate": 0.3247863247863248,
  "weighted_match_rate": 0.37048539057406715,
  "ipr": -1525.34188034188,
  "ipr_z_score": 0.0,
  "precision_burst_count": 0,
  "mean_move_time": 0.5470085470085471,
  "time_variance": 852.8840468067937,
  "time_complexity_corr": 0.6506398536820336,
  "lag_spike_count": 0,
  "uniformity_score": 0.3310081596132207,
  "clutch_accuracy_diff": NaN,
  "opening_entropy": 4.544507255789622,
  "novelty_depth": 5,
  "second_choice_rate": 0.21367521367521367,
  "opening_breadth": 7,
  "tb_match_rate": NaN,
  "dtz_deviation": NaN,
  "conversion_efficiency": 215,
  "suspicious_quality": "False",
  "suspicious_timing": "False",
  "suspicious_opening": true,
  "overall_suspicion_score": -1156.6408401041854,
  "analyzed_at": "2025-06-24 12:13:03.648832+00:00",
  "game": null
}