{
  "game_id": 1597,
  "acpl": 47.7887323943662,
  "match_rate": 0.39436619718309857,
  "weighted_match_rate": 0.39854805990630615,
  "ipr": 2291.5985915492956,
  "ipr_z_score": 0.0,
  "precision_burst_count": 0,
  "mean_move_time": 1.6338028169014085,
  "time_variance": 1709.0280691239634,
  "time_complexity_corr": -0.3652648352256057,
  "lag_spike_count": 0,
  "uniformity_score": 0.3500147945513849,
  "clutch_accuracy_diff": NaN,
  "opening_entropy": 4.544507255789622,
  "novelty_depth": 5,
  "second_choice_rate": 0.056338028169014086,
  "opening_breadth": 8,
  "tb_match_rate": NaN,
  "dtz_deviation": NaN,
  "conversion_efficiency": 114,
  "suspicious_quality": "False",
  "suspicious_timing": "False",
  "suspicious_opening": true,
  "overall_suspicion_score": 40.24395883386657,
  "analyzed_at": "2025-06-24 12:24:28.551709+00:00",
  "game": null
}