{
  "game_id": 437,
  "acpl": 84.34653465346534,
  "match_rate": 0.33663366336633666,
  "weighted_match_rate": 0.36844810365524855,
  "ipr": 2227.133663366337,
  "ipr_z_score": 0.0,
  "precision_burst_count": 0,
  "mean_move_time": 1.1287128712871286,
  "time_variance": 249.8042460962514,
  "time_complexity_corr": 0.22283956103615352,
  "lag_spike_count": 2,
  "uniformity_score": 0.32947865320833647,
  "clutch_accuracy_diff": NaN,
  "opening_entropy": 4.544507255789622,
  "novelty_depth": 5,
  "second_choice_rate": 0.18811881188118812,
  "opening_breadth": 8,
  "tb_match_rate": NaN,
  "dtz_deviation": NaN,
  "conversion_efficiency": 192,
  "suspicious_quality": "False",
  "suspicious_timing": "False",
  "suspicious_opening": true,
  "overall_suspicion_score": 35.869513337760694,
  "analyzed_at": "2025-06-24 12:11:03.660311+00:00",
  "game": null
}