{
  "game_id": 942,
  "acpl": 7706.2307692307695,
  "match_rate": 0.38461538461538464,
  "weighted_match_rate": 0.3558908268209147,
  "ipr": -1545.4230769230771,
  "ipr_z_score": 0.0,
  "precision_burst_count": 0,
  "mean_move_time": -0.07692307692307693,
  "time_variance": 4.713846153846154,
  "time_complexity_corr": 0.2559112349977646,
  "lag_spike_count": 0,
  "uniformity_score": 0.39974535854690185,
  "clutch_accuracy_diff": NaN,
  "opening_entropy": 4.544507255789622,
  "novelty_depth": 5,
  "second_choice_rate": 0.15384615384615385,
  "opening_breadth": 8,
  "tb_match_rate": NaN,
  "dtz_deviation": NaN,
  "conversion_efficiency": 19,
  "suspicious_quality": "False",
  "suspicious_timing": "False",
  "suspicious_opening": true,
  "overall_suspicion_score": -1181.9151411203793,
  "analyzed_at": "2025-06-24 12:16:35.286242+00:00",
  "game": null
}