{
  "game_id": 728,
  "acpl": 7249.0,
  "match_rate": 0.42857142857142855,
  "weighted_match_rate": 0.4158741290224809,
  "ipr": -1281.6428571428573,
  "ipr_z_score": 0.0,
  "precision_burst_count": 0,
  "mean_move_time": 3.357142857142857,
  "time_variance": 19.870129870129876,
  "time_complexity_corr": 0.6119176890819712,
  "lag_spike_count": 1,
  "uniformity_score": 0.4523893336101073,
  "clutch_accuracy_diff": NaN,
  "opening_entropy": 4.544507255789622,
  "novelty_depth": 5,
  "second_choice_rate": 0.21428571428571427,
  "opening_breadth": 8,
  "tb_match_rate": NaN,
  "dtz_deviation": NaN,
  "conversion_efficiency": null,
  "suspicious_quality": "False",
  "suspicious_timing": "True",
  "suspicious_opening": true,
  "overall_suspicion_score": -1102.4028155252222,
  "analyzed_at": "2025-06-24 12:14:07.780676+00:00",
  "game": null
}