{
  "game_id": 1789,
  "acpl": 1578.5846153846153,
  "match_rate": 0.4307692307692308,
  "weighted_match_rate": 0.45167945287559624,
  "ipr": 1555.323076923077,
  "ipr_z_score": 0.0,
  "precision_burst_count": 0,
  "mean_move_time": 1.2769230769230768,
  "time_variance": 425.0079904591533,
  "time_complexity_corr": -0.2184164687541783,
  "lag_spike_count": 0,
  "uniformity_score": 0.35868624170468805,
  "clutch_accuracy_diff": NaN,
  "opening_entropy": 4.544507255789622,
  "novelty_depth": 5,
  "second_choice_rate": 0.06153846153846154,
  "opening_breadth": 8,
  "tb_match_rate": NaN,
  "dtz_deviation": NaN,
  "conversion_efficiency": 101,
  "suspicious_quality": "False",
  "suspicious_timing": "False",
  "suspicious_opening": true,
  "overall_suspicion_score": -203.50057623649195,
  "analyzed_at": "2025-06-24 12:26:26.927079+00:00",
  "game": null
}