{
  "game_id": 553,
  "acpl": 2445.1428571428573,
  "match_rate": 0.30952380952380953,
  "weighted_match_rate": 0.32941864262022885,
  "ipr": 1025.0476190476188,
  "ipr_z_score": 0.0,
  "precision_burst_count": 0,
  "mean_move_time": -1.8095238095238095,
  "time_variance": 13.71200456230396,
  "time_complexity_corr": -0.6856256147781897,
  "lag_spike_count": 0,
  "uniformity_score": 0.44965319497777495,
  "clutch_accuracy_diff": NaN,
  "opening_entropy": 4.544507255789622,
  "novelty_depth": 5,
  "second_choice_rate": 0.11904761904761904,
  "opening_breadth": 8,
  "tb_match_rate": NaN,
  "dtz_deviation": NaN,
  "conversion_efficiency": null,
  "suspicious_quality": "False",
  "suspicious_timing": "False",
  "suspicious_opening": true,
  "overall_suspicion_score": -343.93488277990656,
  "analyzed_at": "2025-06-24 12:12:19.567009+00:00",
  "game": null
}