{
  "game_id": 442,
  "acpl": 56.27272727272727,
  "match_rate": 0.45454545454545453,
  "weighted_match_rate": 0.5021474763649495,
  "ipr": 2335.5,
  "ipr_z_score": 0.0,
  "precision_burst_count": 0,
  "mean_move_time": 0.8181818181818182,
  "time_variance": 1817.2510425354462,
  "time_complexity_corr": 0.062061915632368785,
  "lag_spike_count": 0,
  "uniformity_score": 0.34300512096531083,
  "clutch_accuracy_diff": NaN,
  "opening_entropy": 4.544507255789622,
  "novelty_depth": 5,
  "second_choice_rate": 0.16363636363636364,
  "opening_breadth": 8,
  "tb_match_rate": NaN,
  "dtz_deviation": NaN,
  "conversion_efficiency": 93,
  "suspicious_quality": "False",
  "suspicious_timing": "False",
  "suspicious_opening": true,
  "overall_suspicion_score": 41.540016764759486,
  "analyzed_at": "2025-06-24 12:11:00.765014+00:00",
  "game": null
}