{
  "game_id": 1689,
  "acpl": 115.0909090909091,
  "match_rate": 0.5,
  "weighted_match_rate": 0.5149665270959018,
  "ipr": 2342.4545454545455,
  "ipr_z_score": 0.0,
  "precision_burst_count": 0,
  "mean_move_time": 10.409090909090908,
  "time_variance": 180.10658307210034,
  "time_complexity_corr": -0.07801443867732333,
  "lag_spike_count": 0,
  "uniformity_score": 0.34234171690144494,
  "clutch_accuracy_diff": NaN,
  "opening_entropy": 4.544507255789622,
  "novelty_depth": 5,
  "second_choice_rate": 0.13636363636363635,
  "opening_breadth": 8,
  "tb_match_rate": NaN,
  "dtz_deviation": NaN,
  "conversion_efficiency": 77,
  "suspicious_quality": "False",
  "suspicious_timing": "False",
  "suspicious_opening": true,
  "overall_suspicion_score": 32.044324331873426,
  "analyzed_at": "2025-06-24 12:25:18.942865+00:00",
  "game": null
}