{
  "game_id": 1311,
  "acpl": 57.76315789473684,
  "match_rate": 0.34210526315789475,
  "weighted_match_rate": 0.3724736220086885,
  "ipr": 2244.8026315789475,
  "ipr_z_score": 0.0,
  "precision_burst_count": 0,
  "mean_move_time": -2.5,
  "time_variance": 45.70860927152318,
  "time_complexity_corr": -0.4833821531454858,
  "lag_spike_count": 4,
  "uniformity_score": 0.5187586409308657,
  "clutch_accuracy_diff": NaN,
  "opening_entropy": 4.544507255789622,
  "novelty_depth": 5,
  "second_choice_rate": 0.15789473684210525,
  "opening_breadth": 8,
  "tb_match_rate": NaN,
  "dtz_deviation": NaN,
  "conversion_efficiency": null,
  "suspicious_quality": "False",
  "suspicious_timing": "False",
  "suspicious_opening": true,
  "overall_suspicion_score": 39.817324370476925,
  "analyzed_at": "2025-06-24 12:21:03.961429+00:00",
  "game": null
}