{
  "game_id": 669,
  "acpl": 35.833333333333336,
  "match_rate": 0.3333333333333333,
  "weighted_match_rate": 0.3333876374520721,
  "ipr": 2248.75,
  "ipr_z_score": 0.0,
  "precision_burst_count": 0,
  "mean_move_time": 0.0,
  "time_variance": 38.46808510638298,
  "time_complexity_corr": 0.2202768150229994,
  "lag_spike_count": 0,
  "uniformity_score": 0.46705720881149926,
  "clutch_accuracy_diff": NaN,
  "opening_entropy": 4.544507255789622,
  "novelty_depth": 5,
  "second_choice_rate": 0.4166666666666667,
  "opening_breadth": 8,
  "tb_match_rate": NaN,
  "dtz_deviation": NaN,
  "conversion_efficiency": null,
  "suspicious_quality": "False",
  "suspicious_timing": "False",
  "suspicious_opening": true,
  "overall_suspicion_score": 44.858993614022765,
  "analyzed_at": "2025-06-24 12:13:31.309152+00:00",
  "game": null
}