{
  "game_id": 583,
  "acpl": 75.70731707317073,
  "match_rate": 0.43902439024390244,
  "weighted_match_rate": 0.4371271034406267,
  "ipr": 2313.3658536585367,
  "ipr_z_score": 0.0,
  "precision_burst_count": 0,
  "mean_move_time": 0.2682926829268293,
  "time_variance": 5.087624209575429,
  "time_complexity_corr": -0.42090716631909314,
  "lag_spike_count": 2,
  "uniformity_score": 0.3595208736288105,
  "clutch_accuracy_diff": NaN,
  "opening_entropy": 4.544507255789622,
  "novelty_depth": 5,
  "second_choice_rate": 0.1951219512195122,
  "opening_breadth": 8,
  "tb_match_rate": NaN,
  "dtz_deviation": NaN,
  "conversion_efficiency": 63,
  "suspicious_quality": "False",
  "suspicious_timing": "False",
  "suspicious_opening": true,
  "overall_suspicion_score": 36.89465811286716,
  "analyzed_at": "2025-06-24 12:12:34.395117+00:00",
  "game": null
}