{
  "game_id": 779,
  "acpl": 14836.111111111111,
  "match_rate": 0.3333333333333333,
  "weighted_match_rate": 0.3364807802347777,
  "ipr": -5151.388888888889,
  "ipr_z_score": 0.0,
  "precision_burst_count": 0,
  "mean_move_time": 2.074074074074074,
  "time_variance": 21.45240567670474,
  "time_complexity_corr": 0.232486005583562,
  "lag_spike_count": 7,
  "uniformity_score": 0.3890403367532885,
  "clutch_accuracy_diff": NaN,
  "opening_entropy": 4.544507255789622,
  "novelty_depth": 5,
  "second_choice_rate": 0.1111111111111111,
  "opening_breadth": 8,
  "tb_match_rate": NaN,
  "dtz_deviation": NaN,
  "conversion_efficiency": 83,
  "suspicious_quality": "False",
  "suspicious_timing": "False",
  "suspicious_opening": true,
  "overall_suspicion_score": -2323.9709291357503,
  "analyzed_at": "2025-06-24 12:14:47.989714+00:00",
  "game": null
}