{
  "game_id": 1773,
  "acpl": 4102.326530612245,
  "match_rate": 0.3877551020408163,
  "weighted_match_rate": 0.4052855426921495,
  "ipr": 259.0408163265306,
  "ipr_z_score": 0.0,
  "precision_burst_count": 0,
  "mean_move_time": 2.2857142857142856,
  "time_variance": 186.72164948453607,
  "time_complexity_corr": -0.23974215802617646,
  "lag_spike_count": 1,
  "uniformity_score": 0.34373258866697676,
  "clutch_accuracy_diff": NaN,
  "opening_entropy": 4.544507255789622,
  "novelty_depth": 5,
  "second_choice_rate": 0.20408163265306123,
  "opening_breadth": 8,
  "tb_match_rate": NaN,
  "dtz_deviation": NaN,
  "conversion_efficiency": 85,
  "suspicious_quality": "False",
  "suspicious_timing": "False",
  "suspicious_opening": true,
  "overall_suspicion_score": -608.5590998028264,
  "analyzed_at": "2025-06-24 12:26:17.430933+00:00",
  "game": null
}