{
  "game_id": 1330,
  "acpl": 46.59183673469388,
  "match_rate": 0.30612244897959184,
  "weighted_match_rate": 0.3010498678656977,
  "ipr": 2221.6020408163267,
  "ipr_z_score": 0.0,
  "precision_burst_count": 0,
  "mean_move_time": 24.79591836734694,
  "time_variance": 305.96839351125067,
  "time_complexity_corr": 0.27162855851535467,
  "lag_spike_count": 0,
  "uniformity_score": 0.28125060706850125,
  "clutch_accuracy_diff": NaN,
  "opening_entropy": 4.544507255789622,
  "novelty_depth": 5,
  "second_choice_rate": 0.22448979591836735,
  "opening_breadth": 8,
  "tb_match_rate": NaN,
  "dtz_deviation": NaN,
  "conversion_efficiency": null,
  "suspicious_quality": "False",
  "suspicious_timing": "False",
  "suspicious_opening": true,
  "overall_suspicion_score": 40.74236349439065,
  "analyzed_at": "2025-06-24 12:21:19.265491+00:00",
  "game": null
}