{
  "game_id": 334,
  "acpl": 104.8076923076923,
  "match_rate": 0.46153846153846156,
  "weighted_match_rate": 0.4969299210735289,
  "ipr": 2316.826923076923,
  "ipr_z_score": 0.0,
  "precision_burst_count": 0,
  "mean_move_time": 7.153846153846154,
  "time_variance": 50.69454817027632,
  "time_complexity_corr": 0.5712821893232936,
  "lag_spike_count": 4,
  "uniformity_score": 0.3128815617471136,
  "clutch_accuracy_diff": NaN,
  "opening_entropy": 4.544507255789622,
  "novelty_depth": 5,
  "second_choice_rate": 0.07692307692307693,
  "opening_breadth": 8,
  "tb_match_rate": NaN,
  "dtz_deviation": NaN,
  "conversion_efficiency": 93,
  "suspicious_quality": "False",
  "suspicious_timing": "False",
  "suspicious_opening": true,
  "overall_suspicion_score": 39.7844367104932,
  "analyzed_at": "2025-06-24 12:09:46.218066+00:00",
  "game": null
}