{
  "game_id": 1705,
  "acpl": 59.130434782608695,
  "match_rate": 0.43478260869565216,
  "weighted_match_rate": 0.444469036282123,
  "ipr": 2318.2608695652175,
  "ipr_z_score": 0.0,
  "precision_burst_count": 0,
  "mean_move_time": 31.26086956521739,
  "time_variance": 597.0301003344481,
  "time_complexity_corr": 0.7515493091536378,
  "lag_spike_count": 0,
  "uniformity_score": 0.23236374164145224,
  "clutch_accuracy_diff": NaN,
  "opening_entropy": 4.544507255789622,
  "novelty_depth": 5,
  "second_choice_rate": 0.08695652173913043,
  "opening_breadth": 8,
  "tb_match_rate": NaN,
  "dtz_deviation": NaN,
  "conversion_efficiency": null,
  "suspicious_quality": "False",
  "suspicious_timing": "False",
  "suspicious_opening": true,
  "overall_suspicion_score": 47.389063309454535,
  "analyzed_at": "2025-06-24 12:25:33.749042+00:00",
  "game": null
}