{
  "game_id": 1173,
  "acpl": 63.45454545454545,
  "match_rate": 0.36363636363636365,
  "weighted_match_rate": 0.3752608442031802,
  "ipr": 2259.181818181818,
  "ipr_z_score": 0.0,
  "precision_burst_count": 0,
  "mean_move_time": 0.6623376623376623,
  "time_variance": 463.85909515321276,
  "time_complexity_corr": -0.0060825911115296415,
  "lag_spike_count": 0,
  "uniformity_score": 0.33484436311496163,
  "clutch_accuracy_diff": NaN,
  "opening_entropy": 4.544507255789622,
  "novelty_depth": 5,
  "second_choice_rate": 0.12987012987012986,
  "opening_breadth": 8,
  "tb_match_rate": NaN,
  "dtz_deviation": NaN,
  "conversion_efficiency": null,
  "suspicious_quality": "False",
  "suspicious_timing": "False",
  "suspicious_opening": true,
  "overall_suspicion_score": 36.899593760284276,
  "analyzed_at": "2025-06-24 12:19:22.868627+00:00",
  "game": null
}