{
  "game_id": 488,
  "acpl": 73.97402597402598,
  "match_rate": 0.4025974025974026,
  "weighted_match_rate": 0.400970350703137,
  "ipr": 2285.090909090909,
  "ipr_z_score": 0.0,
  "precision_burst_count": 0,
  "mean_move_time": 1.025974025974026,
  "time_variance": 638.3261183261183,
  "time_complexity_corr": 0.04836779805956301,
  "lag_spike_count": 4,
  "uniformity_score": 0.3199588701663814,
  "clutch_accuracy_diff": NaN,
  "opening_entropy": 4.544507255789622,
  "novelty_depth": 5,
  "second_choice_rate": 0.14285714285714285,
  "opening_breadth": 8,
  "tb_match_rate": NaN,
  "dtz_deviation": NaN,
  "conversion_efficiency": null,
  "suspicious_quality": "False",
  "suspicious_timing": "False",
  "suspicious_opening": true,
  "overall_suspicion_score": 36.41105223658663,
  "analyzed_at": "2025-06-24 12:11:33.983057+00:00",
  "game": null
}