{
  "game_id": 1429,
  "acpl": 49.8421052631579,
  "match_rate": 0.3684210526315789,
  "weighted_match_rate": 0.3803063609931963,
  "ipr": 2269.815789473684,
  "ipr_z_score": 0.0,
  "precision_burst_count": 0,
  "mean_move_time": 1.1754385964912282,
  "time_variance": 196.0043471510635,
  "time_complexity_corr": -0.1761128395930029,
  "lag_spike_count": 0,
  "uniformity_score": 0.36006588332574574,
  "clutch_accuracy_diff": NaN,
  "opening_entropy": 4.544507255789622,
  "novelty_depth": 5,
  "second_choice_rate": 0.15789473684210525,
  "opening_breadth": 8,
  "tb_match_rate": NaN,
  "dtz_deviation": NaN,
  "conversion_efficiency": 86,
  "suspicious_quality": "False",
  "suspicious_timing": "False",
  "suspicious_opening": true,
  "overall_suspicion_score": 39.510815662963864,
  "analyzed_at": "2025-06-24 12:22:22.951808+00:00",
  "game": null
}