{
  "game_id": 765,
  "acpl": 8676.135802469136,
  "match_rate": 0.345679012345679,
  "weighted_match_rate": 0.3617435689879047,
  "ipr": -2061.524691358025,
  "ipr_z_score": 0.0,
  "precision_burst_count": 0,
  "mean_move_time": 1.3950617283950617,
  "time_variance": 399.99202515144543,
  "time_complexity_corr": -0.02927616338253672,
  "lag_spike_count": 2,
  "uniformity_score": 0.3467174044528655,
  "clutch_accuracy_diff": NaN,
  "opening_entropy": 4.544507255789622,
  "novelty_depth": 5,
  "second_choice_rate": 0.18518518518518517,
  "opening_breadth": 8,
  "tb_match_rate": NaN,
  "dtz_deviation": NaN,
  "conversion_efficiency": 145,
  "suspicious_quality": "False",
  "suspicious_timing": "False",
  "suspicious_opening": true,
  "overall_suspicion_score": -1341.3586898633982,
  "analyzed_at": "2025-06-24 12:14:42.305930+00:00",
  "game": null
}