{
  "game_id": 1475,
  "acpl": 2847.6944444444443,
  "match_rate": 0.19444444444444445,
  "weighted_match_rate": 0.21227305024913007,
  "ipr": 731.7083333333335,
  "ipr_z_score": 0.0,
  "precision_burst_count": 0,
  "mean_move_time": -10.194444444444445,
  "time_variance": 105.44444444444447,
  "time_complexity_corr": 0.2917856350269358,
  "lag_spike_count": 0,
  "uniformity_score": 0.5393360347259115,
  "clutch_accuracy_diff": NaN,
  "opening_entropy": 4.544507255789622,
  "novelty_depth": 5,
  "second_choice_rate": 0.2222222222222222,
  "opening_breadth": 8,
  "tb_match_rate": NaN,
  "dtz_deviation": NaN,
  "conversion_efficiency": 120,
  "suspicious_quality": "False",
  "suspicious_timing": "False",
  "suspicious_opening": true,
  "overall_suspicion_score": -406.36148030287757,
  "analyzed_at": "2025-06-24 12:22:55.382440+00:00",
  "game": null
}