{
  "game_id": 1490,
  "acpl": 1908.2075471698113,
  "match_rate": 0.41509433962264153,
  "weighted_match_rate": 0.439886565580015,
  "ipr": 1377.9716981132076,
  "ipr_z_score": 0.0,
  "precision_burst_count": 0,
  "mean_move_time": 0.9811320754716981,
  "time_variance": 120.66630727762804,
  "time_complexity_corr": -0.5254608018556881,
  "lag_spike_count": 0,
  "uniformity_score": 0.3648580745929345,
  "clutch_accuracy_diff": NaN,
  "opening_entropy": 4.544507255789622,
  "novelty_depth": 5,
  "second_choice_rate": 0.16981132075471697,
  "opening_breadth": 8,
  "tb_match_rate": NaN,
  "dtz_deviation": NaN,
  "conversion_efficiency": 95,
  "suspicious_quality": "False",
  "suspicious_timing": "False",
  "suspicious_opening": true,
  "overall_suspicion_score": -256.4927107523263,
  "analyzed_at": "2025-06-24 12:23:03.729536+00:00",
  "game": null
}