{
  "game_id": 1507,
  "acpl": 61.38095238095238,
  "match_rate": 0.23809523809523808,
  "weighted_match_rate": 0.22952790991524305,
  "ipr": 2159.785714285714,
  "ipr_z_score": 0.0,
  "precision_burst_count": 0,
  "mean_move_time": 27.047619047619047,
  "time_variance": 554.5519219736086,
  "time_complexity_corr": -0.4470949289538245,
  "lag_spike_count": 0,
  "uniformity_score": 0.31125364835377606,
  "clutch_accuracy_diff": NaN,
  "opening_entropy": 4.544507255789622,
  "novelty_depth": 5,
  "second_choice_rate": 0.09523809523809523,
  "opening_breadth": 8,
  "tb_match_rate": NaN,
  "dtz_deviation": NaN,
  "conversion_efficiency": null,
  "suspicious_quality": "False",
  "suspicious_timing": "False",
  "suspicious_opening": true,
  "overall_suspicion_score": 33.681195999595595,
  "analyzed_at": "2025-06-24 12:23:16.354445+00:00",
  "game": null
}