{
  "game_id": 160,
  "acpl": 64.23809523809524,
  "match_rate": 0.3968253968253968,
  "weighted_match_rate": 0.4280518021468741,
  "ipr": 2285.34126984127,
  "ipr_z_score": 0.0,
  "precision_burst_count": 0,
  "mean_move_time": 1.3333333333333333,
  "time_variance": 137.15200000000002,
  "time_complexity_corr": -0.16606691395665782,
  "lag_spike_count": 2,
  "uniformity_score": 0.333841071060233,
  "clutch_accuracy_diff": NaN,
  "opening_entropy": 4.544507255789622,
  "novelty_depth": 5,
  "second_choice_rate": 0.14285714285714285,
  "opening_breadth": 8,
  "tb_match_rate": NaN,
  "dtz_deviation": NaN,
  "conversion_efficiency": 95,
  "suspicious_quality": "False",
  "suspicious_timing": "False",
  "suspicious_opening": true,
  "overall_suspicion_score": 37.793444537824925,
  "analyzed_at": "2025-06-24 12:07:50.468676+00:00",
  "game": null
}