{
  "game_id": 1684,
  "acpl": 64.08421052631579,
  "match_rate": 0.3473684210526316,
  "weighted_match_rate": 0.3499194205073268,
  "ipr": 2245.8526315789472,
  "ipr_z_score": 0.0,
  "precision_burst_count": 0,
  "mean_move_time": 1.2526315789473683,
  "time_variance": 56.80356446672237,
  "time_complexity_corr": -0.16273955647781327,
  "lag_spike_count": 2,
  "uniformity_score": 0.34183754724484466,
  "clutch_accuracy_diff": NaN,
  "opening_entropy": 4.544507255789622,
  "novelty_depth": 5,
  "second_choice_rate": 0.1368421052631579,
  "opening_breadth": 8,
  "tb_match_rate": NaN,
  "dtz_deviation": NaN,
  "conversion_efficiency": 164,
  "suspicious_quality": "False",
  "suspicious_timing": "False",
  "suspicious_opening": true,
  "overall_suspicion_score": 36.38694975506954,
  "analyzed_at": "2025-06-24 12:25:23.968168+00:00",
  "game": null
}