{
  "game_id": 314,
  "acpl": 57.95652173913044,
  "match_rate": 0.36231884057971014,
  "weighted_match_rate": 0.346941693729188,
  "ipr": 2260.876811594203,
  "ipr_z_score": 0.0,
  "precision_burst_count": 0,
  "mean_move_time": 1.1014492753623188,
  "time_variance": 377.872844599598,
  "time_complexity_corr": 0.5012812637267975,
  "lag_spike_count": 2,
  "uniformity_score": 0.35064931785033093,
  "clutch_accuracy_diff": NaN,
  "opening_entropy": 4.544507255789622,
  "novelty_depth": 5,
  "second_choice_rate": 0.15942028985507245,
  "opening_breadth": 8,
  "tb_match_rate": NaN,
  "dtz_deviation": NaN,
  "conversion_efficiency": 103,
  "suspicious_quality": "False",
  "suspicious_timing": "False",
  "suspicious_opening": true,
  "overall_suspicion_score": 43.88721520316001,
  "analyzed_at": "2025-06-24 12:09:35.445347+00:00",
  "game": null
}