{
  "game_id": 957,
  "acpl": 60.333333333333336,
  "match_rate": 0.3333333333333333,
  "weighted_match_rate": 0.2939683673231651,
  "ipr": 2236.5,
  "ipr_z_score": 0.0,
  "precision_burst_count": 0,
  "mean_move_time": 0.20833333333333334,
  "time_variance": 93.72456140350876,
  "time_complexity_corr": -0.1966722543554915,
  "lag_spike_count": 0,
  "uniformity_score": 0.3467702760730451,
  "clutch_accuracy_diff": NaN,
  "opening_entropy": 4.544507255789622,
  "novelty_depth": 5,
  "second_choice_rate": 0.20833333333333334,
  "opening_breadth": 8,
  "tb_match_rate": NaN,
  "dtz_deviation": NaN,
  "conversion_efficiency": null,
  "suspicious_quality": "False",
  "suspicious_timing": "False",
  "suspicious_opening": true,
  "overall_suspicion_score": 36.20891552545771,
  "analyzed_at": "2025-06-24 12:16:48.562462+00:00",
  "game": null
}