{
  "game_id": 609,
  "acpl": 2465.6341463414633,
  "match_rate": 0.34146341463414637,
  "weighted_match_rate": 0.31093820300904834,
  "ipr": 1040.3536585365855,
  "ipr_z_score": 0.0,
  "precision_burst_count": 0,
  "mean_move_time": 1.853658536585366,
  "time_variance": 853.3610358325807,
  "time_complexity_corr": -0.6134927831237045,
  "lag_spike_count": 0,
  "uniformity_score": 0.3457275207764122,
  "clutch_accuracy_diff": NaN,
  "opening_entropy": 4.544507255789622,
  "novelty_depth": 5,
  "second_choice_rate": 0.14634146341463414,
  "opening_breadth": 8,
  "tb_match_rate": NaN,
  "dtz_deviation": NaN,
  "conversion_efficiency": 67,
  "suspicious_quality": "False",
  "suspicious_timing": "False",
  "suspicious_opening": true,
  "overall_suspicion_score": -348.35104999321067,
  "analyzed_at": "2025-06-24 12:12:50.597889+00:00",
  "game": null
}