{
  "game_id": 544,
  "acpl": 55.285714285714285,
  "match_rate": 0.37142857142857144,
  "weighted_match_rate": 0.38414114096119706,
  "ipr": 2269.5,
  "ipr_z_score": 0.0,
  "precision_burst_count": 0,
  "mean_move_time": -2.2285714285714286,
  "time_variance": 33.61644398766702,
  "time_complexity_corr": 0.023076739395450713,
  "lag_spike_count": 8,
  "uniformity_score": 0.47682403457548594,
  "clutch_accuracy_diff": NaN,
  "opening_entropy": 4.544507255789622,
  "novelty_depth": 6,
  "second_choice_rate": 0.22857142857142856,
  "opening_breadth": 8,
  "tb_match_rate": NaN,
  "dtz_deviation": NaN,
  "conversion_efficiency": null,
  "suspicious_quality": "False",
  "suspicious_timing": "False",
  "suspicious_opening": true,
  "overall_suspicion_score": 40.06988193759965,
  "analyzed_at": "2025-06-24 12:12:11.594141+00:00",
  "game": null
}