{
  "game_id": 570,
  "acpl": 1956.2830188679245,
  "match_rate": 0.5094339622641509,
  "weighted_match_rate": 0.5260028218244677,
  "ipr": 1429.4056603773586,
  "ipr_z_score": 0.0,
  "precision_burst_count": 0,
  "mean_move_time": 27.358490566037737,
  "time_variance": 589.0841455781097,
  "time_complexity_corr": -0.507479862841011,
  "lag_spike_count": 0,
  "uniformity_score": 0.22779294763668553,
  "clutch_accuracy_diff": NaN,
  "opening_entropy": 4.544507255789622,
  "novelty_depth": 6,
  "second_choice_rate": 0.1320754716981132,
  "opening_breadth": 8,
  "tb_match_rate": NaN,
  "dtz_deviation": NaN,
  "conversion_efficiency": 179,
  "suspicious_quality": "False",
  "suspicious_timing": "False",
  "suspicious_opening": true,
  "overall_suspicion_score": -264.1326297643459,
  "analyzed_at": "2025-06-24 12:12:30.485459+00:00",
  "game": null
}