{
  "game_id": 1331,
  "acpl": 3397.366666666667,
  "match_rate": 0.23333333333333334,
  "weighted_match_rate": 0.2609680467871943,
  "ipr": 487.98333333333335,
  "ipr_z_score": 0.0,
  "precision_burst_count": 0,
  "mean_move_time": -18.733333333333334,
  "time_variance": 177.67619047619047,
  "time_complexity_corr": -0.524581647377209,
  "lag_spike_count": 0,
  "uniformity_score": 0.8282372645760818,
  "clutch_accuracy_diff": NaN,
  "opening_entropy": 4.544507255789622,
  "novelty_depth": 5,
  "second_choice_rate": 0.4,
  "opening_breadth": 8,
  "tb_match_rate": NaN,
  "dtz_deviation": NaN,
  "conversion_efficiency": null,
  "suspicious_quality": "False",
  "suspicious_timing": "False",
  "suspicious_opening": true,
  "overall_suspicion_score": -493.29408429801936,
  "analyzed_at": "2025-06-24 12:21:12.753606+00:00",
  "game": null
}