{
  "game_id": 781,
  "acpl": 2749.2432432432433,
  "match_rate": 0.2702702702702703,
  "weighted_match_rate": 0.2810934665578349,
  "ipr": 841.5945945945946,
  "ipr_z_score": 0.0,
  "precision_burst_count": 0,
  "mean_move_time": 4.081081081081081,
  "time_variance": 61.95256480970767,
  "time_complexity_corr": -0.41373785781426387,
  "lag_spike_count": 3,
  "uniformity_score": 0.28482155937742465,
  "clutch_accuracy_diff": NaN,
  "opening_entropy": 4.544507255789622,
  "novelty_depth": 5,
  "second_choice_rate": 0.02702702702702703,
  "opening_breadth": 8,
  "tb_match_rate": NaN,
  "dtz_deviation": NaN,
  "conversion_efficiency": null,
  "suspicious_quality": "False",
  "suspicious_timing": "False",
  "suspicious_opening": true,
  "overall_suspicion_score": -395.70228458476396,
  "analyzed_at": "2025-06-24 12:14:52.838685+00:00",
  "game": null
}