{
  "game_id": 1489,
  "acpl": 70.49473684210527,
  "match_rate": 0.4,
  "weighted_match_rate": 0.4243977313915286,
  "ipr": 2284.7526315789473,
  "ipr_z_score": 0.0,
  "precision_burst_count": 0,
  "mean_move_time": 1.1368421052631579,
  "time_variance": 659.2086883876357,
  "time_complexity_corr": -0.19036308880046873,
  "lag_spike_count": 2,
  "uniformity_score": 0.34009267929325276,
  "clutch_accuracy_diff": NaN,
  "opening_entropy": 4.544507255789622,
  "novelty_depth": 5,
  "second_choice_rate": 0.17894736842105263,
  "opening_breadth": 8,
  "tb_match_rate": NaN,
  "dtz_deviation": NaN,
  "conversion_efficiency": 115,
  "suspicious_quality": "False",
  "suspicious_timing": "False",
  "suspicious_opening": true,
  "overall_suspicion_score": 36.864773373127164,
  "analyzed_at": "2025-06-24 12:23:07.153375+00:00",
  "game": null
}