{
  "game_id": 1625,
  "acpl": 64.46478873239437,
  "match_rate": 0.39436619718309857,
  "weighted_match_rate": 0.42045858496230804,
  "ipr": 2283.260563380282,
  "ipr_z_score": 0.0,
  "precision_burst_count": 0,
  "mean_move_time": 1.056338028169014,
  "time_variance": 576.7343921686146,
  "time_complexity_corr": 0.06431180741786897,
  "lag_spike_count": 0,
  "uniformity_score": 0.3438538957764244,
  "clutch_accuracy_diff": NaN,
  "opening_entropy": 4.544507255789622,
  "novelty_depth": 6,
  "second_choice_rate": 0.1267605633802817,
  "opening_breadth": 7,
  "tb_match_rate": NaN,
  "dtz_deviation": NaN,
  "conversion_efficiency": 112,
  "suspicious_quality": "False",
  "suspicious_timing": "False",
  "suspicious_opening": true,
  "overall_suspicion_score": 38.16560247849045,
  "analyzed_at": "2025-06-24 12:24:40.673174+00:00",
  "game": null
}