{
  "game_id": 1679,
  "acpl": 47.51020408163265,
  "match_rate": 0.42857142857142855,
  "weighted_match_rate": 0.4347932169474655,
  "ipr": 2319.1020408163267,
  "ipr_z_score": 0.0,
  "precision_burst_count": 0,
  "mean_move_time": 0.8163265306122449,
  "time_variance": 334.0483904902167,
  "time_complexity_corr": -0.10293936989358866,
  "lag_spike_count": 0,
  "uniformity_score": 0.3458752578748368,
  "clutch_accuracy_diff": NaN,
  "opening_entropy": 4.544507255789622,
  "novelty_depth": 5,
  "second_choice_rate": 0.16326530612244897,
  "opening_breadth": 8,
  "tb_match_rate": NaN,
  "dtz_deviation": NaN,
  "conversion_efficiency": 82,
  "suspicious_quality": "False",
  "suspicious_timing": "False",
  "suspicious_opening": true,
  "overall_suspicion_score": 41.08218381660097,
  "analyzed_at": "2025-06-24 12:25:17.715253+00:00",
  "game": null
}