{
  "game_id": 1040,
  "acpl": 1583.5846153846153,
  "match_rate": 0.3384615384615385,
  "weighted_match_rate": 0.3345166184434093,
  "ipr": 1478.9769230769232,
  "ipr_z_score": 0.0,
  "precision_burst_count": 0,
  "mean_move_time": 1.646153846153846,
  "time_variance": 620.9745974955277,
  "time_complexity_corr": -0.48907481282148085,
  "lag_spike_count": 0,
  "uniformity_score": 0.3510874863468665,
  "clutch_accuracy_diff": NaN,
  "opening_entropy": 4.544507255789622,
  "novelty_depth": 5,
  "second_choice_rate": 0.06153846153846154,
  "opening_breadth": 8,
  "tb_match_rate": NaN,
  "dtz_deviation": NaN,
  "conversion_efficiency": 108,
  "suspicious_quality": "False",
  "suspicious_timing": "False",
  "suspicious_opening": true,
  "overall_suspicion_score": -206.90920699934324,
  "analyzed_at": "2025-06-24 12:17:49.778432+00:00",
  "game": null
}