{
  "game_id": 1186,
  "acpl": 2500.0243902439024,
  "match_rate": 0.34146341463414637,
  "weighted_match_rate": 0.37231842579622354,
  "ipr": 1023.1585365853659,
  "ipr_z_score": 0.0,
  "precision_burst_count": 0,
  "mean_move_time": 19.073170731707318,
  "time_variance": 179.40565614245097,
  "time_complexity_corr": 0.22606569177973063,
  "lag_spike_count": 0,
  "uniformity_score": 0.25901828450767583,
  "clutch_accuracy_diff": NaN,
  "opening_entropy": 4.544507255789622,
  "novelty_depth": 5,
  "second_choice_rate": 0.14634146341463414,
  "opening_breadth": 7,
  "tb_match_rate": NaN,
  "dtz_deviation": NaN,
  "conversion_efficiency": 136,
  "suspicious_quality": "False",
  "suspicious_timing": "False",
  "suspicious_opening": true,
  "overall_suspicion_score": -351.3749706502674,
  "analyzed_at": "2025-06-24 12:19:38.569211+00:00",
  "game": null
}