{
  "game_id": 773,
  "acpl": 65.01639344262296,
  "match_rate": 0.29508196721311475,
  "weighted_match_rate": 0.33622815712508186,
  "ipr": 2203.55737704918,
  "ipr_z_score": 0.0,
  "precision_burst_count": 0,
  "mean_move_time": -10.950819672131148,
  "time_variance": 189.01814747352086,
  "time_complexity_corr": -0.718693309535683,
  "lag_spike_count": 0,
  "uniformity_score": 0.49258884688463517,
  "clutch_accuracy_diff": NaN,
  "opening_entropy": 4.544507255789622,
  "novelty_depth": 5,
  "second_choice_rate": 0.11475409836065574,
  "opening_breadth": 8,
  "tb_match_rate": NaN,
  "dtz_deviation": NaN,
  "conversion_efficiency": 217,
  "suspicious_quality": "False",
  "suspicious_timing": "False",
  "suspicious_opening": true,
  "overall_suspicion_score": 37.33045912729663,
  "analyzed_at": "2025-06-24 12:14:51.454705+00:00",
  "game": null
}