{
  "game_id": 1461,
  "acpl": 61.94117647058823,
  "match_rate": 0.2647058823529412,
  "weighted_match_rate": 0.2831710864962865,
  "ipr": 2180.794117647059,
  "ipr_z_score": 0.0,
  "precision_burst_count": 0,
  "mean_move_time": 36.11764705882353,
  "time_variance": 604.5490196078432,
  "time_complexity_corr": 0.5029496921126944,
  "lag_spike_count": 0,
  "uniformity_score": 0.27548514230302135,
  "clutch_accuracy_diff": NaN,
  "opening_entropy": 4.544507255789622,
  "novelty_depth": 5,
  "second_choice_rate": 0.17647058823529413,
  "opening_breadth": 8,
  "tb_match_rate": NaN,
  "dtz_deviation": NaN,
  "conversion_efficiency": null,
  "suspicious_quality": "False",
  "suspicious_timing": "False",
  "suspicious_opening": true,
  "overall_suspicion_score": 40.39437082109306,
  "analyzed_at": "2025-06-24 12:22:48.441995+00:00",
  "game": null
}