{
  "game_id": 912,
  "acpl": 2882.3714285714286,
  "match_rate": 0.4,
  "weighted_match_rate": 0.43306254481369244,
  "ipr": 878.8142857142857,
  "ipr_z_score": 0.0,
  "precision_burst_count": 0,
  "mean_move_time": 2.8857142857142857,
  "time_variance": 2509.783850931676,
  "time_complexity_corr": -0.05887312545931669,
  "lag_spike_count": 0,
  "uniformity_score": 0.34592431530193035,
  "clutch_accuracy_diff": NaN,
  "opening_entropy": 4.544507255789622,
  "novelty_depth": 5,
  "second_choice_rate": 0.14285714285714285,
  "opening_breadth": 8,
  "tb_match_rate": NaN,
  "dtz_deviation": NaN,
  "conversion_efficiency": 54,
  "suspicious_quality": "False",
  "suspicious_timing": "False",
  "suspicious_opening": true,
  "overall_suspicion_score": -412.85862409239013,
  "analyzed_at": "2025-06-24 12:16:17.567585+00:00",
  "game": null
}