{
  "game_id": 748,
  "acpl": 48.588235294117645,
  "match_rate": 0.35294117647058826,
  "weighted_match_rate": 0.34954018892204636,
  "ipr": 2258.0588235294117,
  "ipr_z_score": 0.0,
  "precision_burst_count": 0,
  "mean_move_time": 2.3529411764705883,
  "time_variance": 15.992976294995609,
  "time_complexity_corr": 0.005044461082474633,
  "lag_spike_count": 3,
  "uniformity_score": 0.3827653740795672,
  "clutch_accuracy_diff": NaN,
  "opening_entropy": 4.544507255789622,
  "novelty_depth": 5,
  "second_choice_rate": 0.17647058823529413,
  "opening_breadth": 8,
  "tb_match_rate": NaN,
  "dtz_deviation": NaN,
  "conversion_efficiency": null,
  "suspicious_quality": "False",
  "suspicious_timing": "False",
  "suspicious_opening": true,
  "overall_suspicion_score": 39.50328167717832,
  "analyzed_at": "2025-06-24 12:14:23.709054+00:00",
  "game": null
}