{
  "game_id": 385,
  "acpl": 6449.193548387097,
  "match_rate": 0.3225806451612903,
  "weighted_match_rate": 0.3213765892170235,
  "ipr": -966.5322580645161,
  "ipr_z_score": 0.0,
  "precision_burst_count": 0,
  "mean_move_time": 28.677419354838708,
  "time_variance": 246.07395751376868,
  "time_complexity_corr": 0.5213038348216232,
  "lag_spike_count": 0,
  "uniformity_score": 0.32068385540653577,
  "clutch_accuracy_diff": NaN,
  "opening_entropy": 4.544507255789622,
  "novelty_depth": 5,
  "second_choice_rate": 0.22580645161290322,
  "opening_breadth": 8,
  "tb_match_rate": NaN,
  "dtz_deviation": NaN,
  "conversion_efficiency": null,
  "suspicious_quality": "False",
  "suspicious_timing": "False",
  "suspicious_opening": true,
  "overall_suspicion_score": -979.6186348015436,
  "analyzed_at": "2025-06-24 12:10:18.433497+00:00",
  "game": null
}