{
  "game_id": 987,
  "acpl": 43.357142857142854,
  "match_rate": 0.3333333333333333,
  "weighted_match_rate": 0.3569402447462723,
  "ipr": 2244.9880952380954,
  "ipr_z_score": 0.0,
  "precision_burst_count": 0,
  "mean_move_time": 11.023809523809524,
  "time_variance": 115.56829198745368,
  "time_complexity_corr": -0.008747304964367557,
  "lag_spike_count": 8,
  "uniformity_score": 0.299171582320616,
  "clutch_accuracy_diff": NaN,
  "opening_entropy": 4.544507255789622,
  "novelty_depth": 5,
  "second_choice_rate": 0.16666666666666666,
  "opening_breadth": 8,
  "tb_match_rate": NaN,
  "dtz_deviation": NaN,
  "conversion_efficiency": null,
  "suspicious_quality": "False",
  "suspicious_timing": "False",
  "suspicious_opening": true,
  "overall_suspicion_score": 39.08578485882011,
  "analyzed_at": "2025-06-24 12:17:11.343594+00:00",
  "game": null
}