{
  "game_id": 1095,
  "acpl": 52.41772151898734,
  "match_rate": 0.4430379746835443,
  "weighted_match_rate": 0.4522451229342603,
  "ipr": 2328.221518987342,
  "ipr_z_score": 0.0,
  "precision_burst_count": 0,
  "mean_move_time": 1.1772151898734178,
  "time_variance": 1311.2804966540355,
  "time_complexity_corr": -0.1844153374349122,
  "lag_spike_count": 0,
  "uniformity_score": 0.3425770682759358,
  "clutch_accuracy_diff": NaN,
  "opening_entropy": 4.544507255789622,
  "novelty_depth": 5,
  "second_choice_rate": 0.1518987341772152,
  "opening_breadth": 8,
  "tb_match_rate": NaN,
  "dtz_deviation": NaN,
  "conversion_efficiency": 130,
  "suspicious_quality": "False",
  "suspicious_timing": "False",
  "suspicious_opening": true,
  "overall_suspicion_score": 40.638775081824875,
  "analyzed_at": "2025-06-24 12:18:33.329034+00:00",
  "game": null
}