{
  "game_id": 500,
  "acpl": 4167.081632653061,
  "match_rate": 0.4489795918367347,
  "weighted_match_rate": 0.4694715593642436,
  "ipr": 275.6428571428571,
  "ipr_z_score": 0.0,
  "precision_burst_count": 0,
  "mean_move_time": 1.2448979591836735,
  "time_variance": 63.36208710288239,
  "time_complexity_corr": -0.3012239605504394,
  "lag_spike_count": 0,
  "uniformity_score": 0.3238559891667728,
  "clutch_accuracy_diff": NaN,
  "opening_entropy": 4.544507255789622,
  "novelty_depth": 5,
  "second_choice_rate": 0.24489795918367346,
  "opening_breadth": 8,
  "tb_match_rate": NaN,
  "dtz_deviation": NaN,
  "conversion_efficiency": 78,
  "suspicious_quality": "False",
  "suspicious_timing": "False",
  "suspicious_opening": true,
  "overall_suspicion_score": -617.6634475454935,
  "analyzed_at": "2025-06-24 12:11:36.523773+00:00",
  "game": null
}