{
  "game_id": 1810,
  "acpl": 70.65517241379311,
  "match_rate": 0.3448275862068966,
  "weighted_match_rate": 0.6387491846357375,
  "ipr": 2240.5344827586205,
  "ipr_z_score": 0.0,
  "precision_burst_count": 0,
  "mean_move_time": 4.620689655172414,
  "time_variance": 47.26356821589206,
  "time_complexity_corr": 0.32282696395692817,
  "lag_spike_count": 4,
  "uniformity_score": 0.29353498204970313,
  "clutch_accuracy_diff": NaN,
  "opening_entropy": 4.544507255789622,
  "novelty_depth": 5,
  "second_choice_rate": 0.10344827586206896,
  "opening_breadth": 8,
  "tb_match_rate": NaN,
  "dtz_deviation": NaN,
  "conversion_efficiency": null,
  "suspicious_quality": "False",
  "suspicious_timing": "False",
  "suspicious_opening": true,
  "overall_suspicion_score": 42.202617988987605,
  "analyzed_at": "2025-06-24 12:26:43.384685+00:00",
  "game": null
}