{
  "game_id": 923,
  "acpl": 3079.4545454545455,
  "match_rate": 0.3333333333333333,
  "weighted_match_rate": 0.3170837929812001,
  "ipr": 726.939393939394,
  "ipr_z_score": 0.0,
  "precision_burst_count": 0,
  "mean_move_time": 21.12121212121212,
  "time_variance": 350.8859588248901,
  "time_complexity_corr": 0.7653172434894507,
  "lag_spike_count": 0,
  "uniformity_score": 0.27984885259202513,
  "clutch_accuracy_diff": NaN,
  "opening_entropy": 4.544507255789622,
  "novelty_depth": 5,
  "second_choice_rate": 0.21212121212121213,
  "opening_breadth": 8,
  "tb_match_rate": NaN,
  "dtz_deviation": NaN,
  "conversion_efficiency": 112,
  "suspicious_quality": "False",
  "suspicious_timing": "True",
  "suspicious_opening": true,
  "overall_suspicion_score": -437.8431455559345,
  "analyzed_at": "2025-06-24 12:16:32.821369+00:00",
  "game": null
}