{
  "game_id": 1521,
  "acpl": 60.16923076923077,
  "match_rate": 0.4461538461538462,
  "weighted_match_rate": 0.46210538505930004,
  "ipr": 2326.8384615384616,
  "ipr_z_score": 0.0,
  "precision_burst_count": 0,
  "mean_move_time": 1.2307692307692308,
  "time_variance": 789.2331544424567,
  "time_complexity_corr": 0.28488669491339597,
  "lag_spike_count": 0,
  "uniformity_score": 0.3643041506996261,
  "clutch_accuracy_diff": NaN,
  "opening_entropy": 4.544507255789622,
  "novelty_depth": 5,
  "second_choice_rate": 0.1076923076923077,
  "opening_breadth": 8,
  "tb_match_rate": NaN,
  "dtz_deviation": NaN,
  "conversion_efficiency": 114,
  "suspicious_quality": "False",
  "suspicious_timing": "False",
  "suspicious_opening": true,
  "overall_suspicion_score": 43.386919421643604,
  "analyzed_at": "2025-06-24 12:23:30.817044+00:00",
  "game": null
}