{
  "game_id": 1361,
  "acpl": 2252.5333333333333,
  "match_rate": 0.5111111111111111,
  "weighted_match_rate": 0.4481511898282318,
  "ipr": 1282.6222222222223,
  "ipr_z_score": 0.0,
  "precision_burst_count": 0,
  "mean_move_time": 1.8222222222222222,
  "time_variance": 198.84444444444446,
  "time_complexity_corr": -0.6409545782356774,
  "lag_spike_count": 2,
  "uniformity_score": 0.34415090562673945,
  "clutch_accuracy_diff": NaN,
  "opening_entropy": 4.544507255789622,
  "novelty_depth": 5,
  "second_choice_rate": 0.1111111111111111,
  "opening_breadth": 8,
  "tb_match_rate": NaN,
  "dtz_deviation": NaN,
  "conversion_efficiency": 76,
  "suspicious_quality": "False",
  "suspicious_timing": "False",
  "suspicious_opening": true,
  "overall_suspicion_score": -310.59229940172696,
  "analyzed_at": "2025-06-24 12:21:32.436601+00:00",
  "game": null
}