{
  "game_id": 1469,
  "acpl": 68.73913043478261,
  "match_rate": 0.391304347826087,
  "weighted_match_rate": 0.37758102136252114,
  "ipr": 2278.673913043478,
  "ipr_z_score": 0.0,
  "precision_burst_count": 0,
  "mean_move_time": 0.2608695652173913,
  "time_variance": 84.10821256038648,
  "time_complexity_corr": 0.05861904174920501,
  "lag_spike_count": 0,
  "uniformity_score": 0.3505077969881209,
  "clutch_accuracy_diff": NaN,
  "opening_entropy": 4.544507255789622,
  "novelty_depth": 5,
  "second_choice_rate": 0.13043478260869565,
  "opening_breadth": 8,
  "tb_match_rate": NaN,
  "dtz_deviation": NaN,
  "conversion_efficiency": null,
  "suspicious_quality": "False",
  "suspicious_timing": "False",
  "suspicious_opening": true,
  "overall_suspicion_score": 37.34244904491465,
  "analyzed_at": "2025-06-24 12:22:49.363154+00:00",
  "game": null
}