{
  "game_id": 1473,
  "acpl": 1932.2641509433963,
  "match_rate": 0.39622641509433965,
  "weighted_match_rate": 0.4071526240871157,
  "ipr": 1350.8490566037735,
  "ipr_z_score": 0.0,
  "precision_burst_count": 0,
  "mean_move_time": 1.1132075471698113,
  "time_variance": 436.1013477088949,
  "time_complexity_corr": -0.04415715606806728,
  "lag_spike_count": 0,
  "uniformity_score": 0.34474397998559625,
  "clutch_accuracy_diff": NaN,
  "opening_entropy": 4.544507255789622,
  "novelty_depth": 5,
  "second_choice_rate": 0.11320754716981132,
  "opening_breadth": 8,
  "tb_match_rate": NaN,
  "dtz_deviation": NaN,
  "conversion_efficiency": 81,
  "suspicious_quality": "False",
  "suspicious_timing": "False",
  "suspicious_opening": true,
  "overall_suspicion_score": -261.212415930946,
  "analyzed_at": "2025-06-24 12:22:54.431727+00:00",
  "game": null
}