{
  "game_id": 1653,
  "acpl": 3537.0,
  "match_rate": 0.2807017543859649,
  "weighted_match_rate": 0.2495701937734558,
  "ipr": 456.06140350877195,
  "ipr_z_score": 0.0,
  "precision_burst_count": 0,
  "mean_move_time": 1.2456140350877194,
  "time_variance": 278.9833876727216,
  "time_complexity_corr": -0.47109628127425096,
  "lag_spike_count": 0,
  "uniformity_score": 0.3453765399749691,
  "clutch_accuracy_diff": NaN,
  "opening_entropy": 4.544507255789622,
  "novelty_depth": 5,
  "second_choice_rate": 0.19298245614035087,
  "opening_breadth": 8,
  "tb_match_rate": NaN,
  "dtz_deviation": NaN,
  "conversion_efficiency": 105,
  "suspicious_quality": "False",
  "suspicious_timing": "False",
  "suspicious_opening": true,
  "overall_suspicion_score": -521.2395298723999,
  "analyzed_at": "2025-06-24 12:24:58.388476+00:00",
  "game": null
}