{
  "game_id": 1447,
  "acpl": 55.03225806451613,
  "match_rate": 0.3225806451612903,
  "weighted_match_rate": 0.3571766141000964,
  "ipr": 2230.548387096774,
  "ipr_z_score": 0.0,
  "precision_burst_count": 0,
  "mean_move_time": 28.06451612903226,
  "time_variance": 765.1340152111198,
  "time_complexity_corr": 0.1616887727230045,
  "lag_spike_count": 0,
  "uniformity_score": 0.22368678935388417,
  "clutch_accuracy_diff": NaN,
  "opening_entropy": 4.544507255789622,
  "novelty_depth": 5,
  "second_choice_rate": 0.2903225806451613,
  "opening_breadth": 8,
  "tb_match_rate": NaN,
  "dtz_deviation": NaN,
  "conversion_efficiency": null,
  "suspicious_quality": "False",
  "suspicious_timing": "False",
  "suspicious_opening": true,
  "overall_suspicion_score": 38.169120346775166,
  "analyzed_at": "2025-06-24 12:22:34.829687+00:00",
  "game": null
}