{
  "game_id": 369,
  "acpl": 1733.8474576271187,
  "match_rate": 0.3559322033898305,
  "weighted_match_rate": 0.3569215660841729,
  "ipr": 1417.822033898305,
  "ipr_z_score": 0.0,
  "precision_burst_count": 0,
  "mean_move_time": 25.74576271186441,
  "time_variance": 241.72232239451853,
  "time_complexity_corr": 0.02035347771799042,
  "lag_spike_count": 0,
  "uniformity_score": 0.4357018532985075,
  "clutch_accuracy_diff": NaN,
  "opening_entropy": 4.544507255789622,
  "novelty_depth": 5,
  "second_choice_rate": 0.11864406779661017,
  "opening_breadth": 8,
  "tb_match_rate": NaN,
  "dtz_deviation": NaN,
  "conversion_efficiency": null,
  "suspicious_quality": "False",
  "suspicious_timing": "False",
  "suspicious_opening": true,
  "overall_suspicion_score": -229.16065634894477,
  "analyzed_at": "2025-06-24 12:10:10.731375+00:00",
  "game": null
}