{
  "game_id": 1541,
  "acpl": 42.3,
  "match_rate": 0.45714285714285713,
  "weighted_match_rate": 0.46596949345654676,
  "ipr": 2344.5642857142857,
  "ipr_z_score": 0.0,
  "precision_burst_count": 0,
  "mean_move_time": 17.742857142857144,
  "time_variance": 56.36374807987711,
  "time_complexity_corr": -0.544241292701257,
  "lag_spike_count": 0,
  "uniformity_score": 0.29992166757387073,
  "clutch_accuracy_diff": NaN,
  "opening_entropy": 4.544507255789622,
  "novelty_depth": 5,
  "second_choice_rate": 0.15714285714285714,
  "opening_breadth": 8,
  "tb_match_rate": NaN,
  "dtz_deviation": NaN,
  "conversion_efficiency": 242,
  "suspicious_quality": "True",
  "suspicious_timing": "False",
  "suspicious_opening": true,
  "overall_suspicion_score": 42.05836905186624,
  "analyzed_at": "2025-06-24 12:23:47.577678+00:00",
  "game": null
}