{
  "game_id": 772,
  "acpl": 2453.878048780488,
  "match_rate": 0.34146341463414637,
  "weighted_match_rate": 0.34094541895804265,
  "ipr": 1046.2317073170732,
  "ipr_z_score": 0.0,
  "precision_burst_count": 0,
  "mean_move_time": 0.3170731707317073,
  "time_variance": 288.36735922914784,
  "time_complexity_corr": -0.010119155802333373,
  "lag_spike_count": 0,
  "uniformity_score": 0.3420554108883465,
  "clutch_accuracy_diff": NaN,
  "opening_entropy": 4.544507255789622,
  "novelty_depth": 5,
  "second_choice_rate": 0.21951219512195122,
  "opening_breadth": 7,
  "tb_match_rate": NaN,
  "dtz_deviation": NaN,
  "conversion_efficiency": 62,
  "suspicious_quality": "False",
  "suspicious_timing": "False",
  "suspicious_opening": true,
  "overall_suspicion_score": -346.1558891656674,
  "analyzed_at": "2025-06-24 12:14:38.223736+00:00",
  "game": null
}