{
  "game_id": 612,
  "acpl": 42.1025641025641,
  "match_rate": 0.3333333333333333,
  "weighted_match_rate": 0.3611365184219175,
  "ipr": 2245.6153846153848,
  "ipr_z_score": 0.0,
  "precision_burst_count": 0,
  "mean_move_time": 0.41025641025641024,
  "time_variance": 4.504828504828504,
  "time_complexity_corr": 0.17479751973066432,
  "lag_spike_count": 0,
  "uniformity_score": 0.3863377231693655,
  "clutch_accuracy_diff": NaN,
  "opening_entropy": 4.544507255789622,
  "novelty_depth": 6,
  "second_choice_rate": 0.1794871794871795,
  "opening_breadth": 7,
  "tb_match_rate": NaN,
  "dtz_deviation": NaN,
  "conversion_efficiency": null,
  "suspicious_quality": "False",
  "suspicious_timing": "False",
  "suspicious_opening": true,
  "overall_suspicion_score": 42.21141850090313,
  "analyzed_at": "2025-06-24 12:12:52.699155+00:00",
  "game": null
}