{
  "game_id": 1754,
  "acpl": 80.56521739130434,
  "match_rate": 0.2826086956521739,
  "weighted_match_rate": 0.29017086424101535,
  "ipr": 2185.804347826087,
  "ipr_z_score": 0.0,
  "precision_burst_count": 0,
  "mean_move_time": 30.32608695652174,
  "time_variance": 421.37942504157763,
  "time_complexity_corr": -0.447666532480932,
  "lag_spike_count": 0,
  "uniformity_score": 0.29991947523346035,
  "clutch_accuracy_diff": NaN,
  "opening_entropy": 4.544507255789622,
  "novelty_depth": 5,
  "second_choice_rate": 0.1956521739130435,
  "opening_breadth": 8,
  "tb_match_rate": NaN,
  "dtz_deviation": NaN,
  "conversion_efficiency": null,
  "suspicious_quality": "False",
  "suspicious_timing": "False",
  "suspicious_opening": true,
  "overall_suspicion_score": 31.73191337652783,
  "analyzed_at": "2025-06-24 12:26:10.177329+00:00",
  "game": null
}