{
  "game_id": 190,
  "acpl": 43.833333333333336,
  "match_rate": 0.4444444444444444,
  "weighted_match_rate": 0.4460794592814626,
  "ipr": 2333.6388888888887,
  "ipr_z_score": 0.0,
  "precision_burst_count": 0,
  "mean_move_time": 28.38888888888889,
  "time_variance": 828.5226917057904,
  "time_complexity_corr": 0.6775365949191648,
  "lag_spike_count": 0,
  "uniformity_score": 0.3672383725117477,
  "clutch_accuracy_diff": NaN,
  "opening_entropy": 4.544507255789622,
  "novelty_depth": 5,
  "second_choice_rate": 0.1111111111111111,
  "opening_breadth": 8,
  "tb_match_rate": NaN,
  "dtz_deviation": NaN,
  "conversion_efficiency": null,
  "suspicious_quality": "False",
  "suspicious_timing": "True",
  "suspicious_opening": true,
  "overall_suspicion_score": 50.73264060426396,
  "analyzed_at": "2025-06-24 12:08:06.163547+00:00",
  "game": null
}