{
  "game_id": 1575,
  "acpl": 74.93975903614458,
  "match_rate": 0.3493975903614458,
  "weighted_match_rate": 0.37446851150198107,
  "ipr": 2242.0481927710844,
  "ipr_z_score": 0.0,
  "precision_burst_count": 0,
  "mean_move_time": 0.9879518072289156,
  "time_variance": 778.3634903249362,
  "time_complexity_corr": 0.5677703117718454,
  "lag_spike_count": 0,
  "uniformity_score": 0.35422731334491747,
  "clutch_accuracy_diff": NaN,
  "opening_entropy": 4.544507255789622,
  "novelty_depth": 5,
  "second_choice_rate": 0.20481927710843373,
  "opening_breadth": 7,
  "tb_match_rate": NaN,
  "dtz_deviation": NaN,
  "conversion_efficiency": 133,
  "suspicious_quality": "False",
  "suspicious_timing": "False",
  "suspicious_opening": true,
  "overall_suspicion_score": 42.221002090537525,
  "analyzed_at": "2025-06-24 12:24:07.655415+00:00",
  "game": null
}