{
  "game_id": 1016,
  "acpl": 2647.0789473684213,
  "match_rate": 0.47368421052631576,
  "weighted_match_rate": 0.4785853631868105,
  "ipr": 1055.407894736842,
  "ipr_z_score": 0.0,
  "precision_burst_count": 0,
  "mean_move_time": 36.473684210526315,
  "time_variance": 494.3436737539212,
  "time_complexity_corr": 0.6259880854879701,
  "lag_spike_count": 0,
  "uniformity_score": 0.2567161775515997,
  "clutch_accuracy_diff": NaN,
  "opening_entropy": 4.544507255789622,
  "novelty_depth": 5,
  "second_choice_rate": 0.18421052631578946,
  "opening_breadth": 8,
  "tb_match_rate": NaN,
  "dtz_deviation": NaN,
  "conversion_efficiency": null,
  "suspicious_quality": "False",
  "suspicious_timing": "False",
  "suspicious_opening": true,
  "overall_suspicion_score": -367.0715934063953,
  "analyzed_at": "2025-06-24 12:17:33.866192+00:00",
  "game": null
}