{
  "game_id": 1148,
  "acpl": 2915.0857142857144,
  "match_rate": 0.34285714285714286,
  "weighted_match_rate": 0.3601494783317425,
  "ipr": 816.742857142857,
  "ipr_z_score": 0.0,
  "precision_burst_count": 0,
  "mean_move_time": 31.4,
  "time_variance": 865.3352517985612,
  "time_complexity_corr": 0.240109720027388,
  "lag_spike_count": 0,
  "uniformity_score": 0.22311644220668225,
  "clutch_accuracy_diff": NaN,
  "opening_entropy": 4.544507255789622,
  "novelty_depth": 5,
  "second_choice_rate": 0.2,
  "opening_breadth": 8,
  "tb_match_rate": NaN,
  "dtz_deviation": NaN,
  "conversion_efficiency": 105,
  "suspicious_quality": "False",
  "suspicious_timing": "False",
  "suspicious_opening": true,
  "overall_suspicion_score": -418.1873078035219,
  "analyzed_at": "2025-06-24 12:19:09.296241+00:00",
  "game": null
}