{
  "game_id": 300,
  "acpl": 47.62162162162162,
  "match_rate": 0.4864864864864865,
  "weighted_match_rate": 0.4960017166941376,
  "ipr": 2365.3783783783783,
  "ipr_z_score": 0.0,
  "precision_burst_count": 0,
  "mean_move_time": 0.43243243243243246,
  "time_variance": 283.20770085153646,
  "time_complexity_corr": 0.29515529849913746,
  "lag_spike_count": 0,
  "uniformity_score": 0.343038759810273,
  "clutch_accuracy_diff": NaN,
  "opening_entropy": 4.544507255789622,
  "novelty_depth": 5,
  "second_choice_rate": 0.21621621621621623,
  "opening_breadth": 8,
  "tb_match_rate": NaN,
  "dtz_deviation": NaN,
  "conversion_efficiency": 59,
  "suspicious_quality": "True",
  "suspicious_timing": "False",
  "suspicious_opening": true,
  "overall_suspicion_score": 46.147824707575666,
  "analyzed_at": "2025-06-24 12:09:17.825957+00:00",
  "game": null
}