{
  "game_id": 560,
  "acpl": 67.1063829787234,
  "match_rate": 0.3829787234042553,
  "weighted_match_rate": 0.362782151321689,
  "ipr": 2272.8297872340427,
  "ipr_z_score": 0.0,
  "precision_burst_count": 0,
  "mean_move_time": 1.2340425531914894,
  "time_variance": 66.76183939601921,
  "time_complexity_corr": -0.25952473599624815,
  "lag_spike_count": 0,
  "uniformity_score": 0.3546005410581312,
  "clutch_accuracy_diff": NaN,
  "opening_entropy": 4.544507255789622,
  "novelty_depth": 5,
  "second_choice_rate": 0.19148936170212766,
  "opening_breadth": 8,
  "tb_match_rate": NaN,
  "dtz_deviation": NaN,
  "conversion_efficiency": 78,
  "suspicious_quality": "False",
  "suspicious_timing": "False",
  "suspicious_opening": true,
  "overall_suspicion_score": 36.64461598334223,
  "analyzed_at": "2025-06-24 12:12:18.963370+00:00",
  "game": null
}