{
  "game_id": 1774,
  "acpl": 40.97674418604651,
  "match_rate": 0.32558139534883723,
  "weighted_match_rate": 0.36154158316648627,
  "ipr": 2239.9767441860467,
  "ipr_z_score": 0.0,
  "precision_burst_count": 0,
  "mean_move_time": 3.6511627906976742,
  "time_variance": 43.22263021895825,
  "time_complexity_corr": 0.10386241100861435,
  "lag_spike_count": 0,
  "uniformity_score": 0.3109715788751127,
  "clutch_accuracy_diff": NaN,
  "opening_entropy": 4.544507255789622,
  "novelty_depth": 5,
  "second_choice_rate": 0.16279069767441862,
  "opening_breadth": 8,
  "tb_match_rate": NaN,
  "dtz_deviation": NaN,
  "conversion_efficiency": 147,
  "suspicious_quality": "False",
  "suspicious_timing": "False",
  "suspicious_opening": true,
  "overall_suspicion_score": 40.87462154596302,
  "analyzed_at": "2025-06-24 12:26:20.972630+00:00",
  "game": null
}