{
  "game_id": 1064,
  "acpl": 115.06818181818181,
  "match_rate": 0.2727272727272727,
  "weighted_match_rate": 0.29885695520143807,
  "ipr": 2160.647727272727,
  "ipr_z_score": 0.0,
  "precision_burst_count": 0,
  "mean_move_time": -20.204545454545453,
  "time_variance": 301.237922077922,
  "time_complexity_corr": -0.17452982897262917,
  "lag_spike_count": 4,
  "uniformity_score": 0.5086965708747226,
  "clutch_accuracy_diff": NaN,
  "opening_entropy": 4.544507255789622,
  "novelty_depth": 5,
  "second_choice_rate": 0.11363636363636363,
  "opening_breadth": 8,
  "tb_match_rate": NaN,
  "dtz_deviation": NaN,
  "conversion_efficiency": null,
  "suspicious_quality": "False",
  "suspicious_timing": "False",
  "suspicious_opening": true,
  "overall_suspicion_score": 28.806808780169472,
  "analyzed_at": "2025-06-24 12:18:09.705558+00:00",
  "game": null
}