{
  "game_id": 1528,
  "acpl": 5917.941176470588,
  "match_rate": 0.29411764705882354,
  "weighted_match_rate": 0.30913508866763273,
  "ipr": -723.6764705882351,
  "ipr_z_score": 0.0,
  "precision_burst_count": 0,
  "mean_move_time": 3.088235294117647,
  "time_variance": 102.18474945533768,
  "time_complexity_corr": 0.22744045462532755,
  "lag_spike_count": 7,
  "uniformity_score": 0.32392292576821147,
  "clutch_accuracy_diff": NaN,
  "opening_entropy": 4.544507255789622,
  "novelty_depth": 5,
  "second_choice_rate": 0.08823529411764706,
  "opening_breadth": 8,
  "tb_match_rate": NaN,
  "dtz_deviation": NaN,
  "conversion_efficiency": null,
  "suspicious_quality": "False",
  "suspicious_timing": "False",
  "suspicious_opening": true,
  "overall_suspicion_score": -898.7395131516572,
  "analyzed_at": "2025-06-24 12:23:33.949745+00:00",
  "game": null
}