{
  "game_id": 650,
  "acpl": 69.2,
  "match_rate": 0.38181818181818183,
  "weighted_match_rate": 0.332350053440511,
  "ipr": 2270.8545454545456,
  "ipr_z_score": 0.0,
  "precision_burst_count": 0,
  "mean_move_time": 1.3272727272727274,
  "time_variance": 295.0111759799833,
  "time_complexity_corr": -0.5569250987877098,
  "lag_spike_count": 0,
  "uniformity_score": 0.35422153765204073,
  "clutch_accuracy_diff": NaN,
  "opening_entropy": 4.544507255789622,
  "novelty_depth": 5,
  "second_choice_rate": 0.16363636363636364,
  "opening_breadth": 8,
  "tb_match_rate": NaN,
  "dtz_deviation": NaN,
  "conversion_efficiency": 93,
  "suspicious_quality": "False",
  "suspicious_timing": "False",
  "suspicious_opening": true,
  "overall_suspicion_score": 35.92578804375482,
  "analyzed_at": "2025-06-24 12:13:20.507935+00:00",
  "game": null
}