{
  "game_id": 1513,
  "acpl": 1563.4179104477612,
  "match_rate": 0.3582089552238806,
  "weighted_match_rate": 0.3688348500621563,
  "ipr": 1504.8582089552237,
  "ipr_z_score": 0.0,
  "precision_burst_count": 0,
  "mean_move_time": 0.7014925373134329,
  "time_variance": 199.2485691841544,
  "time_complexity_corr": 0.017899153191412297,
  "lag_spike_count": 0,
  "uniformity_score": 0.357764640118014,
  "clutch_accuracy_diff": NaN,
  "opening_entropy": 4.544507255789622,
  "novelty_depth": 5,
  "second_choice_rate": 0.1044776119402985,
  "opening_breadth": 8,
  "tb_match_rate": NaN,
  "dtz_deviation": NaN,
  "conversion_efficiency": 104,
  "suspicious_quality": "False",
  "suspicious_timing": "False",
  "suspicious_opening": true,
  "overall_suspicion_score": -202.72654259184154,
  "analyzed_at": "2025-06-24 12:23:21.853017+00:00",
  "game": null
}