{
  "game_id": 793,
  "acpl": 2596.897435897436,
  "match_rate": 0.41025641025641024,
  "weighted_match_rate": 0.4484182897271721,
  "ipr": 1029.7564102564102,
  "ipr_z_score": 0.0,
  "precision_burst_count": 0,
  "mean_move_time": 27.205128205128204,
  "time_variance": 158.56410256410257,
  "time_complexity_corr": 0.05655972184302702,
  "lag_spike_count": 0,
  "uniformity_score": 0.3078557768525131,
  "clutch_accuracy_diff": NaN,
  "opening_entropy": 4.544507255789622,
  "novelty_depth": 5,
  "second_choice_rate": 0.10256410256410256,
  "opening_breadth": 8,
  "tb_match_rate": NaN,
  "dtz_deviation": NaN,
  "conversion_efficiency": null,
  "suspicious_quality": "False",
  "suspicious_timing": "False",
  "suspicious_opening": true,
  "overall_suspicion_score": -366.64429961009256,
  "analyzed_at": "2025-06-24 12:15:01.689654+00:00",
  "game": null
}