{
  "game_id": 747,
  "acpl": 61.84848484848485,
  "match_rate": 0.36363636363636365,
  "weighted_match_rate": 0.36516106296220385,
  "ipr": 2259.9848484848485,
  "ipr_z_score": 0.0,
  "precision_burst_count": 0,
  "mean_move_time": 19.151515151515152,
  "time_variance": 265.9005320379366,
  "time_complexity_corr": 0.43375324646650504,
  "lag_spike_count": 0,
  "uniformity_score": 0.34439508132956503,
  "clutch_accuracy_diff": NaN,
  "opening_entropy": 4.544507255789622,
  "novelty_depth": 5,
  "second_choice_rate": 0.15151515151515152,
  "opening_breadth": 8,
  "tb_match_rate": NaN,
  "dtz_deviation": NaN,
  "conversion_efficiency": null,
  "suspicious_quality": "False",
  "suspicious_timing": "False",
  "suspicious_opening": true,
  "overall_suspicion_score": 42.57666564087611,
  "analyzed_at": "2025-06-24 12:14:25.161910+00:00",
  "game": null
}