{
  "game_id": 1762,
  "acpl": 1910.0566037735848,
  "match_rate": 0.5094339622641509,
  "weighted_match_rate": 0.5148650807709815,
  "ipr": 1452.5188679245284,
  "ipr_z_score": 0.0,
  "precision_burst_count": 0,
  "mean_move_time": 1.7547169811320755,
  "time_variance": 555.3487870619946,
  "time_complexity_corr": 0.235257320593898,
  "lag_spike_count": 0,
  "uniformity_score": 0.34297602373747127,
  "clutch_accuracy_diff": NaN,
  "opening_entropy": 4.544507255789622,
  "novelty_depth": 5,
  "second_choice_rate": 0.16981132075471697,
  "opening_breadth": 8,
  "tb_match_rate": NaN,
  "dtz_deviation": NaN,
  "conversion_efficiency": 89,
  "suspicious_quality": "False",
  "suspicious_timing": "False",
  "suspicious_opening": true,
  "overall_suspicion_score": -252.08955128320986,
  "analyzed_at": "2025-06-24 12:26:11.959597+00:00",
  "game": null
}