{
  "game_id": 63,
  "acpl": 111.35135135135135,
  "match_rate": 0.5405405405405406,
  "weighted_match_rate": 0.502797452674764,
  "ipr": 2376.7567567567567,
  "ipr_z_score": 0.0,
  "precision_burst_count": 0,
  "mean_move_time": 0.972972972972973,
  "time_variance": 1602.0540540540542,
  "time_complexity_corr": -0.3536550904144754,
  "lag_spike_count": 0,
  "uniformity_score": 0.34446080588398603,
  "clutch_accuracy_diff": NaN,
  "opening_entropy": 4.544507255789622,
  "novelty_depth": 6,
  "second_choice_rate": 0.13513513513513514,
  "opening_breadth": 8,
  "tb_match_rate": NaN,
  "dtz_deviation": NaN,
  "conversion_efficiency": 37,
  "suspicious_quality": "False",
  "suspicious_timing": "False",
  "suspicious_opening": true,
  "overall_suspicion_score": 32.60959977591727,
  "analyzed_at": "2025-06-24 12:06:35.207227+00:00",
  "game": null
}