{
  "game_id": 345,
  "acpl": 68.44827586206897,
  "match_rate": 0.27586206896551724,
  "weighted_match_rate": 0.26039050728828717,
  "ipr": 2186.4655172413795,
  "ipr_z_score": 0.0,
  "precision_burst_count": 0,
  "mean_move_time": 5.310344827586207,
  "time_variance": 238.12893553223384,
  "time_complexity_corr": -0.06674084811457848,
  "lag_spike_count": 0,
  "uniformity_score": 0.38384848835887186,
  "clutch_accuracy_diff": NaN,
  "opening_entropy": 4.544507255789622,
  "novelty_depth": 5,
  "second_choice_rate": 0.2413793103448276,
  "opening_breadth": 8,
  "tb_match_rate": NaN,
  "dtz_deviation": NaN,
  "conversion_efficiency": null,
  "suspicious_quality": "False",
  "suspicious_timing": "False",
  "suspicious_opening": true,
  "overall_suspicion_score": 34.28141288160052,
  "analyzed_at": "2025-06-24 12:09:48.876415+00:00",
  "game": null
}