{
  "game_id": 1164,
  "acpl": 77.57575757575758,
  "match_rate": 0.30303030303030304,
  "weighted_match_rate": 0.29162502302907956,
  "ipr": 2203.6363636363635,
  "ipr_z_score": 0.0,
  "precision_burst_count": 0,
  "mean_move_time": 0.8787878787878788,
  "time_variance": 322.69277389277386,
  "time_complexity_corr": -0.5195112771739274,
  "lag_spike_count": 2,
  "uniformity_score": 0.34448518952642065,
  "clutch_accuracy_diff": NaN,
  "opening_entropy": 4.544507255789622,
  "novelty_depth": 5,
  "second_choice_rate": 0.24242424242424243,
  "opening_breadth": 8,
  "tb_match_rate": NaN,
  "dtz_deviation": NaN,
  "conversion_efficiency": null,
  "suspicious_quality": "False",
  "suspicious_timing": "False",
  "suspicious_opening": true,
  "overall_suspicion_score": 33.02980756967164,
  "analyzed_at": "2025-06-24 12:19:15.712043+00:00",
  "game": null
}