{
  "game_id": 974,
  "acpl": 38.333333333333336,
  "match_rate": 0.46153846153846156,
  "weighted_match_rate": 0.4805192810857965,
  "ipr": 2350.0641025641025,
  "ipr_z_score": 0.0,
  "precision_burst_count": 0,
  "mean_move_time": 33.87179487179487,
  "time_variance": 356.2931348221671,
  "time_complexity_corr": 0.4339459990139833,
  "lag_spike_count": 0,
  "uniformity_score": 0.31273219250737144,
  "clutch_accuracy_diff": NaN,
  "opening_entropy": 4.544507255789622,
  "novelty_depth": 5,
  "second_choice_rate": 0.07692307692307693,
  "opening_breadth": 8,
  "tb_match_rate": NaN,
  "dtz_deviation": NaN,
  "conversion_efficiency": null,
  "suspicious_quality": "True",
  "suspicious_timing": "False",
  "suspicious_opening": true,
  "overall_suspicion_score": 48.5048369721747,
  "analyzed_at": "2025-06-24 12:17:06.669904+00:00",
  "game": null
}