{
  "game_id": 988,
  "acpl": 97.92592592592592,
  "match_rate": 0.2962962962962963,
  "weighted_match_rate": 0.30900717291121926,
  "ipr": 2188.074074074074,
  "ipr_z_score": 0.0,
  "precision_burst_count": 0,
  "mean_move_time": -4.777777777777778,
  "time_variance": 44.06230529595016,
  "time_complexity_corr": 0.4709052832113723,
  "lag_spike_count": 0,
  "uniformity_score": 0.46315867637750746,
  "clutch_accuracy_diff": NaN,
  "opening_entropy": 4.544507255789622,
  "novelty_depth": 5,
  "second_choice_rate": 0.2222222222222222,
  "opening_breadth": 8,
  "tb_match_rate": NaN,
  "dtz_deviation": NaN,
  "conversion_efficiency": null,
  "suspicious_quality": "False",
  "suspicious_timing": "False",
  "suspicious_opening": true,
  "overall_suspicion_score": 37.27129297720304,
  "analyzed_at": "2025-06-24 12:17:10.172352+00:00",
  "game": null
}