{
  "game_id": 1189,
  "acpl": 40.0,
  "match_rate": 0.391304347826087,
  "weighted_match_rate": 0.3912777939788878,
  "ipr": 2293.0434782608695,
  "ipr_z_score": 0.0,
  "precision_burst_count": 0,
  "mean_move_time": 17.130434782608695,
  "time_variance": 243.0157668418538,
  "time_complexity_corr": 0.7797408397385576,
  "lag_spike_count": 0,
  "uniformity_score": 0.25982677137777294,
  "clutch_accuracy_diff": NaN,
  "opening_entropy": 4.544507255789622,
  "novelty_depth": 5,
  "second_choice_rate": 0.30434782608695654,
  "opening_breadth": 8,
  "tb_match_rate": NaN,
  "dtz_deviation": NaN,
  "conversion_efficiency": null,
  "suspicious_quality": "False",
  "suspicious_timing": "True",
  "suspicious_opening": true,
  "overall_suspicion_score": 49.98558084061383,
  "analyzed_at": "2025-06-24 12:19:34.968755+00:00",
  "game": null
}