{
  "game_id": 184,
  "acpl": 37.705882352941174,
  "match_rate": 0.29411764705882354,
  "weighted_match_rate": 0.2784395419857732,
  "ipr": 2216.4411764705883,
  "ipr_z_score": 0.0,
  "precision_burst_count": 0,
  "mean_move_time": 25.470588235294116,
  "time_variance": 624.6065359477124,
  "time_complexity_corr": 0.2025307915711408,
  "lag_spike_count": 0,
  "uniformity_score": 0.35738365871688427,
  "clutch_accuracy_diff": NaN,
  "opening_entropy": 4.544507255789622,
  "novelty_depth": 6,
  "second_choice_rate": 0.17647058823529413,
  "opening_breadth": 8,
  "tb_match_rate": NaN,
  "dtz_deviation": NaN,
  "conversion_efficiency": null,
  "suspicious_quality": "False",
  "suspicious_timing": "False",
  "suspicious_opening": true,
  "overall_suspicion_score": 41.436675720664894,
  "analyzed_at": "2025-06-24 12:08:03.944802+00:00",
  "game": null
}