{
  "game_id": 1655,
  "acpl": 39.074074074074076,
  "match_rate": 0.4444444444444444,
  "weighted_match_rate": 0.44315260181063865,
  "ipr": 2336.0185185185182,
  "ipr_z_score": 0.0,
  "precision_burst_count": 0,
  "mean_move_time": 1.5925925925925926,
  "time_variance": 265.90635918937807,
  "time_complexity_corr": -0.7355551855465188,
  "lag_spike_count": 0,
  "uniformity_score": 0.34985690248736995,
  "clutch_accuracy_diff": NaN,
  "opening_entropy": 4.544507255789622,
  "novelty_depth": 5,
  "second_choice_rate": 0.25925925925925924,
  "opening_breadth": 8,
  "tb_match_rate": NaN,
  "dtz_deviation": NaN,
  "conversion_efficiency": 45,
  "suspicious_quality": "True",
  "suspicious_timing": "False",
  "suspicious_opening": true,
  "overall_suspicion_score": 42.77252398430127,
  "analyzed_at": "2025-06-24 12:24:55.034108+00:00",
  "game": null
}