{
  "game_id": 1623,
  "acpl": 79.17333333333333,
  "match_rate": 0.4666666666666667,
  "weighted_match_rate": 0.45902413568782396,
  "ipr": 2333.746666666667,
  "ipr_z_score": 0.0,
  "precision_burst_count": 0,
  "mean_move_time": 1.32,
  "time_variance": 308.7828187919463,
  "time_complexity_corr": -0.08727858887442004,
  "lag_spike_count": 0,
  "uniformity_score": 0.35021931972618947,
  "clutch_accuracy_diff": NaN,
  "opening_entropy": 4.544507255789622,
  "novelty_depth": 5,
  "second_choice_rate": 0.14666666666666667,
  "opening_breadth": 8,
  "tb_match_rate": NaN,
  "dtz_deviation": NaN,
  "conversion_efficiency": 113,
  "suspicious_quality": "False",
  "suspicious_timing": "False",
  "suspicious_opening": true,
  "overall_suspicion_score": 36.818297791497926,
  "analyzed_at": "2025-06-24 12:24:39.452530+00:00",
  "game": null
}