{
  "game_id": 1055,
  "acpl": 42.38095238095238,
  "match_rate": 0.38095238095238093,
  "weighted_match_rate": 0.4463264077483276,
  "ipr": 2283.5714285714284,
  "ipr_z_score": 0.0,
  "precision_burst_count": 0,
  "mean_move_time": 0.3333333333333333,
  "time_variance": 839.0569105691055,
  "time_complexity_corr": -0.34660692556195855,
  "lag_spike_count": 0,
  "uniformity_score": 0.37067302342283737,
  "clutch_accuracy_diff": NaN,
  "opening_entropy": 4.544507255789622,
  "novelty_depth": 5,
  "second_choice_rate": 0.19047619047619047,
  "opening_breadth": 8,
  "tb_match_rate": NaN,
  "dtz_deviation": NaN,
  "conversion_efficiency": 31,
  "suspicious_quality": "False",
  "suspicious_timing": "False",
  "suspicious_opening": true,
  "overall_suspicion_score": 41.77980587624158,
  "analyzed_at": "2025-06-24 12:17:58.613335+00:00",
  "game": null
}