{
  "game_id": 204,
  "acpl": 8554.285714285714,
  "match_rate": 0.5428571428571428,
  "weighted_match_rate": 0.5259368476779586,
  "ipr": -1842.8571428571427,
  "ipr_z_score": 0.0,
  "precision_burst_count": 0,
  "mean_move_time": 0.45714285714285713,
  "time_variance": 611.5561076604555,
  "time_complexity_corr": 0.6172631822128929,
  "lag_spike_count": 0,
  "uniformity_score": 0.3441875521084555,
  "clutch_accuracy_diff": NaN,
  "opening_entropy": 4.544507255789622,
  "novelty_depth": 5,
  "second_choice_rate": 0.11428571428571428,
  "opening_breadth": 8,
  "tb_match_rate": NaN,
  "dtz_deviation": NaN,
  "conversion_efficiency": 56,
  "suspicious_quality": "False",
  "suspicious_timing": "False",
  "suspicious_opening": true,
  "overall_suspicion_score": -1309.8420522202764,
  "analyzed_at": "2025-06-24 12:08:15.025069+00:00",
  "game": null
}