{
  "game_id": 64,
  "acpl": 39.61538461538461,
  "match_rate": 0.3076923076923077,
  "weighted_match_rate": 0.3235337724763136,
  "ipr": 2226.346153846154,
  "ipr_z_score": 0.0,
  "precision_burst_count": 0,
  "mean_move_time": 0.5846153846153846,
  "time_variance": 64.67883124627312,
  "time_complexity_corr": 0.3057199153276682,
  "lag_spike_count": 2,
  "uniformity_score": 0.34283194255607985,
  "clutch_accuracy_diff": NaN,
  "opening_entropy": 4.544507255789622,
  "novelty_depth": 5,
  "second_choice_rate": 0.2,
  "opening_breadth": 8,
  "tb_match_rate": NaN,
  "dtz_deviation": NaN,
  "conversion_efficiency": 111,
  "suspicious_quality": "False",
  "suspicious_timing": "False",
  "suspicious_opening": true,
  "overall_suspicion_score": 43.343149647108774,
  "analyzed_at": "2025-06-24 12:06:48.881046+00:00",
  "game": null
}