{
  "game_id": 766,
  "acpl": 83.79166666666667,
  "match_rate": 0.4166666666666667,
  "weighted_match_rate": 0.465092453612218,
  "ipr": 2291.4375,
  "ipr_z_score": 0.0,
  "precision_burst_count": 0,
  "mean_move_time": 23.208333333333332,
  "time_variance": 278.81929824561405,
  "time_complexity_corr": -0.2107907383136741,
  "lag_spike_count": 0,
  "uniformity_score": 0.22570815332524918,
  "clutch_accuracy_diff": NaN,
  "opening_entropy": 4.544507255789622,
  "novelty_depth": 5,
  "second_choice_rate": 0.20833333333333334,
  "opening_breadth": 8,
  "tb_match_rate": NaN,
  "dtz_deviation": NaN,
  "conversion_efficiency": null,
  "suspicious_quality": "False",
  "suspicious_timing": "False",
  "suspicious_opening": true,
  "overall_suspicion_score": 33.995794693245564,
  "analyzed_at": "2025-06-24 12:14:37.669156+00:00",
  "game": null
}