{
  "game_id": 197,
  "acpl": 1328.6883116883116,
  "match_rate": 0.2987012987012987,
  "weighted_match_rate": 0.3032177719896751,
  "ipr": 1574.6168831168832,
  "ipr_z_score": 0.0,
  "precision_burst_count": 0,
  "mean_move_time": 1.2337662337662338,
  "time_variance": 50.3763687293099,
  "time_complexity_corr": 0.07071475196048137,
  "lag_spike_count": 8,
  "uniformity_score": 0.32941086215334336,
  "clutch_accuracy_diff": NaN,
  "opening_entropy": 4.544507255789622,
  "novelty_depth": 5,
  "second_choice_rate": 0.2077922077922078,
  "opening_breadth": 8,
  "tb_match_rate": NaN,
  "dtz_deviation": NaN,
  "conversion_efficiency": 127,
  "suspicious_quality": "False",
  "suspicious_timing": "False",
  "suspicious_opening": true,
  "overall_suspicion_score": -166.36553084541538,
  "analyzed_at": "2025-06-24 12:08:17.750656+00:00",
  "game": null
}