{
  "game_id": 1406,
  "acpl": 152.72727272727272,
  "match_rate": 0.48484848484848486,
  "weighted_match_rate": 0.5043664647031674,
  "ipr": 2311.5151515151515,
  "ipr_z_score": 0.0,
  "precision_burst_count": 0,
  "mean_move_time": 0.7272727272727273,
  "time_variance": 208.69370629370627,
  "time_complexity_corr": -0.1545146330677726,
  "lag_spike_count": 2,
  "uniformity_score": 0.34572448591452565,
  "clutch_accuracy_diff": NaN,
  "opening_entropy": 4.544507255789622,
  "novelty_depth": 5,
  "second_choice_rate": 0.21212121212121213,
  "opening_breadth": 8,
  "tb_match_rate": NaN,
  "dtz_deviation": NaN,
  "conversion_efficiency": null,
  "suspicious_quality": "False",
  "suspicious_timing": "False",
  "suspicious_opening": true,
  "overall_suspicion_score": 25.75577183218776,
  "analyzed_at": "2025-06-24 12:22:02.890328+00:00",
  "game": null
}