{
  "game_id": 1228,
  "acpl": 133.28571428571428,
  "match_rate": 0.2857142857142857,
  "weighted_match_rate": 0.3142022272634974,
  "ipr": 2161.9285714285716,
  "ipr_z_score": 0.0,
  "precision_burst_count": 0,
  "mean_move_time": 1.2380952380952381,
  "time_variance": 179.0150987224158,
  "time_complexity_corr": -0.5409201840885365,
  "lag_spike_count": 0,
  "uniformity_score": 0.37574570378381317,
  "clutch_accuracy_diff": NaN,
  "opening_entropy": 4.544507255789622,
  "novelty_depth": 5,
  "second_choice_rate": 0.14285714285714285,
  "opening_breadth": 8,
  "tb_match_rate": NaN,
  "dtz_deviation": NaN,
  "conversion_efficiency": null,
  "suspicious_quality": "False",
  "suspicious_timing": "False",
  "suspicious_opening": true,
  "overall_suspicion_score": 24.57010516731678,
  "analyzed_at": "2025-06-24 12:19:56.506033+00:00",
  "game": null
}