{
  "game_id": 1833,
  "acpl": 63.59036144578313,
  "match_rate": 0.26506024096385544,
  "weighted_match_rate": 0.25939012201724154,
  "ipr": 2180.253012048193,
  "ipr_z_score": 0.0,
  "precision_burst_count": 0,
  "mean_move_time": 1.3132530120481927,
  "time_variance": 1069.705553923009,
  "time_complexity_corr": -0.2682840419553698,
  "lag_spike_count": 0,
  "uniformity_score": 0.34822394640855925,
  "clutch_accuracy_diff": NaN,
  "opening_entropy": 4.544507255789622,
  "novelty_depth": 5,
  "second_choice_rate": 0.2289156626506024,
  "opening_breadth": 8,
  "tb_match_rate": NaN,
  "dtz_deviation": NaN,
  "conversion_efficiency": 58,
  "suspicious_quality": "False",
  "suspicious_timing": "False",
  "suspicious_opening": true,
  "overall_suspicion_score": 34.471745854554854,
  "analyzed_at": "2025-06-24 12:26:56.658949+00:00",
  "game": null
}