{
  "game_id": 301,
  "acpl": 2077.816326530612,
  "match_rate": 0.30612244897959184,
  "weighted_match_rate": 0.2922497214251828,
  "ipr": 1205.9897959183675,
  "ipr_z_score": 0.0,
  "precision_burst_count": 0,
  "mean_move_time": 1.1428571428571428,
  "time_variance": 42.06185567010309,
  "time_complexity_corr": -0.06348926757938181,
  "lag_spike_count": 2,
  "uniformity_score": 0.34296391264992404,
  "clutch_accuracy_diff": NaN,
  "opening_entropy": 4.544507255789622,
  "novelty_depth": 5,
  "second_choice_rate": 0.16326530612244897,
  "opening_breadth": 8,
  "tb_match_rate": NaN,
  "dtz_deviation": NaN,
  "conversion_efficiency": 74,
  "suspicious_quality": "False",
  "suspicious_timing": "False",
  "suspicious_opening": true,
  "overall_suspicion_score": -286.98309729191664,
  "analyzed_at": "2025-06-24 12:09:23.989542+00:00",
  "game": null
}