{
  "game_id": 139,
  "acpl": 106.45454545454545,
  "match_rate": 0.29545454545454547,
  "weighted_match_rate": 0.2958792387641561,
  "ipr": 2183.1363636363635,
  "ipr_z_score": 0.0,
  "precision_burst_count": 0,
  "mean_move_time": -1.7727272727272727,
  "time_variance": 20.610909090909093,
  "time_complexity_corr": -0.5172445073646889,
  "lag_spike_count": 0,
  "uniformity_score": 0.42215915699738776,
  "clutch_accuracy_diff": NaN,
  "opening_entropy": 4.544507255789622,
  "novelty_depth": 5,
  "second_choice_rate": 0.13636363636363635,
  "opening_breadth": 8,
  "tb_match_rate": NaN,
  "dtz_deviation": NaN,
  "conversion_efficiency": null,
  "suspicious_quality": "False",
  "suspicious_timing": "False",
  "suspicious_opening": true,
  "overall_suspicion_score": 29.340267600364495,
  "analyzed_at": "2025-06-24 12:07:38.699946+00:00",
  "game": null
}