{
  "game_id": 1253,
  "acpl": 25.666666666666668,
  "match_rate": 0.3333333333333333,
  "weighted_match_rate": 0.3364158265252163,
  "ipr": 2253.8333333333335,
  "ipr_z_score": 0.0,
  "precision_burst_count": 0,
  "mean_move_time": -2.375,
  "time_variance": 64.32105263157895,
  "time_complexity_corr": -0.2369638397614803,
  "lag_spike_count": 3,
  "uniformity_score": 0.4679090918453561,
  "clutch_accuracy_diff": NaN,
  "opening_entropy": 4.544507255789622,
  "novelty_depth": 5,
  "second_choice_rate": 0.20833333333333334,
  "opening_breadth": 8,
  "tb_match_rate": NaN,
  "dtz_deviation": NaN,
  "conversion_efficiency": null,
  "suspicious_quality": "False",
  "suspicious_timing": "False",
  "suspicious_opening": true,
  "overall_suspicion_score": 43.77918689970288,
  "analyzed_at": "2025-06-24 12:20:17.288715+00:00",
  "game": null
}