{
  "game_id": 1702,
  "acpl": 2729.2972972972975,
  "match_rate": 0.43243243243243246,
  "weighted_match_rate": 0.4373481449494701,
  "ipr": 981.2972972972972,
  "ipr_z_score": 0.0,
  "precision_burst_count": 0,
  "mean_move_time": 1.2162162162162162,
  "time_variance": 233.5964457608293,
  "time_complexity_corr": 0.08622954307432146,
  "lag_spike_count": 1,
  "uniformity_score": 0.34768578072823875,
  "clutch_accuracy_diff": NaN,
  "opening_entropy": 4.544507255789622,
  "novelty_depth": 5,
  "second_choice_rate": 0.24324324324324326,
  "opening_breadth": 8,
  "tb_match_rate": NaN,
  "dtz_deviation": NaN,
  "conversion_efficiency": 55,
  "suspicious_quality": "False",
  "suspicious_timing": "False",
  "suspicious_opening": true,
  "overall_suspicion_score": -386.82625909145276,
  "analyzed_at": "2025-06-24 12:25:25.125025+00:00",
  "game": null
}