{
  "game_id": 1277,
  "acpl": 2175.872340425532,
  "match_rate": 0.3191489361702128,
  "weighted_match_rate": 0.34680261133836915,
  "ipr": 1167.3829787234042,
  "ipr_z_score": 0.0,
  "precision_burst_count": 0,
  "mean_move_time": 2.106382978723404,
  "time_variance": 465.4724319377717,
  "time_complexity_corr": -0.4367983768336181,
  "lag_spike_count": 2,
  "uniformity_score": 0.3321701051448979,
  "clutch_accuracy_diff": NaN,
  "opening_entropy": 4.544507255789622,
  "novelty_depth": 5,
  "second_choice_rate": 0.19148936170212766,
  "opening_breadth": 8,
  "tb_match_rate": NaN,
  "dtz_deviation": NaN,
  "conversion_efficiency": 72,
  "suspicious_quality": "False",
  "suspicious_timing": "False",
  "suspicious_opening": true,
  "overall_suspicion_score": -301.996029583671,
  "analyzed_at": "2025-06-24 12:20:35.703946+00:00",
  "game": null
}