{
  "game_id": 1584,
  "acpl": 4106.060606060606,
  "match_rate": 0.36363636363636365,
  "weighted_match_rate": 0.35782703631779383,
  "ipr": 237.878787878788,
  "ipr_z_score": 0.0,
  "precision_burst_count": 0,
  "mean_move_time": 0.7070707070707071,
  "time_variance": 327.29446751781774,
  "time_complexity_corr": -0.06401065401923861,
  "lag_spike_count": 0,
  "uniformity_score": 0.33630467094581873,
  "clutch_accuracy_diff": NaN,
  "opening_entropy": 4.544507255789622,
  "novelty_depth": 5,
  "second_choice_rate": 0.1414141414141414,
  "opening_breadth": 8,
  "tb_match_rate": NaN,
  "dtz_deviation": NaN,
  "conversion_efficiency": 158,
  "suspicious_quality": "False",
  "suspicious_timing": "False",
  "suspicious_opening": true,
  "overall_suspicion_score": -610.1083277834243,
  "analyzed_at": "2025-06-24 12:24:17.581300+00:00",
  "game": null
}