{
  "game_id": 833,
  "acpl": 1363.48,
  "match_rate": 0.37333333333333335,
  "weighted_match_rate": 0.39942889105634566,
  "ipr": 1616.9266666666667,
  "ipr_z_score": 0.0,
  "precision_burst_count": 0,
  "mean_move_time": 0.6133333333333333,
  "time_variance": 345.17834451901564,
  "time_complexity_corr": 0.4609781936355226,
  "lag_spike_count": 0,
  "uniformity_score": 0.34408871304750244,
  "clutch_accuracy_diff": NaN,
  "opening_entropy": 4.544507255789622,
  "novelty_depth": 5,
  "second_choice_rate": 0.10666666666666667,
  "opening_breadth": 8,
  "tb_match_rate": NaN,
  "dtz_deviation": NaN,
  "conversion_efficiency": 125,
  "suspicious_quality": "False",
  "suspicious_timing": "False",
  "suspicious_opening": true,
  "overall_suspicion_score": -164.82031697378605,
  "analyzed_at": "2025-06-24 12:15:31.696981+00:00",
  "game": null
}