{
  "game_id": 1610,
  "acpl": 36.15151515151515,
  "match_rate": 0.36363636363636365,
  "weighted_match_rate": 0.3576285790095564,
  "ipr": 2272.8333333333335,
  "ipr_z_score": 0.0,
  "precision_burst_count": 0,
  "mean_move_time": 41.0,
  "time_variance": 406.77862595419845,
  "time_complexity_corr": 0.38514309246504586,
  "lag_spike_count": 0,
  "uniformity_score": 0.36326929873585506,
  "clutch_accuracy_diff": NaN,
  "opening_entropy": 4.544507255789622,
  "novelty_depth": 5,
  "second_choice_rate": 0.24242424242424243,
  "opening_breadth": 8,
  "tb_match_rate": NaN,
  "dtz_deviation": NaN,
  "conversion_efficiency": null,
  "suspicious_quality": "False",
  "suspicious_timing": "False",
  "suspicious_opening": true,
  "overall_suspicion_score": 46.226091777519876,
  "analyzed_at": "2025-06-24 12:24:33.447021+00:00",
  "game": null
}