{
  "game_id": 356,
  "acpl": 11446.371428571429,
  "match_rate": 0.5428571428571428,
  "weighted_match_rate": 0.5652639842425954,
  "ipr": -3288.8999999999996,
  "ipr_z_score": 0.0,
  "precision_burst_count": 0,
  "mean_move_time": 0.3142857142857143,
  "time_variance": 29.146169772256727,
  "time_complexity_corr": 0.09830117868671939,
  "lag_spike_count": 2,
  "uniformity_score": 0.37643980516258413,
  "clutch_accuracy_diff": NaN,
  "opening_entropy": 4.544507255789622,
  "novelty_depth": 5,
  "second_choice_rate": 0.08571428571428572,
  "opening_breadth": 8,
  "tb_match_rate": NaN,
  "dtz_deviation": NaN,
  "conversion_efficiency": 44,
  "suspicious_quality": "False",
  "suspicious_timing": "False",
  "suspicious_opening": true,
  "overall_suspicion_score": -1778.1877127481152,
  "analyzed_at": "2025-06-24 12:09:56.986094+00:00",
  "game": null
}