{
  "game_id": 1456,
  "acpl": 31.535211267605632,
  "match_rate": 0.4647887323943662,
  "weighted_match_rate": 0.48056353509399313,
  "ipr": 2356.06338028169,
  "ipr_z_score": 0.0,
  "precision_burst_count": 0,
  "mean_move_time": 1.1408450704225352,
  "time_variance": 126.78853261412448,
  "time_complexity_corr": 0.4082390694944364,
  "lag_spike_count": 0,
  "uniformity_score": 0.3400566057557825,
  "clutch_accuracy_diff": NaN,
  "opening_entropy": 4.544507255789622,
  "novelty_depth": 5,
  "second_choice_rate": 0.19718309859154928,
  "opening_breadth": 7,
  "tb_match_rate": NaN,
  "dtz_deviation": NaN,
  "conversion_efficiency": null,
  "suspicious_quality": "True",
  "suspicious_timing": "False",
  "suspicious_opening": true,
  "overall_suspicion_score": 49.65228934767115,
  "analyzed_at": "2025-06-24 12:22:40.948156+00:00",
  "game": null
}