{
  "game_id": 1242,
  "acpl": 49.73015873015873,
  "match_rate": 0.38095238095238093,
  "weighted_match_rate": 0.3782086586709199,
  "ipr": 2279.8968253968255,
  "ipr_z_score": 0.0,
  "precision_burst_count": 0,
  "mean_move_time": 0.746031746031746,
  "time_variance": 1849.0869841269841,
  "time_complexity_corr": 0.27007369619878313,
  "lag_spike_count": 0,
  "uniformity_score": 0.34825498646060676,
  "clutch_accuracy_diff": NaN,
  "opening_entropy": 4.544507255789622,
  "novelty_depth": 5,
  "second_choice_rate": 0.09523809523809523,
  "opening_breadth": 8,
  "tb_match_rate": NaN,
  "dtz_deviation": NaN,
  "conversion_efficiency": null,
  "suspicious_quality": "False",
  "suspicious_timing": "False",
  "suspicious_opening": true,
  "overall_suspicion_score": 42.882215611896584,
  "analyzed_at": "2025-06-24 12:20:15.819456+00:00",
  "game": null
}