{
  "game_id": 944,
  "acpl": 1629.3846153846155,
  "match_rate": 0.3230769230769231,
  "weighted_match_rate": 0.3245491868074701,
  "ipr": 1443.7692307692307,
  "ipr_z_score": 0.0,
  "precision_burst_count": 0,
  "mean_move_time": 1.0,
  "time_variance": 31.875968992248062,
  "time_complexity_corr": -0.10722161648538639,
  "lag_spike_count": 3,
  "uniformity_score": 0.34333646113119554,
  "clutch_accuracy_diff": NaN,
  "opening_entropy": 4.544507255789622,
  "novelty_depth": 5,
  "second_choice_rate": 0.2153846153846154,
  "opening_breadth": 8,
  "tb_match_rate": NaN,
  "dtz_deviation": NaN,
  "conversion_efficiency": 99,
  "suspicious_quality": "False",
  "suspicious_timing": "False",
  "suspicious_opening": true,
  "overall_suspicion_score": -214.63831937878578,
  "analyzed_at": "2025-06-24 12:16:44.131681+00:00",
  "game": null
}