{
  "game_id": 768,
  "acpl": 59.717171717171716,
  "match_rate": 0.40404040404040403,
  "weighted_match_rate": 0.41782852540504617,
  "ipr": 2293.373737373737,
  "ipr_z_score": 0.0,
  "precision_burst_count": 0,
  "mean_move_time": 0.8181818181818182,
  "time_variance": 297.89570835256114,
  "time_complexity_corr": 0.29365564224884816,
  "lag_spike_count": 2,
  "uniformity_score": 0.34215228378749907,
  "clutch_accuracy_diff": NaN,
  "opening_entropy": 4.544507255789622,
  "novelty_depth": 5,
  "second_choice_rate": 0.16161616161616163,
  "opening_breadth": 8,
  "tb_match_rate": NaN,
  "dtz_deviation": NaN,
  "conversion_efficiency": 160,
  "suspicious_quality": "False",
  "suspicious_timing": "False",
  "suspicious_opening": true,
  "overall_suspicion_score": 42.25527875405227,
  "analyzed_at": "2025-06-24 12:14:48.996802+00:00",
  "game": null
}