{
  "game_id": 571,
  "acpl": 50.645161290322584,
  "match_rate": 0.45161290322580644,
  "weighted_match_rate": 0.43073747302507803,
  "ipr": 2335.967741935484,
  "ipr_z_score": 0.0,
  "precision_burst_count": 0,
  "mean_move_time": 1.1290322580645162,
  "time_variance": 131.72078265468005,
  "time_complexity_corr": 0.48593971272506564,
  "lag_spike_count": 2,
  "uniformity_score": 0.3645645089377726,
  "clutch_accuracy_diff": NaN,
  "opening_entropy": 4.544507255789622,
  "novelty_depth": 5,
  "second_choice_rate": 0.16129032258064516,
  "opening_breadth": 8,
  "tb_match_rate": NaN,
  "dtz_deviation": NaN,
  "conversion_efficiency": 48,
  "suspicious_quality": "False",
  "suspicious_timing": "False",
  "suspicious_opening": true,
  "overall_suspicion_score": 47.11628147934448,
  "analyzed_at": "2025-06-24 12:12:20.863910+00:00",
  "game": null
}