{
  "game_id": 1637,
  "acpl": 5155.871794871795,
  "match_rate": 0.41025641025641024,
  "weighted_match_rate": 0.4159743971382329,
  "ipr": -249.7307692307695,
  "ipr_z_score": 0.0,
  "precision_burst_count": 0,
  "mean_move_time": 11.871794871794872,
  "time_variance": 53.067328370554186,
  "time_complexity_corr": -0.14661997639475513,
  "lag_spike_count": 0,
  "uniformity_score": 0.31162851785612355,
  "clutch_accuracy_diff": NaN,
  "opening_entropy": 4.544507255789622,
  "novelty_depth": 5,
  "second_choice_rate": 0.15384615384615385,
  "opening_breadth": 8,
  "tb_match_rate": NaN,
  "dtz_deviation": NaN,
  "conversion_efficiency": 136,
  "suspicious_quality": "False",
  "suspicious_timing": "False",
  "suspicious_opening": true,
  "overall_suspicion_score": -777.1293610175499,
  "analyzed_at": "2025-06-24 12:24:50.409320+00:00",
  "game": null
}