{
  "game_id": 1363,
  "acpl": 82.91304347826087,
  "match_rate": 0.2608695652173913,
  "weighted_match_rate": 0.26336593138511943,
  "ipr": 2167.2391304347825,
  "ipr_z_score": 0.0,
  "precision_burst_count": 0,
  "mean_move_time": 4.478260869565218,
  "time_variance": 113.04347826086956,
  "time_complexity_corr": 0.5908412145345943,
  "lag_spike_count": 0,
  "uniformity_score": 0.370966225229262,
  "clutch_accuracy_diff": NaN,
  "opening_entropy": 4.544507255789622,
  "novelty_depth": 6,
  "second_choice_rate": 0.13043478260869565,
  "opening_breadth": 8,
  "tb_match_rate": NaN,
  "dtz_deviation": NaN,
  "conversion_efficiency": null,
  "suspicious_quality": "False",
  "suspicious_timing": "False",
  "suspicious_opening": true,
  "overall_suspicion_score": 38.647331999756595,
  "analyzed_at": "2025-06-24 12:21:35.801774+00:00",
  "game": null
}