{
  "game_id": 1675,
  "acpl": 66.17241379310344,
  "match_rate": 0.3448275862068966,
  "weighted_match_rate": 0.3383831009194724,
  "ipr": 2242.7758620689656,
  "ipr_z_score": 0.0,
  "precision_burst_count": 0,
  "mean_move_time": -21.103448275862068,
  "time_variance": 278.91094452773615,
  "time_complexity_corr": -0.3133355963979468,
  "lag_spike_count": 0,
  "uniformity_score": 0.540463871810048,
  "clutch_accuracy_diff": NaN,
  "opening_entropy": 4.544507255789622,
  "novelty_depth": 5,
  "second_choice_rate": 0.1724137931034483,
  "opening_breadth": 8,
  "tb_match_rate": NaN,
  "dtz_deviation": NaN,
  "conversion_efficiency": null,
  "suspicious_quality": "False",
  "suspicious_timing": "False",
  "suspicious_opening": true,
  "overall_suspicion_score": 38.36674043624548,
  "analyzed_at": "2025-06-24 12:25:09.963580+00:00",
  "game": null
}