{
  "game_id": 689,
  "acpl": 40.333333333333336,
  "match_rate": 0.37037037037037035,
  "weighted_match_rate": 0.36345563117310553,
  "ipr": 2276.1296296296296,
  "ipr_z_score": 0.0,
  "precision_burst_count": 0,
  "mean_move_time": 26.666666666666668,
  "time_variance": 309.60747663551405,
  "time_complexity_corr": 0.6508549113623949,
  "lag_spike_count": 0,
  "uniformity_score": 0.27828301253257565,
  "clutch_accuracy_diff": NaN,
  "opening_entropy": 4.544507255789622,
  "novelty_depth": 5,
  "second_choice_rate": 0.14814814814814814,
  "opening_breadth": 8,
  "tb_match_rate": NaN,
  "dtz_deviation": NaN,
  "conversion_efficiency": null,
  "suspicious_quality": "False",
  "suspicious_timing": "False",
  "suspicious_opening": true,
  "overall_suspicion_score": 47.96680273387551,
  "analyzed_at": "2025-06-24 12:13:48.864571+00:00",
  "game": null
}