{
  "game_id": 143,
  "acpl": 8514.217391304348,
  "match_rate": 0.5217391304347826,
  "weighted_match_rate": 0.5537187708007585,
  "ipr": -1839.717391304348,
  "ipr_z_score": 0.0,
  "precision_burst_count": 0,
  "mean_move_time": 21.91304347826087,
  "time_variance": 185.57477305303388,
  "time_complexity_corr": 0.7388170974155069,
  "lag_spike_count": 0,
  "uniformity_score": 0.27841104830597807,
  "clutch_accuracy_diff": NaN,
  "opening_entropy": 4.544507255789622,
  "novelty_depth": 5,
  "second_choice_rate": 0.30434782608695654,
  "opening_breadth": 8,
  "tb_match_rate": NaN,
  "dtz_deviation": NaN,
  "conversion_efficiency": 77,
  "suspicious_quality": "False",
  "suspicious_timing": "True",
  "suspicious_opening": true,
  "overall_suspicion_score": -1302.6539359723506,
  "analyzed_at": "2025-06-24 12:07:34.057921+00:00",
  "game": null
}