{
  "game_id": 1579,
  "acpl": 2424.6692913385828,
  "match_rate": 0.3937007874015748,
  "weighted_match_rate": 0.39735352894201714,
  "ipr": 1102.6259842519685,
  "ipr_z_score": 0.0,
  "precision_burst_count": 0,
  "mean_move_time": 0.8976377952755905,
  "time_variance": 109.11991534655006,
  "time_complexity_corr": -0.3255721153638063,
  "lag_spike_count": 1,
  "uniformity_score": 0.33255699944327044,
  "clutch_accuracy_diff": NaN,
  "opening_entropy": 4.544507255789622,
  "novelty_depth": 5,
  "second_choice_rate": 0.14173228346456693,
  "opening_breadth": 8,
  "tb_match_rate": NaN,
  "dtz_deviation": NaN,
  "conversion_efficiency": 231,
  "suspicious_quality": "False",
  "suspicious_timing": "False",
  "suspicious_opening": true,
  "overall_suspicion_score": -340.29747232500927,
  "analyzed_at": "2025-06-24 12:24:15.693449+00:00",
  "game": null
}