{
  "game_id": 1559,
  "acpl": 2001.3921568627452,
  "match_rate": 0.39215686274509803,
  "weighted_match_rate": 0.41188308982474536,
  "ipr": 1313.0294117647059,
  "ipr_z_score": 0.0,
  "precision_burst_count": 0,
  "mean_move_time": 0.49019607843137253,
  "time_variance": 476.1335662978063,
  "time_complexity_corr": -0.2685666466739998,
  "lag_spike_count": 0,
  "uniformity_score": 0.34425048210846815,
  "clutch_accuracy_diff": NaN,
  "opening_entropy": 4.544507255789622,
  "novelty_depth": 5,
  "second_choice_rate": 0.23529411764705882,
  "opening_breadth": 8,
  "tb_match_rate": NaN,
  "dtz_deviation": NaN,
  "conversion_efficiency": 76,
  "suspicious_quality": "False",
  "suspicious_timing": "False",
  "suspicious_opening": true,
  "overall_suspicion_score": -272.2711346408453,
  "analyzed_at": "2025-06-24 12:23:55.840347+00:00",
  "game": null
}