{
  "game_id": 1342,
  "acpl": 6364.349206349207,
  "match_rate": 0.2698412698412698,
  "weighted_match_rate": 0.27717071780873753,
  "ipr": -966.3015873015875,
  "ipr_z_score": 0.0,
  "precision_burst_count": 0,
  "mean_move_time": -6.888888888888889,
  "time_variance": 29.358123063302344,
  "time_complexity_corr": 0.32357044503942006,
  "lag_spike_count": 0,
  "uniformity_score": 0.5152733214383605,
  "clutch_accuracy_diff": NaN,
  "opening_entropy": 4.544507255789622,
  "novelty_depth": 5,
  "second_choice_rate": 0.20634920634920634,
  "opening_breadth": 8,
  "tb_match_rate": NaN,
  "dtz_deviation": NaN,
  "conversion_efficiency": null,
  "suspicious_quality": "False",
  "suspicious_timing": "False",
  "suspicious_opening": true,
  "overall_suspicion_score": -967.2461820831006,
  "analyzed_at": "2025-06-24 12:21:24.346639+00:00",
  "game": null
}