{
  "game_id": 892,
  "acpl": 85.1219512195122,
  "match_rate": 0.2682926829268293,
  "weighted_match_rate": 0.3143773696218222,
  "ipr": 2172.0731707317073,
  "ipr_z_score": 0.0,
  "precision_burst_count": 0,
  "mean_move_time": 27.024390243902438,
  "time_variance": 155.9503217118061,
  "time_complexity_corr": 0.05506348491694077,
  "lag_spike_count": 0,
  "uniformity_score": 0.3001447532736372,
  "clutch_accuracy_diff": NaN,
  "opening_entropy": 4.544507255789622,
  "novelty_depth": 5,
  "second_choice_rate": 0.14634146341463414,
  "opening_breadth": 8,
  "tb_match_rate": NaN,
  "dtz_deviation": NaN,
  "conversion_efficiency": null,
  "suspicious_quality": "False",
  "suspicious_timing": "False",
  "suspicious_opening": true,
  "overall_suspicion_score": 31.81263141284409,
  "analyzed_at": "2025-06-24 12:16:06.998811+00:00",
  "game": null
}