{
  "game_id": 1580,
  "acpl": 76.14285714285714,
  "match_rate": 0.2857142857142857,
  "weighted_match_rate": 0.2917400253832195,
  "ipr": 2190.5,
  "ipr_z_score": 0.0,
  "precision_burst_count": 0,
  "mean_move_time": 24.392857142857142,
  "time_variance": 269.50193050193053,
  "time_complexity_corr": 0.6734481955251574,
  "lag_spike_count": 0,
  "uniformity_score": 0.3237632897956134,
  "clutch_accuracy_diff": NaN,
  "opening_entropy": 4.544507255789622,
  "novelty_depth": 5,
  "second_choice_rate": 0.2857142857142857,
  "opening_breadth": 8,
  "tb_match_rate": NaN,
  "dtz_deviation": NaN,
  "conversion_efficiency": null,
  "suspicious_quality": "False",
  "suspicious_timing": "False",
  "suspicious_opening": true,
  "overall_suspicion_score": 41.211738156822555,
  "analyzed_at": "2025-06-24 12:24:10.219977+00:00",
  "game": null
}