{
  "game_id": 1297,
  "acpl": 175.22727272727272,
  "match_rate": 0.5909090909090909,
  "weighted_match_rate": 0.5960165830118561,
  "ipr": 2385.1136363636365,
  "ipr_z_score": 0.0,
  "precision_burst_count": 0,
  "mean_move_time": 2.3181818181818183,
  "time_variance": 22.748171368861023,
  "time_complexity_corr": -0.22111643318943458,
  "lag_spike_count": 0,
  "uniformity_score": 0.31436315372350343,
  "clutch_accuracy_diff": NaN,
  "opening_entropy": 4.544507255789622,
  "novelty_depth": 5,
  "second_choice_rate": 0.045454545454545456,
  "opening_breadth": 8,
  "tb_match_rate": NaN,
  "dtz_deviation": NaN,
  "conversion_efficiency": null,
  "suspicious_quality": "False",
  "suspicious_timing": "False",
  "suspicious_opening": true,
  "overall_suspicion_score": 24.136283872231523,
  "analyzed_at": "2025-06-24 12:20:48.528671+00:00",
  "game": null
}