{
  "game_id": 513,
  "acpl": 10792.50909090909,
  "match_rate": 0.3090909090909091,
  "weighted_match_rate": 0.3623682649269521,
  "ipr": -3148.981818181818,
  "ipr_z_score": 0.0,
  "precision_burst_count": 0,
  "mean_move_time": 59.74545454545454,
  "time_variance": 997.6335408883353,
  "time_complexity_corr": 0.46978820697370444,
  "lag_spike_count": 0,
  "uniformity_score": 0.32982743179983337,
  "clutch_accuracy_diff": NaN,
  "opening_entropy": 4.544507255789622,
  "novelty_depth": 5,
  "second_choice_rate": 0.21818181818181817,
  "opening_breadth": 8,
  "tb_match_rate": NaN,
  "dtz_deviation": NaN,
  "conversion_efficiency": null,
  "suspicious_quality": "False",
  "suspicious_timing": "False",
  "suspicious_opening": true,
  "overall_suspicion_score": -1674.7487489725709,
  "analyzed_at": "2025-06-24 12:11:52.459659+00:00",
  "game": null
}