{
  "game_id": 1607,
  "acpl": 2724.7567567567567,
  "match_rate": 0.32432432432432434,
  "weighted_match_rate": 0.34121487130895584,
  "ipr": 897.0810810810813,
  "ipr_z_score": 0.0,
  "precision_burst_count": 0,
  "mean_move_time": 0.5135135135135135,
  "time_variance": 85.34912995186967,
  "time_complexity_corr": -0.04311939612796033,
  "lag_spike_count": 0,
  "uniformity_score": 0.38620570124656295,
  "clutch_accuracy_diff": NaN,
  "opening_entropy": 4.544507255789622,
  "novelty_depth": 5,
  "second_choice_rate": 0.3783783783783784,
  "opening_breadth": 8,
  "tb_match_rate": NaN,
  "dtz_deviation": NaN,
  "conversion_efficiency": 55,
  "suspicious_quality": "False",
  "suspicious_timing": "False",
  "suspicious_opening": true,
  "overall_suspicion_score": -389.1470394678997,
  "analyzed_at": "2025-06-24 12:24:23.814166+00:00",
  "game": null
}