{
  "game_id": 1613,
  "acpl": 64.5952380952381,
  "match_rate": 0.40476190476190477,
  "weighted_match_rate": 0.40777507527936396,
  "ipr": 2291.5119047619046,
  "ipr_z_score": 0.0,
  "precision_burst_count": 0,
  "mean_move_time": 26.571428571428573,
  "time_variance": 363.9828913601369,
  "time_complexity_corr": -0.024468562381770437,
  "lag_spike_count": 0,
  "uniformity_score": 0.2464253150851904,
  "clutch_accuracy_diff": NaN,
  "opening_entropy": 4.544507255789622,
  "novelty_depth": 5,
  "second_choice_rate": 0.16666666666666666,
  "opening_breadth": 8,
  "tb_match_rate": NaN,
  "dtz_deviation": NaN,
  "conversion_efficiency": 130,
  "suspicious_quality": "False",
  "suspicious_timing": "False",
  "suspicious_opening": true,
  "overall_suspicion_score": 36.49552210382201,
  "analyzed_at": "2025-06-24 12:24:36.835452+00:00",
  "game": null
}