{
  "game_id": 543,
  "acpl": 28.571428571428573,
  "match_rate": 0.4857142857142857,
  "weighted_match_rate": 0.5111583651028253,
  "ipr": 2374.285714285714,
  "ipr_z_score": 0.0,
  "precision_burst_count": 0,
  "mean_move_time": 0.9714285714285714,
  "time_variance": 170.57888198757763,
  "time_complexity_corr": 0.6540532290189839,
  "lag_spike_count": 0,
  "uniformity_score": 0.3471845117202857,
  "clutch_accuracy_diff": NaN,
  "opening_entropy": 4.544507255789622,
  "novelty_depth": 5,
  "second_choice_rate": 0.08571428571428572,
  "opening_breadth": 8,
  "tb_match_rate": NaN,
  "dtz_deviation": NaN,
  "conversion_efficiency": 52,
  "suspicious_quality": "True",
  "suspicious_timing": "True",
  "suspicious_opening": true,
  "overall_suspicion_score": 53.906514997617634,
  "analyzed_at": "2025-06-24 12:12:04.869362+00:00",
  "game": null
}