{
  "game_id": 223,
  "acpl": 60.16129032258065,
  "match_rate": 0.3225806451612903,
  "weighted_match_rate": 0.3413346444197575,
  "ipr": 2227.983870967742,
  "ipr_z_score": 0.0,
  "precision_burst_count": 0,
  "mean_move_time": 23.64516129032258,
  "time_variance": 409.5966430632048,
  "time_complexity_corr": 0.5536637304202227,
  "lag_spike_count": 0,
  "uniformity_score": 0.2347154985947958,
  "clutch_accuracy_diff": NaN,
  "opening_entropy": 4.544507255789622,
  "novelty_depth": 5,
  "second_choice_rate": 0.1935483870967742,
  "opening_breadth": 8,
  "tb_match_rate": NaN,
  "dtz_deviation": NaN,
  "conversion_efficiency": null,
  "suspicious_quality": "False",
  "suspicious_timing": "False",
  "suspicious_opening": true,
  "overall_suspicion_score": 42.195917386047405,
  "analyzed_at": "2025-06-24 12:08:31.559534+00:00",
  "game": null
}