{
  "game_id": 1368,
  "acpl": 48.72727272727273,
  "match_rate": 0.2727272727272727,
  "weighted_match_rate": 0.2634716663308352,
  "ipr": 2193.818181818182,
  "ipr_z_score": 0.0,
  "precision_burst_count": 0,
  "mean_move_time": 38.59090909090909,
  "time_variance": 814.8652037617555,
  "time_complexity_corr": 0.7677960718941915,
  "lag_spike_count": 0,
  "uniformity_score": 0.27175911429317207,
  "clutch_accuracy_diff": NaN,
  "opening_entropy": 4.544507255789622,
  "novelty_depth": 5,
  "second_choice_rate": 0.2727272727272727,
  "opening_breadth": 8,
  "tb_match_rate": NaN,
  "dtz_deviation": NaN,
  "conversion_efficiency": null,
  "suspicious_quality": "False",
  "suspicious_timing": "True",
  "suspicious_opening": true,
  "overall_suspicion_score": 45.632463459675705,
  "analyzed_at": "2025-06-24 12:21:37.264229+00:00",
  "game": null
}