{
  "game_id": 368,
  "acpl": 5975.264705882353,
  "match_rate": 0.35294117647058826,
  "weighted_match_rate": 0.37342879820755115,
  "ipr": -705.2794117647059,
  "ipr_z_score": 0.0,
  "precision_burst_count": 0,
  "mean_move_time": -2.6176470588235294,
  "time_variance": 291.0823529411765,
  "time_complexity_corr": -0.27075223888540756,
  "lag_spike_count": 0,
  "uniformity_score": 0.41635371706691987,
  "clutch_accuracy_diff": NaN,
  "opening_entropy": 4.544507255789622,
  "novelty_depth": 5,
  "second_choice_rate": 0.17647058823529413,
  "opening_breadth": 8,
  "tb_match_rate": NaN,
  "dtz_deviation": NaN,
  "conversion_efficiency": 111,
  "suspicious_quality": "False",
  "suspicious_timing": "False",
  "suspicious_opening": true,
  "overall_suspicion_score": -908.1214917817025,
  "analyzed_at": "2025-06-24 12:10:09.960672+00:00",
  "game": null
}