{
  "game_id": 681,
  "acpl": 61.45161290322581,
  "match_rate": 0.3225806451612903,
  "weighted_match_rate": 0.3305484893595723,
  "ipr": 2227.3387096774195,
  "ipr_z_score": 0.0,
  "precision_burst_count": 0,
  "mean_move_time": 14.741935483870968,
  "time_variance": 145.62391817466562,
  "time_complexity_corr": 0.7462002140268085,
  "lag_spike_count": 0,
  "uniformity_score": 0.29377162635980814,
  "clutch_accuracy_diff": NaN,
  "opening_entropy": 4.544507255789622,
  "novelty_depth": 5,
  "second_choice_rate": 0.12903225806451613,
  "opening_breadth": 8,
  "tb_match_rate": NaN,
  "dtz_deviation": NaN,
  "conversion_efficiency": null,
  "suspicious_quality": "False",
  "suspicious_timing": "True",
  "suspicious_opening": true,
  "overall_suspicion_score": 45.00493955456693,
  "analyzed_at": "2025-06-24 12:13:42.370620+00:00",
  "game": null
}