{
  "game_id": 525,
  "acpl": 2283.7078651685392,
  "match_rate": 0.3258426966292135,
  "weighted_match_rate": 0.3488745890543294,
  "ipr": 1118.8202247191011,
  "ipr_z_score": 0.0,
  "precision_burst_count": 0,
  "mean_move_time": 0.8089887640449438,
  "time_variance": 152.6073763727544,
  "time_complexity_corr": -0.2132198918848277,
  "lag_spike_count": 2,
  "uniformity_score": 0.3638685329209074,
  "clutch_accuracy_diff": NaN,
  "opening_entropy": 4.544507255789622,
  "novelty_depth": 5,
  "second_choice_rate": 0.20224719101123595,
  "opening_breadth": 8,
  "tb_match_rate": NaN,
  "dtz_deviation": NaN,
  "conversion_efficiency": 133,
  "suspicious_quality": "False",
  "suspicious_timing": "False",
  "suspicious_opening": true,
  "overall_suspicion_score": -318.74829433725245,
  "analyzed_at": "2025-06-24 12:11:59.554795+00:00",
  "game": null
}