{
  "game_id": 330,
  "acpl": 5913.254901960784,
  "match_rate": 0.4117647058823529,
  "weighted_match_rate": 0.40622482073531424,
  "ipr": -627.2156862745096,
  "ipr_z_score": 0.0,
  "precision_burst_count": 0,
  "mean_move_time": 1.3333333333333333,
  "time_variance": 180.18481848184823,
  "time_complexity_corr": -0.750221396341802,
  "lag_spike_count": 2,
  "uniformity_score": 0.32237727856314013,
  "clutch_accuracy_diff": NaN,
  "opening_entropy": 4.544507255789622,
  "novelty_depth": 5,
  "second_choice_rate": 0.19607843137254902,
  "opening_breadth": 8,
  "tb_match_rate": NaN,
  "dtz_deviation": NaN,
  "conversion_efficiency": 79,
  "suspicious_quality": "False",
  "suspicious_timing": "False",
  "suspicious_opening": true,
  "overall_suspicion_score": -898.2751940122743,
  "analyzed_at": "2025-06-24 12:09:38.852032+00:00",
  "game": null
}