{
  "game_id": 1645,
  "acpl": 90.33333333333333,
  "match_rate": 0.3939393939393939,
  "weighted_match_rate": 0.407953785586138,
  "ipr": 2269.9848484848485,
  "ipr_z_score": 0.0,
  "precision_burst_count": 0,
  "mean_move_time": 25.242424242424242,
  "time_variance": 442.2613925514688,
  "time_complexity_corr": 0.7152334968513795,
  "lag_spike_count": 0,
  "uniformity_score": 0.36383508903073686,
  "clutch_accuracy_diff": NaN,
  "opening_entropy": 4.544507255789622,
  "novelty_depth": 5,
  "second_choice_rate": 0.15151515151515152,
  "opening_breadth": 8,
  "tb_match_rate": NaN,
  "dtz_deviation": NaN,
  "conversion_efficiency": 106,
  "suspicious_quality": "False",
  "suspicious_timing": "True",
  "suspicious_opening": true,
  "overall_suspicion_score": 42.65774214449951,
  "analyzed_at": "2025-06-24 12:24:54.620339+00:00",
  "game": null
}