{
  "game_id": 400,
  "acpl": 75.44827586206897,
  "match_rate": 0.3448275862068966,
  "weighted_match_rate": 0.3570752105532448,
  "ipr": 2238.137931034483,
  "ipr_z_score": 0.0,
  "precision_burst_count": 0,
  "mean_move_time": 0.4482758620689655,
  "time_variance": 63.62008469449485,
  "time_complexity_corr": 0.5283169893802768,
  "lag_spike_count": 0,
  "uniformity_score": 0.38381216117550027,
  "clutch_accuracy_diff": NaN,
  "opening_entropy": 4.544507255789622,
  "novelty_depth": 5,
  "second_choice_rate": 0.06896551724137931,
  "opening_breadth": 8,
  "tb_match_rate": NaN,
  "dtz_deviation": NaN,
  "conversion_efficiency": 43,
  "suspicious_quality": "False",
  "suspicious_timing": "False",
  "suspicious_opening": true,
  "overall_suspicion_score": 41.752723805137876,
  "analyzed_at": "2025-06-24 12:10:29.622687+00:00",
  "game": null
}