{
  "game_id": 222,
  "acpl": 18.92063492063492,
  "match_rate": 0.4603174603174603,
  "weighted_match_rate": 0.4696360640054756,
  "ipr": 2358.7936507936506,
  "ipr_z_score": 0.0,
  "precision_burst_count": 0,
  "mean_move_time": 7.9523809523809526,
  "time_variance": 50.34035287421742,
  "time_complexity_corr": -0.06154367956418947,
  "lag_spike_count": 3,
  "uniformity_score": 0.3005953824423506,
  "clutch_accuracy_diff": NaN,
  "opening_entropy": 4.544507255789622,
  "novelty_depth": 6,
  "second_choice_rate": 0.20634920634920634,
  "opening_breadth": 7,
  "tb_match_rate": NaN,
  "dtz_deviation": NaN,
  "conversion_efficiency": null,
  "suspicious_quality": "True",
  "suspicious_timing": "False",
  "suspicious_opening": true,
  "overall_suspicion_score": 45.48958298510303,
  "analyzed_at": "2025-06-24 12:08:33.584639+00:00",
  "game": null
}