{
  "game_id": 309,
  "acpl": 4505.2444444444445,
  "match_rate": 0.37777777777777777,
  "weighted_match_rate": 0.3948517410626741,
  "ipr": 49.59999999999991,
  "ipr_z_score": 0.0,
  "precision_burst_count": 0,
  "mean_move_time": 0.6666666666666666,
  "time_variance": 1939.5505617977528,
  "time_complexity_corr": 0.743377234801725,
  "lag_spike_count": 0,
  "uniformity_score": 0.37743463565532787,
  "clutch_accuracy_diff": NaN,
  "opening_entropy": 4.544507255789622,
  "novelty_depth": 5,
  "second_choice_rate": 0.2,
  "opening_breadth": 8,
  "tb_match_rate": NaN,
  "dtz_deviation": NaN,
  "conversion_efficiency": 73,
  "suspicious_quality": "False",
  "suspicious_timing": "True",
  "suspicious_opening": true,
  "overall_suspicion_score": -663.5574085043127,
  "analyzed_at": "2025-06-24 12:09:25.957734+00:00",
  "game": null
}