{
  "game_id": 1246,
  "acpl": 58.530973451327434,
  "match_rate": 0.3274336283185841,
  "weighted_match_rate": 0.33943972364192515,
  "ipr": 2232.6814159292035,
  "ipr_z_score": 0.0,
  "precision_burst_count": 0,
  "mean_move_time": 0.8761061946902655,
  "time_variance": 426.4912487708948,
  "time_complexity_corr": -0.12223224468852815,
  "lag_spike_count": 2,
  "uniformity_score": 0.3410972341150422,
  "clutch_accuracy_diff": NaN,
  "opening_entropy": 4.544507255789622,
  "novelty_depth": 5,
  "second_choice_rate": 0.18584070796460178,
  "opening_breadth": 8,
  "tb_match_rate": NaN,
  "dtz_deviation": NaN,
  "conversion_efficiency": 185,
  "suspicious_quality": "False",
  "suspicious_timing": "False",
  "suspicious_opening": true,
  "overall_suspicion_score": 36.90123989775175,
  "analyzed_at": "2025-06-24 12:20:16.787867+00:00",
  "game": null
}