{
  "game_id": 499,
  "acpl": 3690.5,
  "match_rate": 0.21428571428571427,
  "weighted_match_rate": 0.22480837053544026,
  "ipr": 326.17857142857133,
  "ipr_z_score": 0.0,
  "precision_burst_count": 0,
  "mean_move_time": -2.357142857142857,
  "time_variance": 67.18661518661519,
  "time_complexity_corr": 0.5871438731226716,
  "lag_spike_count": 0,
  "uniformity_score": 0.48422410085501394,
  "clutch_accuracy_diff": NaN,
  "opening_entropy": 4.544507255789622,
  "novelty_depth": 5,
  "second_choice_rate": 0.32142857142857145,
  "opening_breadth": 8,
  "tb_match_rate": NaN,
  "dtz_deviation": NaN,
  "conversion_efficiency": null,
  "suspicious_quality": "False",
  "suspicious_timing": "True",
  "suspicious_opening": true,
  "overall_suspicion_score": -537.8187713074252,
  "analyzed_at": "2025-06-24 12:11:35.942972+00:00",
  "game": null
}