{
  "game_id": 210,
  "acpl": 65.57142857142857,
  "match_rate": 0.3333333333333333,
  "weighted_match_rate": 0.3530754045551119,
  "ipr": 2233.8809523809523,
  "ipr_z_score": 0.0,
  "precision_burst_count": 0,
  "mean_move_time": 1.2063492063492063,
  "time_variance": 1024.6450793650793,
  "time_complexity_corr": 0.28646212221855416,
  "lag_spike_count": 0,
  "uniformity_score": 0.34250354789174847,
  "clutch_accuracy_diff": NaN,
  "opening_entropy": 4.544507255789622,
  "novelty_depth": 5,
  "second_choice_rate": 0.12698412698412698,
  "opening_breadth": 7,
  "tb_match_rate": NaN,
  "dtz_deviation": NaN,
  "conversion_efficiency": null,
  "suspicious_quality": "False",
  "suspicious_timing": "False",
  "suspicious_opening": true,
  "overall_suspicion_score": 39.607547159611556,
  "analyzed_at": "2025-06-24 12:08:24.634243+00:00",
  "game": null
}