{
  "game_id": 1250,
  "acpl": 76.04878048780488,
  "match_rate": 0.1951219512195122,
  "weighted_match_rate": 0.20359225504921638,
  "ipr": 2118.0731707317073,
  "ipr_z_score": 0.0,
  "precision_burst_count": 0,
  "mean_move_time": 13.463414634146341,
  "time_variance": 104.39742630555139,
  "time_complexity_corr": 0.4649723763555971,
  "lag_spike_count": 3,
  "uniformity_score": 0.3448093542914279,
  "clutch_accuracy_diff": NaN,
  "opening_entropy": 4.544507255789622,
  "novelty_depth": 5,
  "second_choice_rate": 0.0975609756097561,
  "opening_breadth": 8,
  "tb_match_rate": NaN,
  "dtz_deviation": NaN,
  "conversion_efficiency": 142,
  "suspicious_quality": "False",
  "suspicious_timing": "False",
  "suspicious_opening": true,
  "overall_suspicion_score": 36.739037230263776,
  "analyzed_at": "2025-06-24 12:20:21.426846+00:00",
  "game": null
}