{
  "game_id": 1436,
  "acpl": 1568.1534653465346,
  "match_rate": 0.3118811881188119,
  "weighted_match_rate": 0.32938207178881407,
  "ipr": 1465.4282178217823,
  "ipr_z_score": 0.0,
  "precision_burst_count": 0,
  "mean_move_time": 5.485148514851486,
  "time_variance": 161.7336091818137,
  "time_complexity_corr": 0.43089672847362875,
  "lag_spike_count": 0,
  "uniformity_score": 0.2547571607219677,
  "clutch_accuracy_diff": NaN,
  "opening_entropy": 4.544507255789622,
  "novelty_depth": 5,
  "second_choice_rate": 0.13366336633663367,
  "opening_breadth": 8,
  "tb_match_rate": NaN,
  "dtz_deviation": NaN,
  "conversion_efficiency": 179,
  "suspicious_quality": "False",
  "suspicious_timing": "False",
  "suspicious_opening": true,
  "overall_suspicion_score": -200.63872172160907,
  "analyzed_at": "2025-06-24 12:22:33.728043+00:00",
  "game": null
}