{
  "game_id": 456,
  "acpl": 1798.3333333333333,
  "match_rate": 0.3684210526315789,
  "weighted_match_rate": 0.36085808046350826,
  "ipr": 1395.5701754385964,
  "ipr_z_score": 0.0,
  "precision_burst_count": 0,
  "mean_move_time": 1.1578947368421053,
  "time_variance": 156.0279459711225,
  "time_complexity_corr": -0.3836711405442389,
  "lag_spike_count": 0,
  "uniformity_score": 0.352434870840314,
  "clutch_accuracy_diff": NaN,
  "opening_entropy": 4.544507255789622,
  "novelty_depth": 5,
  "second_choice_rate": 0.12280701754385964,
  "opening_breadth": 8,
  "tb_match_rate": NaN,
  "dtz_deviation": NaN,
  "conversion_efficiency": 86,
  "suspicious_quality": "False",
  "suspicious_timing": "False",
  "suspicious_opening": true,
  "overall_suspicion_score": -240.57654785068837,
  "analyzed_at": "2025-06-24 12:11:07.856039+00:00",
  "game": null
}