{
  "game_id": 387,
  "acpl": 3723.703703703704,
  "match_rate": 0.4444444444444444,
  "weighted_match_rate": 0.4577902809262023,
  "ipr": 493.70370370370347,
  "ipr_z_score": 0.0,
  "precision_burst_count": 0,
  "mean_move_time": -0.037037037037037035,
  "time_variance": 10.904262753319356,
  "time_complexity_corr": 0.5612386980570986,
  "lag_spike_count": 2,
  "uniformity_score": 0.34982968969350364,
  "clutch_accuracy_diff": NaN,
  "opening_entropy": 4.544507255789622,
  "novelty_depth": 5,
  "second_choice_rate": 0.2962962962962963,
  "opening_breadth": 8,
  "tb_match_rate": NaN,
  "dtz_deviation": NaN,
  "conversion_efficiency": 40,
  "suspicious_quality": "False",
  "suspicious_timing": "False",
  "suspicious_opening": true,
  "overall_suspicion_score": -539.5774210412625,
  "analyzed_at": "2025-06-24 12:10:19.407192+00:00",
  "game": null
}