{
  "game_id": 1438,
  "acpl": 22.384615384615383,
  "match_rate": 0.38461538461538464,
  "weighted_match_rate": 0.4307689637186655,
  "ipr": 2296.5,
  "ipr_z_score": 0.0,
  "precision_burst_count": 0,
  "mean_move_time": -5.923076923076923,
  "time_variance": 326.2076176250933,
  "time_complexity_corr": -0.5358501917171391,
  "lag_spike_count": 0,
  "uniformity_score": 0.29772282589649096,
  "clutch_accuracy_diff": NaN,
  "opening_entropy": 4.544507255789622,
  "novelty_depth": 5,
  "second_choice_rate": 0.038461538461538464,
  "opening_breadth": 8,
  "tb_match_rate": NaN,
  "dtz_deviation": NaN,
  "conversion_efficiency": null,
  "suspicious_quality": "True",
  "suspicious_timing": "False",
  "suspicious_opening": true,
  "overall_suspicion_score": 43.92460904217628,
  "analyzed_at": "2025-06-24 12:22:27.119016+00:00",
  "game": null
}