{
  "game_id": 145,
  "acpl": 65.74603174603175,
  "match_rate": 0.3333333333333333,
  "weighted_match_rate": 0.3486400189487725,
  "ipr": 2233.7936507936506,
  "ipr_z_score": 0.0,
  "precision_burst_count": 0,
  "mean_move_time": 1.2698412698412698,
  "time_variance": 618.342603174603,
  "time_complexity_corr": 0.4597106781997626,
  "lag_spike_count": 0,
  "uniformity_score": 0.3578972938729384,
  "clutch_accuracy_diff": NaN,
  "opening_entropy": 4.544507255789622,
  "novelty_depth": 5,
  "second_choice_rate": 0.12698412698412698,
  "opening_breadth": 8,
  "tb_match_rate": NaN,
  "dtz_deviation": NaN,
  "conversion_efficiency": 103,
  "suspicious_quality": "False",
  "suspicious_timing": "False",
  "suspicious_opening": true,
  "overall_suspicion_score": 41.88441479892895,
  "analyzed_at": "2025-06-24 12:07:40.093119+00:00",
  "game": null
}