{
  "game_id": 1325,
  "acpl": 1474.4929577464789,
  "match_rate": 0.30985915492957744,
  "weighted_match_rate": 0.3157514881055478,
  "ipr": 1510.6408450704225,
  "ipr_z_score": 0.0,
  "precision_burst_count": 0,
  "mean_move_time": 1.5352112676056338,
  "time_variance": 606.1228648486664,
  "time_complexity_corr": -0.34902308161744366,
  "lag_spike_count": 0,
  "uniformity_score": 0.37149486184435754,
  "clutch_accuracy_diff": NaN,
  "opening_entropy": 4.544507255789622,
  "novelty_depth": 5,
  "second_choice_rate": 0.16901408450704225,
  "opening_breadth": 8,
  "tb_match_rate": NaN,
  "dtz_deviation": NaN,
  "conversion_efficiency": 114,
  "suspicious_quality": "False",
  "suspicious_timing": "False",
  "suspicious_opening": true,
  "overall_suspicion_score": -189.76785974996062,
  "analyzed_at": "2025-06-24 12:21:13.768587+00:00",
  "game": null
}