{
  "game_id": 859,
  "acpl": 40.97727272727273,
  "match_rate": 0.5227272727272727,
  "weighted_match_rate": 0.5452863424138534,
  "ipr": 2397.693181818182,
  "ipr_z_score": 0.0,
  "precision_burst_count": 0,
  "mean_move_time": 7.636363636363637,
  "time_variance": 72.09558441558441,
  "time_complexity_corr": -0.2734742223408816,
  "lag_spike_count": 0,
  "uniformity_score": 0.3325334406528284,
  "clutch_accuracy_diff": NaN,
  "opening_entropy": 4.544507255789622,
  "novelty_depth": 5,
  "second_choice_rate": 0.13636363636363635,
  "opening_breadth": 8,
  "tb_match_rate": NaN,
  "dtz_deviation": NaN,
  "conversion_efficiency": null,
  "suspicious_quality": "True",
  "suspicious_timing": "False",
  "suspicious_opening": true,
  "overall_suspicion_score": 44.41646775349024,
  "analyzed_at": "2025-06-24 12:15:44.612517+00:00",
  "game": null
}