{
  "game_id": 1500,
  "acpl": 2267.133333333333,
  "match_rate": 0.4444444444444444,
  "weighted_match_rate": 0.4890181973724855,
  "ipr": 1221.988888888889,
  "ipr_z_score": 0.0,
  "precision_burst_count": 0,
  "mean_move_time": 1.4444444444444444,
  "time_variance": 700.1148564294631,
  "time_complexity_corr": -0.6713753225325091,
  "lag_spike_count": 0,
  "uniformity_score": 0.35677868496853254,
  "clutch_accuracy_diff": NaN,
  "opening_entropy": 4.544507255789622,
  "novelty_depth": 5,
  "second_choice_rate": 0.13333333333333333,
  "opening_breadth": 8,
  "tb_match_rate": NaN,
  "dtz_deviation": NaN,
  "conversion_efficiency": 70,
  "suspicious_quality": "False",
  "suspicious_timing": "False",
  "suspicious_opening": true,
  "overall_suspicion_score": -313.0800480694235,
  "analyzed_at": "2025-06-24 12:23:08.957388+00:00",
  "game": null
}