{
  "game_id": 1640,
  "acpl": 26.324324324324323,
  "match_rate": 0.40540540540540543,
  "weighted_match_rate": 0.4056097277477641,
  "ipr": 2311.162162162162,
  "ipr_z_score": 0.0,
  "precision_burst_count": 0,
  "mean_move_time": 3.4054054054054053,
  "time_variance": 51.56241956241957,
  "time_complexity_corr": -0.44465994691457356,
  "lag_spike_count": 4,
  "uniformity_score": 0.290112822933935,
  "clutch_accuracy_diff": NaN,
  "opening_entropy": 4.544507255789622,
  "novelty_depth": 5,
  "second_choice_rate": 0.16216216216216217,
  "opening_breadth": 8,
  "tb_match_rate": NaN,
  "dtz_deviation": NaN,
  "conversion_efficiency": null,
  "suspicious_quality": "True",
  "suspicious_timing": "False",
  "suspicious_opening": true,
  "overall_suspicion_score": 43.14669999262033,
  "analyzed_at": "2025-06-24 12:24:53.903388+00:00",
  "game": null
}