{
  "game_id": 1273,
  "acpl": 48.857142857142854,
  "match_rate": 0.39285714285714285,
  "weighted_match_rate": 0.396818292401993,
  "ipr": 2289.8571428571427,
  "ipr_z_score": 0.0,
  "precision_burst_count": 0,
  "mean_move_time": 17.535714285714285,
  "time_variance": 256.25096525096524,
  "time_complexity_corr": 0.2851028823873313,
  "lag_spike_count": 0,
  "uniformity_score": 0.27393466198217936,
  "clutch_accuracy_diff": NaN,
  "opening_entropy": 4.544507255789622,
  "novelty_depth": 5,
  "second_choice_rate": 0.07142857142857142,
  "opening_breadth": 8,
  "tb_match_rate": NaN,
  "dtz_deviation": NaN,
  "conversion_efficiency": null,
  "suspicious_quality": "False",
  "suspicious_timing": "False",
  "suspicious_opening": true,
  "overall_suspicion_score": 42.64693167058566,
  "analyzed_at": "2025-06-24 12:20:32.662420+00:00",
  "game": null
}