{
  "game_id": 512,
  "acpl": 46.096774193548384,
  "match_rate": 0.4838709677419355,
  "weighted_match_rate": 0.5253864571899235,
  "ipr": 2364.048387096774,
  "ipr_z_score": 0.0,
  "precision_burst_count": 0,
  "mean_move_time": 0.967741935483871,
  "time_variance": 13.755048518227118,
  "time_complexity_corr": -0.10560006944810245,
  "lag_spike_count": 4,
  "uniformity_score": 0.34760275591477696,
  "clutch_accuracy_diff": NaN,
  "opening_entropy": 4.544507255789622,
  "novelty_depth": 5,
  "second_choice_rate": 0.16129032258064516,
  "opening_breadth": 8,
  "tb_match_rate": NaN,
  "dtz_deviation": NaN,
  "conversion_efficiency": null,
  "suspicious_quality": "True",
  "suspicious_timing": "False",
  "suspicious_opening": true,
  "overall_suspicion_score": 43.08063967714928,
  "analyzed_at": "2025-06-24 12:11:47.844884+00:00",
  "game": null
}