{
  "game_id": 610,
  "acpl": 60.32786885245902,
  "match_rate": 0.36065573770491804,
  "weighted_match_rate": 0.35666354436401776,
  "ipr": 2258.3606557377047,
  "ipr_z_score": 0.0,
  "precision_burst_count": 0,
  "mean_move_time": -13.918032786885245,
  "time_variance": 103.12082574377656,
  "time_complexity_corr": 0.38820891944869435,
  "lag_spike_count": 0,
  "uniformity_score": 0.5067947518396281,
  "clutch_accuracy_diff": NaN,
  "opening_entropy": 4.544507255789622,
  "novelty_depth": 5,
  "second_choice_rate": 0.09836065573770492,
  "opening_breadth": 8,
  "tb_match_rate": NaN,
  "dtz_deviation": NaN,
  "conversion_efficiency": null,
  "suspicious_quality": "False",
  "suspicious_timing": "False",
  "suspicious_opening": true,
  "overall_suspicion_score": 44.142918259537815,
  "analyzed_at": "2025-06-24 12:13:02.417936+00:00",
  "game": null
}