{
  "game_id": 450,
  "acpl": 10541.38596491228,
  "match_rate": 0.3157894736842105,
  "weighted_match_rate": 0.3448752641322303,
  "ipr": -3018.061403508772,
  "ipr_z_score": 0.0,
  "precision_burst_count": 0,
  "mean_move_time": 0.8947368421052632,
  "time_variance": 1000.625989753144,
  "time_complexity_corr": 0.7260034520818012,
  "lag_spike_count": 0,
  "uniformity_score": 0.3495442977919732,
  "clutch_accuracy_diff": NaN,
  "opening_entropy": 4.544507255789622,
  "novelty_depth": 6,
  "second_choice_rate": 0.2982456140350877,
  "opening_breadth": 7,
  "tb_match_rate": NaN,
  "dtz_deviation": NaN,
  "conversion_efficiency": 92,
  "suspicious_quality": "False",
  "suspicious_timing": "True",
  "suspicious_opening": true,
  "overall_suspicion_score": -1631.6494306587454,
  "analyzed_at": "2025-06-24 12:11:04.590872+00:00",
  "game": null
}