{
  "game_id": 171,
  "acpl": 58.51282051282051,
  "match_rate": 0.3076923076923077,
  "weighted_match_rate": 0.31890240896910943,
  "ipr": 2216.897435897436,
  "ipr_z_score": 0.0,
  "precision_burst_count": 0,
  "mean_move_time": 0.7948717948717948,
  "time_variance": 52.84049284049283,
  "time_complexity_corr": 0.09865244360576733,
  "lag_spike_count": 1,
  "uniformity_score": 0.33124557093831986,
  "clutch_accuracy_diff": NaN,
  "opening_entropy": 4.544507255789622,
  "novelty_depth": 5,
  "second_choice_rate": 0.1794871794871795,
  "opening_breadth": 8,
  "tb_match_rate": NaN,
  "dtz_deviation": NaN,
  "conversion_efficiency": null,
  "suspicious_quality": "False",
  "suspicious_timing": "False",
  "suspicious_opening": true,
  "overall_suspicion_score": 37.530810499686815,
  "analyzed_at": "2025-06-24 12:07:54.794936+00:00",
  "game": null
}