{
  "game_id": 1231,
  "acpl": 66.47272727272727,
  "match_rate": 0.3090909090909091,
  "weighted_match_rate": 0.29047694189489603,
  "ipr": 2214.0363636363636,
  "ipr_z_score": 0.0,
  "precision_burst_count": 0,
  "mean_move_time": 1.490909090909091,
  "time_variance": 675.2613844870725,
  "time_complexity_corr": -0.4266847120974252,
  "lag_spike_count": 0,
  "uniformity_score": 0.35045233623597216,
  "clutch_accuracy_diff": NaN,
  "opening_entropy": 4.544507255789622,
  "novelty_depth": 5,
  "second_choice_rate": 0.23636363636363636,
  "opening_breadth": 8,
  "tb_match_rate": NaN,
  "dtz_deviation": NaN,
  "conversion_efficiency": 83,
  "suspicious_quality": "False",
  "suspicious_timing": "False",
  "suspicious_opening": true,
  "overall_suspicion_score": 34.93983205114295,
  "analyzed_at": "2025-06-24 12:20:06.595014+00:00",
  "game": null
}