{
  "game_id": 1633,
  "acpl": 3039.3030303030305,
  "match_rate": 0.5454545454545454,
  "weighted_match_rate": 0.5405800928468667,
  "ipr": 916.712121212121,
  "ipr_z_score": 0.0,
  "precision_burst_count": 0,
  "mean_move_time": 49.666666666666664,
  "time_variance": 995.0330788804071,
  "time_complexity_corr": -0.3293321422793168,
  "lag_spike_count": 0,
  "uniformity_score": 0.2848558279071741,
  "clutch_accuracy_diff": NaN,
  "opening_entropy": 4.544507255789622,
  "novelty_depth": 5,
  "second_choice_rate": 0.24242424242424243,
  "opening_breadth": 8,
  "tb_match_rate": NaN,
  "dtz_deviation": NaN,
  "conversion_efficiency": null,
  "suspicious_quality": "False",
  "suspicious_timing": "False",
  "suspicious_opening": true,
  "overall_suspicion_score": -435.6953713400283,
  "analyzed_at": "2025-06-24 12:24:47.615630+00:00",
  "game": null
}