{
  "game_id": 1519,
  "acpl": 117.5,
  "match_rate": 0.3409090909090909,
  "weighted_match_rate": 0.3535398207993604,
  "ipr": 2213.9772727272725,
  "ipr_z_score": 0.0,
  "precision_burst_count": 0,
  "mean_move_time": 31.045454545454547,
  "time_variance": 271.5864935064935,
  "time_complexity_corr": -0.6272563812702096,
  "lag_spike_count": 0,
  "uniformity_score": 0.18822716710942056,
  "clutch_accuracy_diff": NaN,
  "opening_entropy": 4.544507255789622,
  "novelty_depth": 6,
  "second_choice_rate": 0.1590909090909091,
  "opening_breadth": 7,
  "tb_match_rate": NaN,
  "dtz_deviation": NaN,
  "conversion_efficiency": null,
  "suspicious_quality": "False",
  "suspicious_timing": "False",
  "suspicious_opening": true,
  "overall_suspicion_score": 25.486226529369176,
  "analyzed_at": "2025-06-24 12:23:25.717373+00:00",
  "game": null
}