{
  "game_id": 318,
  "acpl": 48.54545454545455,
  "match_rate": 0.4090909090909091,
  "weighted_match_rate": 0.41913437103150636,
  "ipr": 2303.0,
  "ipr_z_score": 0.0,
  "precision_burst_count": 0,
  "mean_move_time": 28.727272727272727,
  "time_variance": 807.0052246603971,
  "time_complexity_corr": 0.7940755821251848,
  "lag_spike_count": 0,
  "uniformity_score": 0.29765409977342744,
  "clutch_accuracy_diff": NaN,
  "opening_entropy": 4.544507255789622,
  "novelty_depth": 5,
  "second_choice_rate": 0.09090909090909091,
  "opening_breadth": 8,
  "tb_match_rate": NaN,
  "dtz_deviation": NaN,
  "conversion_efficiency": null,
  "suspicious_quality": "False",
  "suspicious_timing": "True",
  "suspicious_opening": true,
  "overall_suspicion_score": 49.81805165792891,
  "analyzed_at": "2025-06-24 12:09:32.976402+00:00",
  "game": null
}