{
  "game_id": 1183,
  "acpl": 2697.36,
  "match_rate": 0.32,
  "weighted_match_rate": 0.3293404878454721,
  "ipr": 907.3199999999999,
  "ipr_z_score": 0.0,
  "precision_burst_count": 0,
  "mean_move_time": 0.7466666666666667,
  "time_variance": 98.44545861297539,
  "time_complexity_corr": 0.18741851811802668,
  "lag_spike_count": 3,
  "uniformity_score": 0.35001005032191473,
  "clutch_accuracy_diff": NaN,
  "opening_entropy": 4.544507255789622,
  "novelty_depth": 5,
  "second_choice_rate": 0.22666666666666666,
  "opening_breadth": 8,
  "tb_match_rate": NaN,
  "dtz_deviation": NaN,
  "conversion_efficiency": 119,
  "suspicious_quality": "False",
  "suspicious_timing": "False",
  "suspicious_opening": true,
  "overall_suspicion_score": -383.06765704035513,
  "analyzed_at": "2025-06-24 12:19:31.435205+00:00",
  "game": null
}