{
  "game_id": 1387,
  "acpl": 4620.6,
  "match_rate": 0.5230769230769231,
  "weighted_match_rate": 0.5283146960330742,
  "ipr": 108.16153846153838,
  "ipr_z_score": 0.0,
  "precision_burst_count": 0,
  "mean_move_time": 1.0769230769230769,
  "time_variance": 424.81574239713774,
  "time_complexity_corr": -0.09186423614220608,
  "lag_spike_count": 0,
  "uniformity_score": 0.3329569969449468,
  "clutch_accuracy_diff": NaN,
  "opening_entropy": 4.544507255789622,
  "novelty_depth": 6,
  "second_choice_rate": 0.1076923076923077,
  "opening_breadth": 7,
  "tb_match_rate": NaN,
  "dtz_deviation": NaN,
  "conversion_efficiency": 102,
  "suspicious_quality": "False",
  "suspicious_timing": "False",
  "suspicious_opening": true,
  "overall_suspicion_score": -688.9173381088683,
  "analyzed_at": "2025-06-24 12:21:54.684084+00:00",
  "game": null
}