{
  "game_id": 341,
  "acpl": 2081.938775510204,
  "match_rate": 0.3469387755102041,
  "weighted_match_rate": 0.35454886006784586,
  "ipr": 1236.5816326530612,
  "ipr_z_score": 0.0,
  "precision_burst_count": 0,
  "mean_move_time": 0.6326530612244898,
  "time_variance": 51.86366505365032,
  "time_complexity_corr": 0.031434291372705765,
  "lag_spike_count": 0,
  "uniformity_score": 0.34432304749037573,
  "clutch_accuracy_diff": NaN,
  "opening_entropy": 4.544507255789622,
  "novelty_depth": 5,
  "second_choice_rate": 0.1836734693877551,
  "opening_breadth": 8,
  "tb_match_rate": NaN,
  "dtz_deviation": NaN,
  "conversion_efficiency": 85,
  "suspicious_quality": "False",
  "suspicious_timing": "False",
  "suspicious_opening": true,
  "overall_suspicion_score": -285.9953857189075,
  "analyzed_at": "2025-06-24 12:09:49.170445+00:00",
  "game": null
}