{
  "game_id": 65,
  "acpl": 45.82857142857143,
  "match_rate": 0.4,
  "weighted_match_rate": 0.38170680770108634,
  "ipr": 2297.0857142857144,
  "ipr_z_score": 0.0,
  "precision_burst_count": 0,
  "mean_move_time": 0.6857142857142857,
  "time_variance": 136.45051759834368,
  "time_complexity_corr": 0.2650535553194409,
  "lag_spike_count": 0,
  "uniformity_score": 0.377091060632264,
  "clutch_accuracy_diff": NaN,
  "opening_entropy": 4.544507255789622,
  "novelty_depth": 5,
  "second_choice_rate": 0.17142857142857143,
  "opening_breadth": 8,
  "tb_match_rate": NaN,
  "dtz_deviation": NaN,
  "conversion_efficiency": 56,
  "suspicious_quality": "False",
  "suspicious_timing": "False",
  "suspicious_opening": true,
  "overall_suspicion_score": 44.074717963237916,
  "analyzed_at": "2025-06-24 12:06:40.545672+00:00",
  "game": null
}