{
  "game_id": 586,
  "acpl": 2484.4939759036147,
  "match_rate": 0.4819277108433735,
  "weighted_match_rate": 0.5031876525926707,
  "ipr": 1143.2951807228915,
  "ipr_z_score": 0.0,
  "precision_burst_count": 0,
  "mean_move_time": 0.963855421686747,
  "time_variance": 981.7562614092734,
  "time_complexity_corr": -0.5516649130477804,
  "lag_spike_count": 0,
  "uniformity_score": 0.3355430896444999,
  "clutch_accuracy_diff": NaN,
  "opening_entropy": 4.544507255789622,
  "novelty_depth": 5,
  "second_choice_rate": 0.14457831325301204,
  "opening_breadth": 8,
  "tb_match_rate": NaN,
  "dtz_deviation": NaN,
  "conversion_efficiency": null,
  "suspicious_quality": "False",
  "suspicious_timing": "False",
  "suspicious_opening": true,
  "overall_suspicion_score": -347.5033631627897,
  "analyzed_at": "2025-06-24 12:12:41.889598+00:00",
  "game": null
}