{
  "game_id": 1540,
  "acpl": 59.85294117647059,
  "match_rate": 0.35294117647058826,
  "weighted_match_rate": 0.3756675566880397,
  "ipr": 2252.426470588235,
  "ipr_z_score": 0.0,
  "precision_burst_count": 0,
  "mean_move_time": 12.176470588235293,
  "time_variance": 44.29455337690632,
  "time_complexity_corr": -0.5740413856460064,
  "lag_spike_count": 0,
  "uniformity_score": 0.34538338024409243,
  "clutch_accuracy_diff": NaN,
  "opening_entropy": 4.544507255789622,
  "novelty_depth": 6,
  "second_choice_rate": 0.14705882352941177,
  "opening_breadth": 7,
  "tb_match_rate": NaN,
  "dtz_deviation": NaN,
  "conversion_efficiency": null,
  "suspicious_quality": "False",
  "suspicious_timing": "False",
  "suspicious_opening": true,
  "overall_suspicion_score": 37.0841264627194,
  "analyzed_at": "2025-06-24 12:23:40.188559+00:00",
  "game": null
}