{
  "game_id": 696,
  "acpl": 55.183673469387756,
  "match_rate": 0.3877551020408163,
  "weighted_match_rate": 0.39934334624063794,
  "ipr": 2282.612244897959,
  "ipr_z_score": 0.0,
  "precision_burst_count": 0,
  "mean_move_time": 1.9183673469387754,
  "time_variance": 1890.549968440985,
  "time_complexity_corr": -0.4980450000405501,
  "lag_spike_count": 0,
  "uniformity_score": 0.34161024075478624,
  "clutch_accuracy_diff": NaN,
  "opening_entropy": 4.544507255789622,
  "novelty_depth": 5,
  "second_choice_rate": 0.10204081632653061,
  "opening_breadth": 8,
  "tb_match_rate": NaN,
  "dtz_deviation": NaN,
  "conversion_efficiency": 77,
  "suspicious_quality": "False",
  "suspicious_timing": "False",
  "suspicious_opening": true,
  "overall_suspicion_score": 38.88592163371024,
  "analyzed_at": "2025-06-24 12:13:52.965305+00:00",
  "game": null
}