{
  "game_id": 903,
  "acpl": 2265.088888888889,
  "match_rate": 0.4,
  "weighted_match_rate": 0.40974374275838615,
  "ipr": 1187.4555555555555,
  "ipr_z_score": 0.0,
  "precision_burst_count": 0,
  "mean_move_time": -0.4666666666666667,
  "time_variance": 18.172067039106146,
  "time_complexity_corr": 0.33019898833854966,
  "lag_spike_count": 4,
  "uniformity_score": 0.3910798253591456,
  "clutch_accuracy_diff": NaN,
  "opening_entropy": 4.544507255789622,
  "novelty_depth": 5,
  "second_choice_rate": 0.13333333333333333,
  "opening_breadth": 7,
  "tb_match_rate": NaN,
  "dtz_deviation": NaN,
  "conversion_efficiency": null,
  "suspicious_quality": "False",
  "suspicious_timing": "False",
  "suspicious_opening": true,
  "overall_suspicion_score": -309.6813121379004,
  "analyzed_at": "2025-06-24 12:16:16.836203+00:00",
  "game": null
}