{
  "game_id": 1344,
  "acpl": 68.94594594594595,
  "match_rate": 0.35135135135135137,
  "weighted_match_rate": 0.35808743302634216,
  "ipr": 2246.6081081081084,
  "ipr_z_score": 0.0,
  "precision_burst_count": 0,
  "mean_move_time": 32.810810810810814,
  "time_variance": 469.97756940614084,
  "time_complexity_corr": 0.15409837968796183,
  "lag_spike_count": 0,
  "uniformity_score": 0.3560820674490955,
  "clutch_accuracy_diff": NaN,
  "opening_entropy": 4.544507255789622,
  "novelty_depth": 5,
  "second_choice_rate": 0.21621621621621623,
  "opening_breadth": 8,
  "tb_match_rate": NaN,
  "dtz_deviation": NaN,
  "conversion_efficiency": null,
  "suspicious_quality": "False",
  "suspicious_timing": "False",
  "suspicious_opening": true,
  "overall_suspicion_score": 37.859169650394186,
  "analyzed_at": "2025-06-24 12:21:23.856330+00:00",
  "game": null
}