{
  "game_id": 304,
  "acpl": 70.41025641025641,
  "match_rate": 0.4358974358974359,
  "weighted_match_rate": 0.45009263152226264,
  "ipr": 2313.5128205128203,
  "ipr_z_score": 0.0,
  "precision_burst_count": 0,
  "mean_move_time": 0.4358974358974359,
  "time_variance": 313.2360972360972,
  "time_complexity_corr": 0.1652796179321492,
  "lag_spike_count": 0,
  "uniformity_score": 0.343157143506986,
  "clutch_accuracy_diff": NaN,
  "opening_entropy": 4.544507255789622,
  "novelty_depth": 5,
  "second_choice_rate": 0.15384615384615385,
  "opening_breadth": 8,
  "tb_match_rate": NaN,
  "dtz_deviation": NaN,
  "conversion_efficiency": 58,
  "suspicious_quality": "False",
  "suspicious_timing": "False",
  "suspicious_opening": true,
  "overall_suspicion_score": 39.72169930138455,
  "analyzed_at": "2025-06-24 12:09:24.584577+00:00",
  "game": null
}