{
  "game_id": 1324,
  "acpl": 2630.3076923076924,
  "match_rate": 0.358974358974359,
  "weighted_match_rate": 0.38023696636865834,
  "ipr": 972.0256410256411,
  "ipr_z_score": 0.0,
  "precision_burst_count": 0,
  "mean_move_time": 0.28205128205128205,
  "time_variance": 73.28767576509512,
  "time_complexity_corr": 0.3674178476418781,
  "lag_spike_count": 4,
  "uniformity_score": 0.30610481897737785,
  "clutch_accuracy_diff": NaN,
  "opening_entropy": 4.544507255789622,
  "novelty_depth": 5,
  "second_choice_rate": 0.20512820512820512,
  "opening_breadth": 8,
  "tb_match_rate": NaN,
  "dtz_deviation": NaN,
  "conversion_efficiency": 145,
  "suspicious_quality": "False",
  "suspicious_timing": "False",
  "suspicious_opening": true,
  "overall_suspicion_score": -369.5596615323739,
  "analyzed_at": "2025-06-24 12:21:11.782265+00:00",
  "game": null
}