{
  "game_id": 882,
  "acpl": 3359.2,
  "match_rate": 0.3333333333333333,
  "weighted_match_rate": 0.32626172525589464,
  "ipr": 587.0666666666666,
  "ipr_z_score": 0.0,
  "precision_burst_count": 0,
  "mean_move_time": 3.7333333333333334,
  "time_variance": 64.80224089635853,
  "time_complexity_corr": 0.08887546887488229,
  "lag_spike_count": 8,
  "uniformity_score": 0.31510100690409665,
  "clutch_accuracy_diff": NaN,
  "opening_entropy": 4.544507255789622,
  "novelty_depth": 6,
  "second_choice_rate": 0.13333333333333333,
  "opening_breadth": 8,
  "tb_match_rate": NaN,
  "dtz_deviation": NaN,
  "conversion_efficiency": null,
  "suspicious_quality": "False",
  "suspicious_timing": "False",
  "suspicious_opening": true,
  "overall_suspicion_score": -490.907153349692,
  "analyzed_at": "2025-06-24 12:16:00.920449+00:00",
  "game": null
}