{
  "game_id": 1564,
  "acpl": 48.142857142857146,
  "match_rate": 0.3333333333333333,
  "weighted_match_rate": 0.3462679804075713,
  "ipr": 2242.595238095238,
  "ipr_z_score": 0.0,
  "precision_burst_count": 0,
  "mean_move_time": 0.2857142857142857,
  "time_variance": 35.038327526132406,
  "time_complexity_corr": -0.4604859721641117,
  "lag_spike_count": 0,
  "uniformity_score": 0.3750328442088506,
  "clutch_accuracy_diff": NaN,
  "opening_entropy": 4.544507255789622,
  "novelty_depth": 5,
  "second_choice_rate": 0.23809523809523808,
  "opening_breadth": 8,
  "tb_match_rate": NaN,
  "dtz_deviation": NaN,
  "conversion_efficiency": null,
  "suspicious_quality": "False",
  "suspicious_timing": "False",
  "suspicious_opening": true,
  "overall_suspicion_score": 39.140269174644345,
  "analyzed_at": "2025-06-24 12:23:51.488227+00:00",
  "game": null
}