{
  "game_id": 1149,
  "acpl": 29.59090909090909,
  "match_rate": 0.5,
  "weighted_match_rate": 0.5949296250343424,
  "ipr": 2385.2045454545455,
  "ipr_z_score": 0.0,
  "precision_burst_count": 0,
  "mean_move_time": 4.2727272727272725,
  "time_variance": 13.442006269592477,
  "time_complexity_corr": 0.17016152506137028,
  "lag_spike_count": 0,
  "uniformity_score": 0.41753085857036343,
  "clutch_accuracy_diff": NaN,
  "opening_entropy": 4.544507255789622,
  "novelty_depth": 5,
  "second_choice_rate": 0.09090909090909091,
  "opening_breadth": 8,
  "tb_match_rate": NaN,
  "dtz_deviation": NaN,
  "conversion_efficiency": null,
  "suspicious_quality": "True",
  "suspicious_timing": "False",
  "suspicious_opening": true,
  "overall_suspicion_score": 49.75076484126333,
  "analyzed_at": "2025-06-24 12:19:07.184927+00:00",
  "game": null
}