{
  "game_id": 1062,
  "acpl": 1292.6746987951808,
  "match_rate": 0.26506024096385544,
  "weighted_match_rate": 0.282304738205512,
  "ipr": 1565.7108433734938,
  "ipr_z_score": 0.0,
  "precision_burst_count": 0,
  "mean_move_time": 1.216867469879518,
  "time_variance": 40.461774370208104,
  "time_complexity_corr": 0.46245635869417034,
  "lag_spike_count": 2,
  "uniformity_score": 0.31702118835202914,
  "clutch_accuracy_diff": NaN,
  "opening_entropy": 4.544507255789622,
  "novelty_depth": 5,
  "second_choice_rate": 0.26506024096385544,
  "opening_breadth": 8,
  "tb_match_rate": NaN,
  "dtz_deviation": NaN,
  "conversion_efficiency": 129,
  "suspicious_quality": "False",
  "suspicious_timing": "False",
  "suspicious_opening": true,
  "overall_suspicion_score": -156.51610271911906,
  "analyzed_at": "2025-06-24 12:18:10.607501+00:00",
  "game": null
}