{
  "game_id": 693,
  "acpl": 41.673469387755105,
  "match_rate": 0.3877551020408163,
  "weighted_match_rate": 0.39215541384059427,
  "ipr": 2289.3673469387754,
  "ipr_z_score": 0.0,
  "precision_burst_count": 0,
  "mean_move_time": -13.510204081632653,
  "time_variance": 111.9229722658294,
  "time_complexity_corr": 0.6545417597258685,
  "lag_spike_count": 4,
  "uniformity_score": 0.5224746906900309,
  "clutch_accuracy_diff": NaN,
  "opening_entropy": 4.544507255789622,
  "novelty_depth": 5,
  "second_choice_rate": 0.30612244897959184,
  "opening_breadth": 8,
  "tb_match_rate": NaN,
  "dtz_deviation": NaN,
  "conversion_efficiency": null,
  "suspicious_quality": "False",
  "suspicious_timing": "True",
  "suspicious_opening": true,
  "overall_suspicion_score": 51.40387671873485,
  "analyzed_at": "2025-06-24 12:13:54.368765+00:00",
  "game": null
}