{
  "game_id": 467,
  "acpl": 62.421052631578945,
  "match_rate": 0.24561403508771928,
  "weighted_match_rate": 0.24800381389405088,
  "ipr": 2165.280701754386,
  "ipr_z_score": 0.0,
  "precision_burst_count": 0,
  "mean_move_time": 1.2456140350877194,
  "time_variance": 265.42586554882786,
  "time_complexity_corr": -0.283659372638108,
  "lag_spike_count": 0,
  "uniformity_score": 0.34554503940007375,
  "clutch_accuracy_diff": NaN,
  "opening_entropy": 4.544507255789622,
  "novelty_depth": 5,
  "second_choice_rate": 0.10526315789473684,
  "opening_breadth": 8,
  "tb_match_rate": NaN,
  "dtz_deviation": NaN,
  "conversion_efficiency": 87,
  "suspicious_quality": "False",
  "suspicious_timing": "False",
  "suspicious_opening": true,
  "overall_suspicion_score": 34.25535875922954,
  "analyzed_at": "2025-06-24 12:11:17.396885+00:00",
  "game": null
}