{
  "game_id": 989,
  "acpl": 2341.4545454545455,
  "match_rate": 0.36363636363636365,
  "weighted_match_rate": 0.374940858817512,
  "ipr": 1120.1818181818182,
  "ipr_z_score": 0.0,
  "precision_burst_count": 0,
  "mean_move_time": 31.636363636363637,
  "time_variance": 217.64987012987012,
  "time_complexity_corr": 0.6403549118690238,
  "lag_spike_count": 0,
  "uniformity_score": 0.3417451485418801,
  "clutch_accuracy_diff": NaN,
  "opening_entropy": 4.544507255789622,
  "novelty_depth": 5,
  "second_choice_rate": 0.3181818181818182,
  "opening_breadth": 8,
  "tb_match_rate": NaN,
  "dtz_deviation": NaN,
  "conversion_efficiency": 137,
  "suspicious_quality": "False",
  "suspicious_timing": "False",
  "suspicious_opening": true,
  "overall_suspicion_score": -319.4935498481445,
  "analyzed_at": "2025-06-24 12:17:15.779319+00:00",
  "game": null
}