{
  "game_id": 1142,
  "acpl": 70.0,
  "match_rate": 0.3076923076923077,
  "weighted_match_rate": 0.318105408542984,
  "ipr": 2211.153846153846,
  "ipr_z_score": 0.0,
  "precision_burst_count": 0,
  "mean_move_time": -5.615384615384615,
  "time_variance": 15.457013574660632,
  "time_complexity_corr": -0.2923217018990036,
  "lag_spike_count": 0,
  "uniformity_score": 0.8697054828631914,
  "clutch_accuracy_diff": NaN,
  "opening_entropy": 4.544507255789622,
  "novelty_depth": 5,
  "second_choice_rate": 0.3076923076923077,
  "opening_breadth": 8,
  "tb_match_rate": NaN,
  "dtz_deviation": NaN,
  "conversion_efficiency": null,
  "suspicious_quality": "False",
  "suspicious_timing": "False",
  "suspicious_opening": true,
  "overall_suspicion_score": 41.1808911306134,
  "analyzed_at": "2025-06-24 12:19:02.440217+00:00",
  "game": null
}