{
  "game_id": 138,
  "acpl": 67.57377049180327,
  "match_rate": 0.36065573770491804,
  "weighted_match_rate": 0.3481550153810758,
  "ipr": 2254.7377049180327,
  "ipr_z_score": 0.0,
  "precision_burst_count": 0,
  "mean_move_time": 1.1475409836065573,
  "time_variance": 319.6309443164883,
  "time_complexity_corr": -0.2508545790960212,
  "lag_spike_count": 0,
  "uniformity_score": 0.3421611500165736,
  "clutch_accuracy_diff": NaN,
  "opening_entropy": 4.544507255789622,
  "novelty_depth": 5,
  "second_choice_rate": 0.22950819672131148,
  "opening_breadth": 8,
  "tb_match_rate": NaN,
  "dtz_deviation": NaN,
  "conversion_efficiency": null,
  "suspicious_quality": "False",
  "suspicious_timing": "False",
  "suspicious_opening": true,
  "overall_suspicion_score": 35.97094013355057,
  "analyzed_at": "2025-06-24 12:07:31.701912+00:00",
  "game": null
}