{
  "game_id": 1451,
  "acpl": 26.512820512820515,
  "match_rate": 0.48717948717948717,
  "weighted_match_rate": 0.5385648575875642,
  "ipr": 2376.4871794871797,
  "ipr_z_score": 0.0,
  "precision_burst_count": 0,
  "mean_move_time": 0.5384615384615384,
  "time_variance": 96.14785214785215,
  "time_complexity_corr": 0.1686757850589619,
  "lag_spike_count": 0,
  "uniformity_score": 0.36999803603422593,
  "clutch_accuracy_diff": NaN,
  "opening_entropy": 4.544507255789622,
  "novelty_depth": 5,
  "second_choice_rate": 0.1282051282051282,
  "opening_breadth": 8,
  "tb_match_rate": NaN,
  "dtz_deviation": NaN,
  "conversion_efficiency": null,
  "suspicious_quality": "True",
  "suspicious_timing": "False",
  "suspicious_opening": true,
  "overall_suspicion_score": 48.800303618818184,
  "analyzed_at": "2025-06-24 12:22:35.035212+00:00",
  "game": null
}