{
  "game_id": 1114,
  "acpl": 1770.2758620689656,
  "match_rate": 0.3275862068965517,
  "weighted_match_rate": 0.3236799771713795,
  "ipr": 1376.9310344827586,
  "ipr_z_score": 0.0,
  "precision_burst_count": 0,
  "mean_move_time": -4.017241379310345,
  "time_variance": 19.688013136289,
  "time_complexity_corr": 0.044248616472104284,
  "lag_spike_count": 0,
  "uniformity_score": 0.5034516571644679,
  "clutch_accuracy_diff": NaN,
  "opening_entropy": 4.544507255789622,
  "novelty_depth": 5,
  "second_choice_rate": 0.1724137931034483,
  "opening_breadth": 8,
  "tb_match_rate": NaN,
  "dtz_deviation": NaN,
  "conversion_efficiency": null,
  "suspicious_quality": "False",
  "suspicious_timing": "False",
  "suspicious_opening": true,
  "overall_suspicion_score": -234.5826903017622,
  "analyzed_at": "2025-06-24 12:18:48.728662+00:00",
  "game": null
}