{
  "game_id": 1601,
  "acpl": 80.34782608695652,
  "match_rate": 0.34782608695652173,
  "weighted_match_rate": 0.3650970166171625,
  "ipr": 2238.086956521739,
  "ipr_z_score": 0.0,
  "precision_burst_count": 0,
  "mean_move_time": 10.652173913043478,
  "time_variance": 71.61395126612517,
  "time_complexity_corr": 0.8930255921629985,
  "lag_spike_count": 0,
  "uniformity_score": 0.2736440013127662,
  "clutch_accuracy_diff": NaN,
  "opening_entropy": 4.544507255789622,
  "novelty_depth": 5,
  "second_choice_rate": 0.21739130434782608,
  "opening_breadth": 8,
  "tb_match_rate": NaN,
  "dtz_deviation": NaN,
  "conversion_efficiency": null,
  "suspicious_quality": "False",
  "suspicious_timing": "True",
  "suspicious_opening": true,
  "overall_suspicion_score": 44.28279498741823,
  "analyzed_at": "2025-06-24 12:24:25.913732+00:00",
  "game": null
}