{
  "game_id": 1203,
  "acpl": 42.611111111111114,
  "match_rate": 0.3333333333333333,
  "weighted_match_rate": 0.34471708202246787,
  "ipr": 2245.3611111111113,
  "ipr_z_score": 0.0,
  "precision_burst_count": 0,
  "mean_move_time": 9.833333333333334,
  "time_variance": 76.7605633802817,
  "time_complexity_corr": 0.5044161969638764,
  "lag_spike_count": 0,
  "uniformity_score": 0.338566849739937,
  "clutch_accuracy_diff": NaN,
  "opening_entropy": 4.544507255789622,
  "novelty_depth": 5,
  "second_choice_rate": 0.16666666666666666,
  "opening_breadth": 8,
  "tb_match_rate": NaN,
  "dtz_deviation": NaN,
  "conversion_efficiency": null,
  "suspicious_quality": "False",
  "suspicious_timing": "False",
  "suspicious_opening": true,
  "overall_suspicion_score": 45.8561152902895,
  "analyzed_at": "2025-06-24 12:19:41.824178+00:00",
  "game": null
}