{
  "game_id": 1356,
  "acpl": 67.30252100840336,
  "match_rate": 0.37815126050420167,
  "weighted_match_rate": 0.3798208334004741,
  "ipr": 2268.86974789916,
  "ipr_z_score": 0.0,
  "precision_burst_count": 0,
  "mean_move_time": 0.9243697478991597,
  "time_variance": 649.0153529766337,
  "time_complexity_corr": 0.22050150967130017,
  "lag_spike_count": 0,
  "uniformity_score": 0.3365911095852826,
  "clutch_accuracy_diff": NaN,
  "opening_entropy": 4.544507255789622,
  "novelty_depth": 5,
  "second_choice_rate": 0.14285714285714285,
  "opening_breadth": 8,
  "tb_match_rate": NaN,
  "dtz_deviation": NaN,
  "conversion_efficiency": null,
  "suspicious_quality": "False",
  "suspicious_timing": "False",
  "suspicious_opening": true,
  "overall_suspicion_score": 39.290919506218856,
  "analyzed_at": "2025-06-24 12:21:38.958146+00:00",
  "game": null
}