{
  "game_id": 1806,
  "acpl": 50.0,
  "match_rate": 0.3157894736842105,
  "weighted_match_rate": 0.3094695719559214,
  "ipr": 2227.6315789473683,
  "ipr_z_score": 0.0,
  "precision_burst_count": 0,
  "mean_move_time": 0.7543859649122807,
  "time_variance": 2982.0630336904205,
  "time_complexity_corr": -0.43899186532416457,
  "lag_spike_count": 0,
  "uniformity_score": 0.3424079125839988,
  "clutch_accuracy_diff": NaN,
  "opening_entropy": 4.544507255789622,
  "novelty_depth": 5,
  "second_choice_rate": 0.24561403508771928,
  "opening_breadth": 8,
  "tb_match_rate": NaN,
  "dtz_deviation": NaN,
  "conversion_efficiency": null,
  "suspicious_quality": "False",
  "suspicious_timing": "False",
  "suspicious_opening": true,
  "overall_suspicion_score": 37.78320745498157,
  "analyzed_at": "2025-06-24 12:26:37.981309+00:00",
  "game": null
}