{
  "game_id": 503,
  "acpl": 3834.772151898734,
  "match_rate": 0.22784810126582278,
  "weighted_match_rate": 0.22914452572245425,
  "ipr": 264.8924050632911,
  "ipr_z_score": 0.0,
  "precision_burst_count": 0,
  "mean_move_time": 1.1772151898734178,
  "time_variance": 402.2613883737806,
  "time_complexity_corr": 0.6309043533854688,
  "lag_spike_count": 0,
  "uniformity_score": 0.3483829132904305,
  "clutch_accuracy_diff": NaN,
  "opening_entropy": 4.544507255789622,
  "novelty_depth": 5,
  "second_choice_rate": 0.10126582278481013,
  "opening_breadth": 8,
  "tb_match_rate": NaN,
  "dtz_deviation": NaN,
  "conversion_efficiency": 142,
  "suspicious_quality": "False",
  "suspicious_timing": "False",
  "suspicious_opening": true,
  "overall_suspicion_score": -561.8385419464893,
  "analyzed_at": "2025-06-24 12:11:43.967612+00:00",
  "game": null
}