{
  "game_id": 1232,
  "acpl": 48.34615384615385,
  "match_rate": 0.38461538461538464,
  "weighted_match_rate": 0.41950853180142506,
  "ipr": 2283.519230769231,
  "ipr_z_score": 0.0,
  "precision_burst_count": 0,
  "mean_move_time": 24.73076923076923,
  "time_variance": 331.173541434411,
  "time_complexity_corr": -0.8463728735951135,
  "lag_spike_count": 0,
  "uniformity_score": 0.34562599321916715,
  "clutch_accuracy_diff": NaN,
  "opening_entropy": 4.544507255789622,
  "novelty_depth": 5,
  "second_choice_rate": 0.057692307692307696,
  "opening_breadth": 7,
  "tb_match_rate": NaN,
  "dtz_deviation": NaN,
  "conversion_efficiency": null,
  "suspicious_quality": "False",
  "suspicious_timing": "False",
  "suspicious_opening": true,
  "overall_suspicion_score": 40.234427296856694,
  "analyzed_at": "2025-06-24 12:20:10.917063+00:00",
  "game": null
}