{
  "game_id": 1718,
  "acpl": 104.8780487804878,
  "match_rate": 0.36585365853658536,
  "weighted_match_rate": 0.381104436302706,
  "ipr": 2240.243902439024,
  "ipr_z_score": 0.0,
  "precision_burst_count": 0,
  "mean_move_time": -10.463414634146341,
  "time_variance": 123.44037109082747,
  "time_complexity_corr": 0.5963095427626756,
  "lag_spike_count": 4,
  "uniformity_score": 0.49336131735304023,
  "clutch_accuracy_diff": NaN,
  "opening_entropy": 4.544507255789622,
  "novelty_depth": 5,
  "second_choice_rate": 0.0975609756097561,
  "opening_breadth": 8,
  "tb_match_rate": NaN,
  "dtz_deviation": NaN,
  "conversion_efficiency": null,
  "suspicious_quality": "False",
  "suspicious_timing": "True",
  "suspicious_opening": true,
  "overall_suspicion_score": 39.8038950846399,
  "analyzed_at": "2025-06-24 12:25:48.759645+00:00",
  "game": null
}