{
  "game_id": 545,
  "acpl": 93.0327868852459,
  "match_rate": 0.36065573770491804,
  "weighted_match_rate": 0.38421043633990626,
  "ipr": 2242.0081967213114,
  "ipr_z_score": 0.0,
  "precision_burst_count": 0,
  "mean_move_time": 1.1639344262295082,
  "time_variance": 102.02249017748271,
  "time_complexity_corr": -0.43904221738798876,
  "lag_spike_count": 2,
  "uniformity_score": 0.31641343292343205,
  "clutch_accuracy_diff": NaN,
  "opening_entropy": 4.544507255789622,
  "novelty_depth": 5,
  "second_choice_rate": 0.19672131147540983,
  "opening_breadth": 8,
  "tb_match_rate": NaN,
  "dtz_deviation": NaN,
  "conversion_efficiency": 96,
  "suspicious_quality": "False",
  "suspicious_timing": "False",
  "suspicious_opening": true,
  "overall_suspicion_score": 32.00831609844145,
  "analyzed_at": "2025-06-24 12:12:09.761831+00:00",
  "game": null
}