{
  "game_id": 818,
  "acpl": 33.017857142857146,
  "match_rate": 0.26785714285714285,
  "weighted_match_rate": 0.2683280905269685,
  "ipr": 2197.776785714286,
  "ipr_z_score": 0.0,
  "precision_burst_count": 0,
  "mean_move_time": 1.375,
  "time_variance": 177.84977578475338,
  "time_complexity_corr": -0.45608322396569134,
  "lag_spike_count": 4,
  "uniformity_score": 0.33960376940748177,
  "clutch_accuracy_diff": NaN,
  "opening_entropy": 4.544507255789622,
  "novelty_depth": 5,
  "second_choice_rate": 0.125,
  "opening_breadth": 8,
  "tb_match_rate": NaN,
  "dtz_deviation": NaN,
  "conversion_efficiency": null,
  "suspicious_quality": "False",
  "suspicious_timing": "False",
  "suspicious_opening": true,
  "overall_suspicion_score": 39.396412775345716,
  "analyzed_at": "2025-06-24 12:15:19.855698+00:00",
  "game": null
}