{
  "game_id": 1557,
  "acpl": 63.592592592592595,
  "match_rate": 0.43209876543209874,
  "weighted_match_rate": 0.45766867010567375,
  "ipr": 2313.882716049383,
  "ipr_z_score": 0.0,
  "precision_burst_count": 0,
  "mean_move_time": 0.8148148148148148,
  "time_variance": 326.04002760524503,
  "time_complexity_corr": 0.3990786318606639,
  "lag_spike_count": 2,
  "uniformity_score": 0.355401532460911,
  "clutch_accuracy_diff": NaN,
  "opening_entropy": 4.544507255789622,
  "novelty_depth": 5,
  "second_choice_rate": 0.20987654320987653,
  "opening_breadth": 8,
  "tb_match_rate": NaN,
  "dtz_deviation": NaN,
  "conversion_efficiency": 139,
  "suspicious_quality": "False",
  "suspicious_timing": "False",
  "suspicious_opening": true,
  "overall_suspicion_score": 43.93339646565814,
  "analyzed_at": "2025-06-24 12:23:49.389841+00:00",
  "game": null
}