{
  "game_id": 1260,
  "acpl": 47.6551724137931,
  "match_rate": 0.3793103448275862,
  "weighted_match_rate": 0.43564817947721524,
  "ipr": 2279.6206896551726,
  "ipr_z_score": 0.0,
  "precision_burst_count": 0,
  "mean_move_time": -2.0344827586206895,
  "time_variance": 82.32923538230884,
  "time_complexity_corr": 0.6206403817018972,
  "lag_spike_count": 4,
  "uniformity_score": 0.41939822057461146,
  "clutch_accuracy_diff": NaN,
  "opening_entropy": 4.544507255789622,
  "novelty_depth": 5,
  "second_choice_rate": 0.034482758620689655,
  "opening_breadth": 8,
  "tb_match_rate": NaN,
  "dtz_deviation": NaN,
  "conversion_efficiency": null,
  "suspicious_quality": "False",
  "suspicious_timing": "True",
  "suspicious_opening": true,
  "overall_suspicion_score": 49.15515723390708,
  "analyzed_at": "2025-06-24 12:20:22.812707+00:00",
  "game": null
}