{
  "game_id": 615,
  "acpl": 43.093023255813954,
  "match_rate": 0.2558139534883721,
  "weighted_match_rate": 0.27116798390696417,
  "ipr": 2183.1046511627906,
  "ipr_z_score": 0.0,
  "precision_burst_count": 0,
  "mean_move_time": 24.162790697674417,
  "time_variance": 166.59322725418198,
  "time_complexity_corr": 0.5235318226927265,
  "lag_spike_count": 0,
  "uniformity_score": 0.3156937584625268,
  "clutch_accuracy_diff": NaN,
  "opening_entropy": 4.544507255789622,
  "novelty_depth": 5,
  "second_choice_rate": 0.23255813953488372,
  "opening_breadth": 8,
  "tb_match_rate": NaN,
  "dtz_deviation": NaN,
  "conversion_efficiency": null,
  "suspicious_quality": "False",
  "suspicious_timing": "False",
  "suspicious_opening": true,
  "overall_suspicion_score": 43.91921929225447,
  "analyzed_at": "2025-06-24 12:13:01.464653+00:00",
  "game": null
}