{
  "game_id": 1643,
  "acpl": 43.888888888888886,
  "match_rate": 0.48148148148148145,
  "weighted_match_rate": 0.43883871471324626,
  "ipr": 2363.240740740741,
  "ipr_z_score": 0.0,
  "precision_burst_count": 0,
  "mean_move_time": 0.4444444444444444,
  "time_variance": 5.308176100628931,
  "time_complexity_corr": 0.03809924904494567,
  "lag_spike_count": 0,
  "uniformity_score": 0.4259352729876069,
  "clutch_accuracy_diff": NaN,
  "opening_entropy": 4.544507255789622,
  "novelty_depth": 5,
  "second_choice_rate": 0.18518518518518517,
  "opening_breadth": 8,
  "tb_match_rate": NaN,
  "dtz_deviation": NaN,
  "conversion_efficiency": 40,
  "suspicious_quality": "True",
  "suspicious_timing": "False",
  "suspicious_opening": true,
  "overall_suspicion_score": 43.82205165752141,
  "analyzed_at": "2025-06-24 12:24:49.454114+00:00",
  "game": null
}