{
  "game_id": 1288,
  "acpl": 95.37037037037037,
  "match_rate": 0.37037037037037035,
  "weighted_match_rate": 0.3738934867932153,
  "ipr": 2248.6111111111113,
  "ipr_z_score": 0.0,
  "precision_burst_count": 0,
  "mean_move_time": 37.074074074074076,
  "time_variance": 673.0411907234338,
  "time_complexity_corr": -0.047860227939395344,
  "lag_spike_count": 0,
  "uniformity_score": 0.3156727895119941,
  "clutch_accuracy_diff": NaN,
  "opening_entropy": 4.544507255789622,
  "novelty_depth": 5,
  "second_choice_rate": 0.14814814814814814,
  "opening_breadth": 8,
  "tb_match_rate": NaN,
  "dtz_deviation": NaN,
  "conversion_efficiency": null,
  "suspicious_quality": "False",
  "suspicious_timing": "False",
  "suspicious_opening": true,
  "overall_suspicion_score": 31.617816895603696,
  "analyzed_at": "2025-06-24 12:20:40.889570+00:00",
  "game": null
}