{
  "game_id": 111,
  "acpl": 7582.959183673469,
  "match_rate": 0.3306122448979592,
  "weighted_match_rate": 0.33388489825689394,
  "ipr": -1526.9897959183672,
  "ipr_z_score": 0.0,
  "precision_burst_count": 0,
  "mean_move_time": 0.46530612244897956,
  "time_variance": 493.77895747255957,
  "time_complexity_corr": -0.20937035677935914,
  "lag_spike_count": 2,
  "uniformity_score": 0.35698862316974234,
  "clutch_accuracy_diff": NaN,
  "opening_entropy": 4.544507255789622,
  "novelty_depth": 5,
  "second_choice_rate": 0.17551020408163265,
  "opening_breadth": 8,
  "tb_match_rate": NaN,
  "dtz_deviation": NaN,
  "conversion_efficiency": 455,
  "suspicious_quality": "False",
  "suspicious_timing": "False",
  "suspicious_opening": true,
  "overall_suspicion_score": -1166.837145880275,
  "analyzed_at": "2025-06-24 12:07:22.297222+00:00",
  "game": null
}