{
  "game_id": 721,
  "acpl": 66.1219512195122,
  "match_rate": 0.2926829268292683,
  "weighted_match_rate": 0.2881833446175232,
  "ipr": 2201.0853658536585,
  "ipr_z_score": 0.0,
  "precision_burst_count": 0,
  "mean_move_time": 11.390243902439025,
  "time_variance": 89.12284901990122,
  "time_complexity_corr": 0.002317243791535502,
  "lag_spike_count": 3,
  "uniformity_score": 0.2973971993429886,
  "clutch_accuracy_diff": NaN,
  "opening_entropy": 4.544507255789622,
  "novelty_depth": 5,
  "second_choice_rate": 0.12195121951219512,
  "opening_breadth": 8,
  "tb_match_rate": NaN,
  "dtz_deviation": NaN,
  "conversion_efficiency": null,
  "suspicious_quality": "False",
  "suspicious_timing": "False",
  "suspicious_opening": true,
  "overall_suspicion_score": 34.1373136014211,
  "analyzed_at": "2025-06-24 12:14:08.459525+00:00",
  "game": null
}