{
  "game_id": 1032,
  "acpl": 48.459016393442624,
  "match_rate": 0.32786885245901637,
  "weighted_match_rate": 0.33279272115598474,
  "ipr": 2238.065573770492,
  "ipr_z_score": 0.0,
  "precision_burst_count": 0,
  "mean_move_time": 1.2131147540983607,
  "time_variance": 907.7393307139954,
  "time_complexity_corr": 0.4815776729402086,
  "lag_spike_count": 0,
  "uniformity_score": 0.35799172165213555,
  "clutch_accuracy_diff": NaN,
  "opening_entropy": 4.544507255789622,
  "novelty_depth": 5,
  "second_choice_rate": 0.21311475409836064,
  "opening_breadth": 8,
  "tb_match_rate": NaN,
  "dtz_deviation": NaN,
  "conversion_efficiency": 103,
  "suspicious_quality": "False",
  "suspicious_timing": "False",
  "suspicious_opening": true,
  "overall_suspicion_score": 44.66911369283349,
  "analyzed_at": "2025-06-24 12:17:45.733904+00:00",
  "game": null
}