{
  "game_id": 897,
  "acpl": 54.41379310344828,
  "match_rate": 0.20689655172413793,
  "weighted_match_rate": 0.22486804482229905,
  "ipr": 2138.310344827586,
  "ipr_z_score": 0.0,
  "precision_burst_count": 0,
  "mean_move_time": 0.10344827586206896,
  "time_variance": 112.02419842710223,
  "time_complexity_corr": 0.490612782953241,
  "lag_spike_count": 0,
  "uniformity_score": 0.34829918551273165,
  "clutch_accuracy_diff": NaN,
  "opening_entropy": 4.544507255789622,
  "novelty_depth": 5,
  "second_choice_rate": 0.20689655172413793,
  "opening_breadth": 8,
  "tb_match_rate": NaN,
  "dtz_deviation": NaN,
  "conversion_efficiency": 44,
  "suspicious_quality": "False",
  "suspicious_timing": "False",
  "suspicious_opening": true,
  "overall_suspicion_score": 40.96136786783018,
  "analyzed_at": "2025-06-24 12:16:08.197856+00:00",
  "game": null
}