{
  "game_id": 716,
  "acpl": 1798.1754385964912,
  "match_rate": 0.3157894736842105,
  "weighted_match_rate": 0.3331121398767666,
  "ipr": 1353.5438596491229,
  "ipr_z_score": 0.0,
  "precision_burst_count": 0,
  "mean_move_time": 1.631578947368421,
  "time_variance": 934.8896134140662,
  "time_complexity_corr": -0.5487923597302925,
  "lag_spike_count": 0,
  "uniformity_score": 0.35299894250306774,
  "clutch_accuracy_diff": NaN,
  "opening_entropy": 4.544507255789622,
  "novelty_depth": 5,
  "second_choice_rate": 0.12280701754385964,
  "opening_breadth": 8,
  "tb_match_rate": NaN,
  "dtz_deviation": NaN,
  "conversion_efficiency": 97,
  "suspicious_quality": "False",
  "suspicious_timing": "False",
  "suspicious_opening": true,
  "overall_suspicion_score": -241.50876403141848,
  "analyzed_at": "2025-06-24 12:14:06.927500+00:00",
  "game": null
}