{
  "game_id": 1113,
  "acpl": 970.7281553398059,
  "match_rate": 0.3786407766990291,
  "weighted_match_rate": 0.3821423841909639,
  "ipr": 1817.5485436893205,
  "ipr_z_score": 0.0,
  "precision_burst_count": 0,
  "mean_move_time": 0.6893203883495146,
  "time_variance": 299.6103244139237,
  "time_complexity_corr": 0.4762730900477529,
  "lag_spike_count": 3,
  "uniformity_score": 0.35224058531004915,
  "clutch_accuracy_diff": NaN,
  "opening_entropy": 4.544507255789622,
  "novelty_depth": 5,
  "second_choice_rate": 0.22330097087378642,
  "opening_breadth": 8,
  "tb_match_rate": NaN,
  "dtz_deviation": NaN,
  "conversion_efficiency": 185,
  "suspicious_quality": "False",
  "suspicious_timing": "False",
  "suspicious_opening": true,
  "overall_suspicion_score": -101.83068598171648,
  "analyzed_at": "2025-06-24 12:18:42.812898+00:00",
  "game": null
}