{
  "game_id": 710,
  "acpl": 5905.6274509803925,
  "match_rate": 0.35294117647058826,
  "weighted_match_rate": 0.3570761737116565,
  "ipr": -670.4607843137255,
  "ipr_z_score": 0.0,
  "precision_burst_count": 0,
  "mean_move_time": 1.0196078431372548,
  "time_variance": 220.65307707241308,
  "time_complexity_corr": 0.14675151537660994,
  "lag_spike_count": 0,
  "uniformity_score": 0.3215638506032623,
  "clutch_accuracy_diff": NaN,
  "opening_entropy": 4.544507255789622,
  "novelty_depth": 5,
  "second_choice_rate": 0.21568627450980393,
  "opening_breadth": 8,
  "tb_match_rate": NaN,
  "dtz_deviation": NaN,
  "conversion_efficiency": 78,
  "suspicious_quality": "False",
  "suspicious_timing": "False",
  "suspicious_opening": true,
  "overall_suspicion_score": -896.5262418799275,
  "analyzed_at": "2025-06-24 12:13:59.150462+00:00",
  "game": null
}