{
  "game_id": 1515,
  "acpl": 57.282442748091604,
  "match_rate": 0.35877862595419846,
  "weighted_match_rate": 0.37254407914779447,
  "ipr": 2258.381679389313,
  "ipr_z_score": 0.0,
  "precision_burst_count": 0,
  "mean_move_time": 0.732824427480916,
  "time_variance": 629.8057383521979,
  "time_complexity_corr": 0.13109734545015087,
  "lag_spike_count": 0,
  "uniformity_score": 0.34514840075617864,
  "clutch_accuracy_diff": NaN,
  "opening_entropy": 4.544507255789622,
  "novelty_depth": 5,
  "second_choice_rate": 0.12213740458015267,
  "opening_breadth": 8,
  "tb_match_rate": NaN,
  "dtz_deviation": NaN,
  "conversion_efficiency": 174,
  "suspicious_quality": "False",
  "suspicious_timing": "False",
  "suspicious_opening": true,
  "overall_suspicion_score": 39.563753449108376,
  "analyzed_at": "2025-06-24 12:23:32.162554+00:00",
  "game": null
}