{
  "game_id": 540,
  "acpl": 4934.4098360655735,
  "match_rate": 0.36065573770491804,
  "weighted_match_rate": 0.3711696157867974,
  "ipr": -178.68032786885215,
  "ipr_z_score": 0.0,
  "precision_burst_count": 0,
  "mean_move_time": 0.8524590163934426,
  "time_variance": 395.69706001896765,
  "time_complexity_corr": 0.5016053036033187,
  "lag_spike_count": 0,
  "uniformity_score": 0.3516712534647452,
  "clutch_accuracy_diff": NaN,
  "opening_entropy": 4.544507255789622,
  "novelty_depth": 5,
  "second_choice_rate": 0.13114754098360656,
  "opening_breadth": 8,
  "tb_match_rate": NaN,
  "dtz_deviation": NaN,
  "conversion_efficiency": 99,
  "suspicious_quality": "False",
  "suspicious_timing": "False",
  "suspicious_opening": true,
  "overall_suspicion_score": -736.0577125652403,
  "analyzed_at": "2025-06-24 12:12:06.559476+00:00",
  "game": null
}