{
  "game_id": 862,
  "acpl": 4518.311111111111,
  "match_rate": 0.3333333333333333,
  "weighted_match_rate": 0.3337399475653064,
  "ipr": 7.511111111110949,
  "ipr_z_score": 0.0,
  "precision_burst_count": 0,
  "mean_move_time": 0.6666666666666666,
  "time_variance": 782.2471910112359,
  "time_complexity_corr": -0.5484698532599324,
  "lag_spike_count": 0,
  "uniformity_score": 0.35607863355079006,
  "clutch_accuracy_diff": NaN,
  "opening_entropy": 4.544507255789622,
  "novelty_depth": 5,
  "second_choice_rate": 0.24444444444444444,
  "opening_breadth": 8,
  "tb_match_rate": NaN,
  "dtz_deviation": NaN,
  "conversion_efficiency": 53,
  "suspicious_quality": "False",
  "suspicious_timing": "False",
  "suspicious_opening": true,
  "overall_suspicion_score": -676.4739154876092,
  "analyzed_at": "2025-06-24 12:15:40.541123+00:00",
  "game": null
}