{
  "game_id": 1071,
  "acpl": 7386.219512195122,
  "match_rate": 0.2682926829268293,
  "weighted_match_rate": 0.2503432340540303,
  "ipr": -1478.4756097560976,
  "ipr_z_score": 0.0,
  "precision_burst_count": 0,
  "mean_move_time": 0.5853658536585366,
  "time_variance": 40.245709123757905,
  "time_complexity_corr": -0.33285259664653094,
  "lag_spike_count": 0,
  "uniformity_score": 0.3321638297231102,
  "clutch_accuracy_diff": NaN,
  "opening_entropy": 4.544507255789622,
  "novelty_depth": 5,
  "second_choice_rate": 0.24390243902439024,
  "opening_breadth": 8,
  "tb_match_rate": NaN,
  "dtz_deviation": NaN,
  "conversion_efficiency": 65,
  "suspicious_quality": "False",
  "suspicious_timing": "False",
  "suspicious_opening": true,
  "overall_suspicion_score": -1137.4194430759105,
  "analyzed_at": "2025-06-24 12:18:07.841084+00:00",
  "game": null
}