{
  "game_id": 348,
  "acpl": 4164.054794520548,
  "match_rate": 0.3835616438356164,
  "weighted_match_rate": 0.3951749524761809,
  "ipr": 224.82191780821904,
  "ipr_z_score": 0.0,
  "precision_burst_count": 0,
  "mean_move_time": 1.3424657534246576,
  "time_variance": 310.79225318847426,
  "time_complexity_corr": -0.04907200942233662,
  "lag_spike_count": 0,
  "uniformity_score": 0.36519560532130274,
  "clutch_accuracy_diff": NaN,
  "opening_entropy": 4.544507255789622,
  "novelty_depth": 6,
  "second_choice_rate": 0.1643835616438356,
  "opening_breadth": 7,
  "tb_match_rate": NaN,
  "dtz_deviation": NaN,
  "conversion_efficiency": 110,
  "suspicious_quality": "False",
  "suspicious_timing": "False",
  "suspicious_opening": true,
  "overall_suspicion_score": -618.7389829010299,
  "analyzed_at": "2025-06-24 12:09:55.812420+00:00",
  "game": null
}