{
  "game_id": 291,
  "acpl": 61.306306306306304,
  "match_rate": 0.36936936936936937,
  "weighted_match_rate": 0.3783841466462022,
  "ipr": 2264.8423423423424,
  "ipr_z_score": 0.0,
  "precision_burst_count": 0,
  "mean_move_time": 0.8558558558558559,
  "time_variance": 594.4768660062776,
  "time_complexity_corr": 0.05891062837466225,
  "lag_spike_count": 0,
  "uniformity_score": 0.3416200325045447,
  "clutch_accuracy_diff": NaN,
  "opening_entropy": 4.544507255789622,
  "novelty_depth": 5,
  "second_choice_rate": 0.18018018018018017,
  "opening_breadth": 8,
  "tb_match_rate": NaN,
  "dtz_deviation": NaN,
  "conversion_efficiency": 148,
  "suspicious_quality": "False",
  "suspicious_timing": "False",
  "suspicious_opening": true,
  "overall_suspicion_score": 38.170666444167935,
  "analyzed_at": "2025-06-24 12:09:18.126472+00:00",
  "game": null
}