{
  "game_id": 1648,
  "acpl": 2085.6938775510203,
  "match_rate": 0.30612244897959184,
  "weighted_match_rate": 0.3241732821329349,
  "ipr": 1202.0510204081634,
  "ipr_z_score": 0.0,
  "precision_burst_count": 0,
  "mean_move_time": 0.46938775510204084,
  "time_variance": 81.77740374500316,
  "time_complexity_corr": 0.11378350285157916,
  "lag_spike_count": 0,
  "uniformity_score": 0.3662987565960602,
  "clutch_accuracy_diff": NaN,
  "opening_entropy": 4.544507255789622,
  "novelty_depth": 5,
  "second_choice_rate": 0.20408163265306123,
  "opening_breadth": 8,
  "tb_match_rate": NaN,
  "dtz_deviation": NaN,
  "conversion_efficiency": 73,
  "suspicious_quality": "False",
  "suspicious_timing": "False",
  "suspicious_opening": true,
  "overall_suspicion_score": -286.14644339171747,
  "analyzed_at": "2025-06-24 12:24:52.866306+00:00",
  "game": null
}