{
  "game_id": 1168,
  "acpl": 5958.117647058823,
  "match_rate": 0.4117647058823529,
  "weighted_match_rate": 0.46375536071145307,
  "ipr": -649.6470588235293,
  "ipr_z_score": 0.0,
  "precision_burst_count": 0,
  "mean_move_time": -0.8235294117647058,
  "time_variance": 35.84899034240562,
  "time_complexity_corr": -0.6733502088648503,
  "lag_spike_count": 3,
  "uniformity_score": 0.474678984491953,
  "clutch_accuracy_diff": NaN,
  "opening_entropy": 4.544507255789622,
  "novelty_depth": 6,
  "second_choice_rate": 0.11764705882352941,
  "opening_breadth": 7,
  "tb_match_rate": NaN,
  "dtz_deviation": NaN,
  "conversion_efficiency": null,
  "suspicious_quality": "False",
  "suspicious_timing": "False",
  "suspicious_opening": true,
  "overall_suspicion_score": -903.2590954241365,
  "analyzed_at": "2025-06-24 12:19:17.183803+00:00",
  "game": null
}