{
  "game_id": 286,
  "acpl": 60.15384615384615,
  "match_rate": 0.38461538461538464,
  "weighted_match_rate": 0.4000388115203251,
  "ipr": 2277.6153846153848,
  "ipr_z_score": 0.0,
  "precision_burst_count": 0,
  "mean_move_time": 8.192307692307692,
  "time_variance": 80.77819268110528,
  "time_complexity_corr": -0.12137949075443069,
  "lag_spike_count": 0,
  "uniformity_score": 0.29319342593907427,
  "clutch_accuracy_diff": NaN,
  "opening_entropy": 4.544507255789622,
  "novelty_depth": 5,
  "second_choice_rate": 0.11538461538461539,
  "opening_breadth": 8,
  "tb_match_rate": NaN,
  "dtz_deviation": NaN,
  "conversion_efficiency": null,
  "suspicious_quality": "False",
  "suspicious_timing": "False",
  "suspicious_opening": true,
  "overall_suspicion_score": 37.45615279325156,
  "analyzed_at": "2025-06-24 12:09:14.938377+00:00",
  "game": null
}