{
  "game_id": 694,
  "acpl": 3376.1666666666665,
  "match_rate": 0.3333333333333333,
  "weighted_match_rate": 0.38292517235507334,
  "ipr": 578.5833333333335,
  "ipr_z_score": 0.0,
  "precision_burst_count": 0,
  "mean_move_time": 12.266666666666667,
  "time_variance": 168.19719887955182,
  "time_complexity_corr": 0.3716587092717763,
  "lag_spike_count": 0,
  "uniformity_score": 0.34607366260168904,
  "clutch_accuracy_diff": NaN,
  "opening_entropy": 4.544507255789622,
  "novelty_depth": 5,
  "second_choice_rate": 0.16666666666666666,
  "opening_breadth": 8,
  "tb_match_rate": NaN,
  "dtz_deviation": NaN,
  "conversion_efficiency": null,
  "suspicious_quality": "False",
  "suspicious_timing": "False",
  "suspicious_opening": true,
  "overall_suspicion_score": -488.6199099499874,
  "analyzed_at": "2025-06-24 12:13:49.864846+00:00",
  "game": null
}