{
  "game_id": 1301,
  "acpl": 1804.517857142857,
  "match_rate": 0.375,
  "weighted_match_rate": 0.3953354085703457,
  "ipr": 1397.7410714285716,
  "ipr_z_score": 0.0,
  "precision_burst_count": 0,
  "mean_move_time": -7.017857142857143,
  "time_variance": 55.65887251761691,
  "time_complexity_corr": -0.36896132023412015,
  "lag_spike_count": 0,
  "uniformity_score": 0.4758449751707877,
  "clutch_accuracy_diff": NaN,
  "opening_entropy": 4.544507255789622,
  "novelty_depth": 5,
  "second_choice_rate": 0.05357142857142857,
  "opening_breadth": 8,
  "tb_match_rate": NaN,
  "dtz_deviation": NaN,
  "conversion_efficiency": null,
  "suspicious_quality": "False",
  "suspicious_timing": "False",
  "suspicious_opening": true,
  "overall_suspicion_score": -239.53077005037818,
  "analyzed_at": "2025-06-24 12:20:56.783326+00:00",
  "game": null
}