{
  "game_id": 607,
  "acpl": 61.41379310344828,
  "match_rate": 0.41379310344827586,
  "weighted_match_rate": 0.4173171884560414,
  "ipr": 2300.3275862068967,
  "ipr_z_score": 0.0,
  "precision_burst_count": 0,
  "mean_move_time": 4.827586206896552,
  "time_variance": 85.91784107946029,
  "time_complexity_corr": 0.24056042679809397,
  "lag_spike_count": 4,
  "uniformity_score": 0.3150750123907199,
  "clutch_accuracy_diff": NaN,
  "opening_entropy": 4.544507255789622,
  "novelty_depth": 5,
  "second_choice_rate": 0.10344827586206896,
  "opening_breadth": 8,
  "tb_match_rate": NaN,
  "dtz_deviation": NaN,
  "conversion_efficiency": null,
  "suspicious_quality": "False",
  "suspicious_timing": "False",
  "suspicious_opening": true,
  "overall_suspicion_score": 41.09255959616026,
  "analyzed_at": "2025-06-24 12:12:51.778914+00:00",
  "game": null
}