{
  "game_id": 899,
  "acpl": 80.33980582524272,
  "match_rate": 0.22330097087378642,
  "weighted_match_rate": 0.23754900399838838,
  "ipr": 2138.470873786408,
  "ipr_z_score": 0.0,
  "precision_burst_count": 0,
  "mean_move_time": 1.0,
  "time_variance": 504.62439024390244,
  "time_complexity_corr": 0.007519224982886751,
  "lag_spike_count": 0,
  "uniformity_score": 0.341155069199442,
  "clutch_accuracy_diff": NaN,
  "opening_entropy": 4.544507255789622,
  "novelty_depth": 5,
  "second_choice_rate": 0.10679611650485436,
  "opening_breadth": 8,
  "tb_match_rate": NaN,
  "dtz_deviation": NaN,
  "conversion_efficiency": 158,
  "suspicious_quality": "False",
  "suspicious_timing": "False",
  "suspicious_opening": true,
  "overall_suspicion_score": 31.034259443706375,
  "analyzed_at": "2025-06-24 12:16:15.221795+00:00",
  "game": null
}