{
  "game_id": 653,
  "acpl": 52.20253164556962,
  "match_rate": 0.31645569620253167,
  "weighted_match_rate": 0.3196923999852628,
  "ipr": 2227.0632911392404,
  "ipr_z_score": 0.0,
  "precision_burst_count": 0,
  "mean_move_time": 0.7721518987341772,
  "time_variance": 1118.979601709264,
  "time_complexity_corr": -0.029726391643132368,
  "lag_spike_count": 0,
  "uniformity_score": 0.3530344564332009,
  "clutch_accuracy_diff": NaN,
  "opening_entropy": 4.544507255789622,
  "novelty_depth": 5,
  "second_choice_rate": 0.1518987341772152,
  "opening_breadth": 8,
  "tb_match_rate": NaN,
  "dtz_deviation": NaN,
  "conversion_efficiency": null,
  "suspicious_quality": "False",
  "suspicious_timing": "False",
  "suspicious_opening": true,
  "overall_suspicion_score": 37.69430279637741,
  "analyzed_at": "2025-06-24 12:13:23.952735+00:00",
  "game": null
}