{
  "game_id": 1748,
  "acpl": 64.23404255319149,
  "match_rate": 0.46808510638297873,
  "weighted_match_rate": 0.47854937767489736,
  "ipr": 2342.351063829787,
  "ipr_z_score": 0.0,
  "precision_burst_count": 0,
  "mean_move_time": 1.297872340425532,
  "time_variance": 119.82429649965682,
  "time_complexity_corr": -0.3537039634701093,
  "lag_spike_count": 2,
  "uniformity_score": 0.3444530602765435,
  "clutch_accuracy_diff": NaN,
  "opening_entropy": 4.544507255789622,
  "novelty_depth": 5,
  "second_choice_rate": 0.1276595744680851,
  "opening_breadth": 8,
  "tb_match_rate": NaN,
  "dtz_deviation": NaN,
  "conversion_efficiency": 75,
  "suspicious_quality": "False",
  "suspicious_timing": "False",
  "suspicious_opening": true,
  "overall_suspicion_score": 39.38783025364067,
  "analyzed_at": "2025-06-24 12:25:56.234240+00:00",
  "game": null
}