{
  "game_id": 250,
  "acpl": 44.111111111111114,
  "match_rate": 0.24444444444444444,
  "weighted_match_rate": 0.24311576483608144,
  "ipr": 2173.5,
  "ipr_z_score": 0.0,
  "precision_burst_count": 0,
  "mean_move_time": 35.333333333333336,
  "time_variance": 667.977653631285,
  "time_complexity_corr": -0.352951626792987,
  "lag_spike_count": 0,
  "uniformity_score": 0.27314939592633264,
  "clutch_accuracy_diff": NaN,
  "opening_entropy": 4.544507255789622,
  "novelty_depth": 5,
  "second_choice_rate": 0.3111111111111111,
  "opening_breadth": 8,
  "tb_match_rate": NaN,
  "dtz_deviation": NaN,
  "conversion_efficiency": null,
  "suspicious_quality": "False",
  "suspicious_timing": "False",
  "suspicious_opening": true,
  "overall_suspicion_score": 36.20731218266769,
  "analyzed_at": "2025-06-24 12:08:52.391780+00:00",
  "game": null
}