{
  "game_id": 1015,
  "acpl": 39.265060240963855,
  "match_rate": 0.25301204819277107,
  "weighted_match_rate": 0.25961890681873595,
  "ipr": 2182.777108433735,
  "ipr_z_score": 0.0,
  "precision_burst_count": 0,
  "mean_move_time": 1.2650602409638554,
  "time_variance": 175.32325666301568,
  "time_complexity_corr": -0.31250924552964304,
  "lag_spike_count": 2,
  "uniformity_score": 0.3312215995195856,
  "clutch_accuracy_diff": NaN,
  "opening_entropy": 4.544507255789622,
  "novelty_depth": 5,
  "second_choice_rate": 0.21686746987951808,
  "opening_breadth": 8,
  "tb_match_rate": NaN,
  "dtz_deviation": NaN,
  "conversion_efficiency": 146,
  "suspicious_quality": "False",
  "suspicious_timing": "False",
  "suspicious_opening": true,
  "overall_suspicion_score": 38.00943181557869,
  "analyzed_at": "2025-06-24 12:17:35.925476+00:00",
  "game": null
}