{
  "game_id": 1437,
  "acpl": 41.87951807228916,
  "match_rate": 0.30120481927710846,
  "weighted_match_rate": 0.29546804123765363,
  "ipr": 2220.024096385542,
  "ipr_z_score": 0.0,
  "precision_burst_count": 0,
  "mean_move_time": 0.42168674698795183,
  "time_variance": 785.5059510770355,
  "time_complexity_corr": 0.20554279862696714,
  "lag_spike_count": 0,
  "uniformity_score": 0.35266995629015935,
  "clutch_accuracy_diff": NaN,
  "opening_entropy": 4.544507255789622,
  "novelty_depth": 5,
  "second_choice_rate": 0.24096385542168675,
  "opening_breadth": 8,
  "tb_match_rate": NaN,
  "dtz_deviation": NaN,
  "conversion_efficiency": 144,
  "suspicious_quality": "False",
  "suspicious_timing": "False",
  "suspicious_opening": true,
  "overall_suspicion_score": 41.43701087107496,
  "analyzed_at": "2025-06-24 12:22:36.931468+00:00",
  "game": null
}