{
  "game_id": 352,
  "acpl": 126.62295081967213,
  "match_rate": 0.45901639344262296,
  "weighted_match_rate": 0.5135813234610694,
  "ipr": 2303.901639344262,
  "ipr_z_score": 0.0,
  "precision_burst_count": 0,
  "mean_move_time": 0.7868852459016393,
  "time_variance": 2001.5244546809377,
  "time_complexity_corr": -0.45258821048505565,
  "lag_spike_count": 0,
  "uniformity_score": 0.3566177288997289,
  "clutch_accuracy_diff": NaN,
  "opening_entropy": 4.544507255789622,
  "novelty_depth": 5,
  "second_choice_rate": 0.13114754098360656,
  "opening_breadth": 8,
  "tb_match_rate": NaN,
  "dtz_deviation": NaN,
  "conversion_efficiency": null,
  "suspicious_quality": "False",
  "suspicious_timing": "False",
  "suspicious_opening": true,
  "overall_suspicion_score": 29.86922208294338,
  "analyzed_at": "2025-06-24 12:09:58.977392+00:00",
  "game": null
}