{
  "game_id": 114,
  "acpl": 7122.464285714285,
  "match_rate": 0.32142857142857145,
  "weighted_match_rate": 0.332480609031798,
  "ipr": -1304.0892857142853,
  "ipr_z_score": 0.0,
  "precision_burst_count": 0,
  "mean_move_time": 27.5,
  "time_variance": 407.31531531531533,
  "time_complexity_corr": 0.4431775944358652,
  "lag_spike_count": 0,
  "uniformity_score": 0.3043071476714665,
  "clutch_accuracy_diff": NaN,
  "opening_entropy": 4.544507255789622,
  "novelty_depth": 5,
  "second_choice_rate": 0.21428571428571427,
  "opening_breadth": 8,
  "tb_match_rate": NaN,
  "dtz_deviation": NaN,
  "conversion_efficiency": null,
  "suspicious_quality": "False",
  "suspicious_timing": "False",
  "suspicious_opening": true,
  "overall_suspicion_score": -1088.4038162724196,
  "analyzed_at": "2025-06-24 12:07:17.268468+00:00",
  "game": null
}