{
  "game_id": 1293,
  "acpl": 88.41176470588235,
  "match_rate": 0.38235294117647056,
  "weighted_match_rate": 0.4062922815009869,
  "ipr": 2261.676470588235,
  "ipr_z_score": 0.0,
  "precision_burst_count": 0,
  "mean_move_time": 1.411764705882353,
  "time_variance": 72.71808278867103,
  "time_complexity_corr": 0.268371571664449,
  "lag_spike_count": 0,
  "uniformity_score": 0.2987602082635506,
  "clutch_accuracy_diff": NaN,
  "opening_entropy": 4.544507255789622,
  "novelty_depth": 5,
  "second_choice_rate": 0.08823529411764706,
  "opening_breadth": 8,
  "tb_match_rate": NaN,
  "dtz_deviation": NaN,
  "conversion_efficiency": null,
  "suspicious_quality": "False",
  "suspicious_timing": "False",
  "suspicious_opening": true,
  "overall_suspicion_score": 36.40700756828831,
  "analyzed_at": "2025-06-24 12:20:49.834639+00:00",
  "game": null
}