{
  "game_id": 493,
  "acpl": 24.714285714285715,
  "match_rate": 0.5714285714285714,
  "weighted_match_rate": 0.5648317216345966,
  "ipr": 2444.785714285714,
  "ipr_z_score": 0.0,
  "precision_burst_count": 0,
  "mean_move_time": 5.428571428571429,
  "time_variance": 13.194805194805195,
  "time_complexity_corr": -0.22447381873785055,
  "lag_spike_count": 0,
  "uniformity_score": 0.3738157655956316,
  "clutch_accuracy_diff": NaN,
  "opening_entropy": 4.544507255789622,
  "novelty_depth": 5,
  "second_choice_rate": 0.14285714285714285,
  "opening_breadth": 8,
  "tb_match_rate": NaN,
  "dtz_deviation": NaN,
  "conversion_efficiency": null,
  "suspicious_quality": "True",
  "suspicious_timing": "False",
  "suspicious_opening": true,
  "overall_suspicion_score": 48.3535348724177,
  "analyzed_at": "2025-06-24 12:11:24.637149+00:00",
  "game": null
}