{
  "game_id": 226,
  "acpl": 75.88235294117646,
  "match_rate": 0.4411764705882353,
  "weighted_match_rate": 0.4788736142900271,
  "ipr": 2315.0,
  "ipr_z_score": 0.0,
  "precision_burst_count": 0,
  "mean_move_time": 19.647058823529413,
  "time_variance": 233.77080610021784,
  "time_complexity_corr": 0.647482021973783,
  "lag_spike_count": 0,
  "uniformity_score": 0.29236814437421105,
  "clutch_accuracy_diff": NaN,
  "opening_entropy": 4.544507255789622,
  "novelty_depth": 5,
  "second_choice_rate": 0.14705882352941177,
  "opening_breadth": 8,
  "tb_match_rate": NaN,
  "dtz_deviation": NaN,
  "conversion_efficiency": 109,
  "suspicious_quality": "False",
  "suspicious_timing": "False",
  "suspicious_opening": true,
  "overall_suspicion_score": 44.64755162730084,
  "analyzed_at": "2025-06-24 12:08:32.760956+00:00",
  "game": null
}