{
  "game_id": 101,
  "acpl": 3488.344827586207,
  "match_rate": 0.3448275862068966,
  "weighted_match_rate": 0.36352729514212695,
  "ipr": 531.6896551724137,
  "ipr_z_score": 0.0,
  "precision_burst_count": 0,
  "mean_move_time": 0.5172413793103449,
  "time_variance": 49.8681185722928,
  "time_complexity_corr": -0.24693803507068324,
  "lag_spike_count": 1,
  "uniformity_score": 0.34763834068887806,
  "clutch_accuracy_diff": NaN,
  "opening_entropy": 4.544507255789622,
  "novelty_depth": 5,
  "second_choice_rate": 0.3448275862068966,
  "opening_breadth": 8,
  "tb_match_rate": NaN,
  "dtz_deviation": NaN,
  "conversion_efficiency": 46,
  "suspicious_quality": "False",
  "suspicious_timing": "False",
  "suspicious_opening": true,
  "overall_suspicion_score": -511.2894345789938,
  "analyzed_at": "2025-06-24 12:07:05.945724+00:00",
  "game": null
}