{
  "game_id": 1156,
  "acpl": 2701.842105263158,
  "match_rate": 0.39473684210526316,
  "weighted_match_rate": 0.40497694721899324,
  "ipr": 964.8684210526317,
  "ipr_z_score": 0.0,
  "precision_burst_count": 0,
  "mean_move_time": 22.789473684210527,
  "time_variance": 287.95538515162076,
  "time_complexity_corr": 0.09118443622517539,
  "lag_spike_count": 0,
  "uniformity_score": 0.1690508140694923,
  "clutch_accuracy_diff": NaN,
  "opening_entropy": 4.544507255789622,
  "novelty_depth": 5,
  "second_choice_rate": 0.05263157894736842,
  "opening_breadth": 8,
  "tb_match_rate": NaN,
  "dtz_deviation": NaN,
  "conversion_efficiency": 129,
  "suspicious_quality": "False",
  "suspicious_timing": "False",
  "suspicious_opening": true,
  "overall_suspicion_score": -385.4452307415309,
  "analyzed_at": "2025-06-24 12:19:11.747507+00:00",
  "game": null
}