{
  "game_id": 1709,
  "acpl": 47.891891891891895,
  "match_rate": 0.3783783783783784,
  "weighted_match_rate": 0.3783818825257299,
  "ipr": 2278.7567567567567,
  "ipr_z_score": 0.0,
  "precision_burst_count": 0,
  "mean_move_time": 21.7027027027027,
  "time_variance": 94.0878838021695,
  "time_complexity_corr": 0.47306076703496913,
  "lag_spike_count": 0,
  "uniformity_score": 0.3210188955439607,
  "clutch_accuracy_diff": NaN,
  "opening_entropy": 4.544507255789622,
  "novelty_depth": 5,
  "second_choice_rate": 0.16216216216216217,
  "opening_breadth": 8,
  "tb_match_rate": NaN,
  "dtz_deviation": NaN,
  "conversion_efficiency": null,
  "suspicious_quality": "False",
  "suspicious_timing": "False",
  "suspicious_opening": true,
  "overall_suspicion_score": 45.34441621038322,
  "analyzed_at": "2025-06-24 12:25:35.529742+00:00",
  "game": null
}