{
  "game_id": 308,
  "acpl": 54.765957446808514,
  "match_rate": 0.5106382978723404,
  "weighted_match_rate": 0.5125417504576016,
  "ipr": 2381.127659574468,
  "ipr_z_score": 0.0,
  "precision_burst_count": 0,
  "mean_move_time": 39.340425531914896,
  "time_variance": 520.6107634543179,
  "time_complexity_corr": -0.5062734398203975,
  "lag_spike_count": 0,
  "uniformity_score": 0.3408322783222548,
  "clutch_accuracy_diff": NaN,
  "opening_entropy": 4.544507255789622,
  "novelty_depth": 5,
  "second_choice_rate": 0.1276595744680851,
  "opening_breadth": 8,
  "tb_match_rate": NaN,
  "dtz_deviation": NaN,
  "conversion_efficiency": null,
  "suspicious_quality": "False",
  "suspicious_timing": "False",
  "suspicious_opening": true,
  "overall_suspicion_score": 41.77601086749813,
  "analyzed_at": "2025-06-24 12:09:31.989691+00:00",
  "game": null
}