{
  "game_id": 1096,
  "acpl": 8068.838383838384,
  "match_rate": 0.35353535353535354,
  "weighted_match_rate": 0.3742562903011244,
  "ipr": -1751.5909090909095,
  "ipr_z_score": 0.0,
  "precision_burst_count": 0,
  "mean_move_time": 0.8484848484848485,
  "time_variance": 267.1545916012921,
  "time_complexity_corr": -0.4056847306202849,
  "lag_spike_count": 0,
  "uniformity_score": 0.34174187178823706,
  "clutch_accuracy_diff": NaN,
  "opening_entropy": 4.544507255789622,
  "novelty_depth": 5,
  "second_choice_rate": 0.20202020202020202,
  "opening_breadth": 8,
  "tb_match_rate": NaN,
  "dtz_deviation": NaN,
  "conversion_efficiency": 174,
  "suspicious_quality": "False",
  "suspicious_timing": "False",
  "suspicious_opening": true,
  "overall_suspicion_score": -1244.008868290751,
  "analyzed_at": "2025-06-24 12:18:36.447869+00:00",
  "game": null
}