{
  "game_id": 1031,
  "acpl": 46.416666666666664,
  "match_rate": 0.2916666666666667,
  "weighted_match_rate": 0.2582275538380198,
  "ipr": 2210.125,
  "ipr_z_score": 0.0,
  "precision_burst_count": 0,
  "mean_move_time": 2.75,
  "time_variance": 5.578947368421052,
  "time_complexity_corr": 0.32740917887715887,
  "lag_spike_count": 3,
  "uniformity_score": 0.36016358975802387,
  "clutch_accuracy_diff": NaN,
  "opening_entropy": 4.544507255789622,
  "novelty_depth": 5,
  "second_choice_rate": 0.25,
  "opening_breadth": 8,
  "tb_match_rate": NaN,
  "dtz_deviation": NaN,
  "conversion_efficiency": null,
  "suspicious_quality": "False",
  "suspicious_timing": "False",
  "suspicious_opening": true,
  "overall_suspicion_score": 41.76672358732936,
  "analyzed_at": "2025-06-24 12:17:40.029917+00:00",
  "game": null
}