{
  "game_id": 1510,
  "acpl": 79.15384615384616,
  "match_rate": 0.3230769230769231,
  "weighted_match_rate": 0.33905521945365275,
  "ipr": 2218.8846153846152,
  "ipr_z_score": 0.0,
  "precision_burst_count": 0,
  "mean_move_time": 0.9692307692307692,
  "time_variance": 868.5881932021467,
  "time_complexity_corr": 0.4244403646509784,
  "lag_spike_count": 0,
  "uniformity_score": 0.3490808337581931,
  "clutch_accuracy_diff": NaN,
  "opening_entropy": 4.544507255789622,
  "novelty_depth": 5,
  "second_choice_rate": 0.15384615384615385,
  "opening_breadth": 8,
  "tb_match_rate": NaN,
  "dtz_deviation": NaN,
  "conversion_efficiency": 80,
  "suspicious_quality": "False",
  "suspicious_timing": "False",
  "suspicious_opening": true,
  "overall_suspicion_score": 38.949985305866164,
  "analyzed_at": "2025-06-24 12:23:17.206106+00:00",
  "game": null
}