{
  "game_id": 1204,
  "acpl": 11139.074074074075,
  "match_rate": 0.2962962962962963,
  "weighted_match_rate": 0.25364417164218306,
  "ipr": -3332.5,
  "ipr_z_score": 0.0,
  "precision_burst_count": 0,
  "mean_move_time": 0.14814814814814814,
  "time_variance": 11.449336128581415,
  "time_complexity_corr": -0.6272552152767512,
  "lag_spike_count": 2,
  "uniformity_score": 0.35061853900654866,
  "clutch_accuracy_diff": NaN,
  "opening_entropy": 4.544507255789622,
  "novelty_depth": 5,
  "second_choice_rate": 0.14814814814814814,
  "opening_breadth": 8,
  "tb_match_rate": NaN,
  "dtz_deviation": NaN,
  "conversion_efficiency": 51,
  "suspicious_quality": "False",
  "suspicious_timing": "False",
  "suspicious_opening": true,
  "overall_suspicion_score": -1737.2698344990085,
  "analyzed_at": "2025-06-24 12:19:40.710049+00:00",
  "game": null
}