{
  "game_id": 1641,
  "acpl": 114.85454545454546,
  "match_rate": 0.3090909090909091,
  "weighted_match_rate": 0.3652144567392859,
  "ipr": 2189.8454545454547,
  "ipr_z_score": 0.0,
  "precision_burst_count": 0,
  "mean_move_time": 1.4,
  "time_variance": 575.434862385321,
  "time_complexity_corr": -0.6602901452862173,
  "lag_spike_count": 0,
  "uniformity_score": 0.36147917787854644,
  "clutch_accuracy_diff": NaN,
  "opening_entropy": 4.544507255789622,
  "novelty_depth": 5,
  "second_choice_rate": 0.12727272727272726,
  "opening_breadth": 8,
  "tb_match_rate": NaN,
  "dtz_deviation": NaN,
  "conversion_efficiency": null,
  "suspicious_quality": "False",
  "suspicious_timing": "False",
  "suspicious_opening": true,
  "overall_suspicion_score": 28.2334268407169,
  "analyzed_at": "2025-06-24 12:24:51.392316+00:00",
  "game": null
}