{
  "game_id": 1797,
  "acpl": 53.51063829787234,
  "match_rate": 0.425531914893617,
  "weighted_match_rate": 0.4206124777434595,
  "ipr": 2313.6702127659573,
  "ipr_z_score": 0.0,
  "precision_burst_count": 0,
  "mean_move_time": 1.5319148936170213,
  "time_variance": 282.23015328300164,
  "time_complexity_corr": -0.47009069292964606,
  "lag_spike_count": 0,
  "uniformity_score": 0.3562858872101577,
  "clutch_accuracy_diff": NaN,
  "opening_entropy": 4.544507255789622,
  "novelty_depth": 5,
  "second_choice_rate": 0.19148936170212766,
  "opening_breadth": 8,
  "tb_match_rate": NaN,
  "dtz_deviation": NaN,
  "conversion_efficiency": 71,
  "suspicious_quality": "False",
  "suspicious_timing": "False",
  "suspicious_opening": true,
  "overall_suspicion_score": 40.04560417411231,
  "analyzed_at": "2025-06-24 12:26:36.615423+00:00",
  "game": null
}