{
  "game_id": 1160,
  "acpl": 73.10144927536231,
  "match_rate": 0.36231884057971014,
  "weighted_match_rate": 0.3864289711866602,
  "ipr": 2253.304347826087,
  "ipr_z_score": 0.0,
  "precision_burst_count": 0,
  "mean_move_time": 0.7536231884057971,
  "time_variance": 861.6176875066117,
  "time_complexity_corr": 0.7472821245124263,
  "lag_spike_count": 0,
  "uniformity_score": 0.3405304658502926,
  "clutch_accuracy_diff": NaN,
  "opening_entropy": 4.544507255789622,
  "novelty_depth": 5,
  "second_choice_rate": 0.18840579710144928,
  "opening_breadth": 7,
  "tb_match_rate": NaN,
  "dtz_deviation": NaN,
  "conversion_efficiency": 124,
  "suspicious_quality": "False",
  "suspicious_timing": "True",
  "suspicious_opening": true,
  "overall_suspicion_score": 44.88639923667246,
  "analyzed_at": "2025-06-24 12:19:16.957770+00:00",
  "game": null
}