{
  "game_id": 1814,
  "acpl": 1659.8292682926829,
  "match_rate": 0.43902439024390244,
  "weighted_match_rate": 0.4709297019730309,
  "ipr": 1521.3048780487807,
  "ipr_z_score": 0.0,
  "precision_burst_count": 0,
  "mean_move_time": 0.42276422764227645,
  "time_variance": 3586.155234776838,
  "time_complexity_corr": 0.056525506042550216,
  "lag_spike_count": 0,
  "uniformity_score": 0.34123112294006175,
  "clutch_accuracy_diff": NaN,
  "opening_entropy": 4.544507255789622,
  "novelty_depth": 5,
  "second_choice_rate": 0.18699186991869918,
  "opening_breadth": 8,
  "tb_match_rate": NaN,
  "dtz_deviation": NaN,
  "conversion_efficiency": 193,
  "suspicious_quality": "False",
  "suspicious_timing": "False",
  "suspicious_opening": true,
  "overall_suspicion_score": -215.68127595794346,
  "analyzed_at": "2025-06-24 12:26:51.930958+00:00",
  "game": null
}