{
  "game_id": 1694,
  "acpl": 59.73684210526316,
  "match_rate": 0.3333333333333333,
  "weighted_match_rate": 0.3388028796851457,
  "ipr": 2236.798245614035,
  "ipr_z_score": 0.0,
  "precision_burst_count": 0,
  "mean_move_time": 1.8596491228070176,
  "time_variance": 1589.396056512964,
  "time_complexity_corr": -0.4050832910416049,
  "lag_spike_count": 0,
  "uniformity_score": 0.3445774148768224,
  "clutch_accuracy_diff": NaN,
  "opening_entropy": 4.544507255789622,
  "novelty_depth": 5,
  "second_choice_rate": 0.12280701754385964,
  "opening_breadth": 8,
  "tb_match_rate": NaN,
  "dtz_deviation": NaN,
  "conversion_efficiency": null,
  "suspicious_quality": "False",
  "suspicious_timing": "False",
  "suspicious_opening": true,
  "overall_suspicion_score": 36.814957505339926,
  "analyzed_at": "2025-06-24 12:25:27.196259+00:00",
  "game": null
}