{
  "game_id": 1286,
  "acpl": 72.06542056074767,
  "match_rate": 0.2523364485981308,
  "weighted_match_rate": 0.259846616764032,
  "ipr": 2165.836448598131,
  "ipr_z_score": 0.0,
  "precision_burst_count": 0,
  "mean_move_time": 0.8411214953271028,
  "time_variance": 326.96994427624935,
  "time_complexity_corr": 0.3332698974549153,
  "lag_spike_count": 0,
  "uniformity_score": 0.3406283688347574,
  "clutch_accuracy_diff": NaN,
  "opening_entropy": 4.544507255789622,
  "novelty_depth": 5,
  "second_choice_rate": 0.2523364485981308,
  "opening_breadth": 8,
  "tb_match_rate": NaN,
  "dtz_deviation": NaN,
  "conversion_efficiency": 136,
  "suspicious_quality": "False",
  "suspicious_timing": "False",
  "suspicious_opening": true,
  "overall_suspicion_score": 37.03945782324723,
  "analyzed_at": "2025-06-24 12:20:46.316169+00:00",
  "game": null
}