{
  "game_id": 1696,
  "acpl": 83.43076923076923,
  "match_rate": 0.35384615384615387,
  "weighted_match_rate": 0.3719223529377297,
  "ipr": 2241.3615384615387,
  "ipr_z_score": 0.0,
  "precision_burst_count": 0,
  "mean_move_time": 1.6615384615384616,
  "time_variance": 411.4504472271914,
  "time_complexity_corr": -0.15324431505323455,
  "lag_spike_count": 0,
  "uniformity_score": 0.3435877334498836,
  "clutch_accuracy_diff": NaN,
  "opening_entropy": 4.544507255789622,
  "novelty_depth": 5,
  "second_choice_rate": 0.15384615384615385,
  "opening_breadth": 8,
  "tb_match_rate": NaN,
  "dtz_deviation": NaN,
  "conversion_efficiency": 104,
  "suspicious_quality": "False",
  "suspicious_timing": "False",
  "suspicious_opening": true,
  "overall_suspicion_score": 33.65514567260707,
  "analyzed_at": "2025-06-24 12:25:28.450098+00:00",
  "game": null
}