{
  "game_id": 744,
  "acpl": 41.666666666666664,
  "match_rate": 0.4375,
  "weighted_match_rate": 0.4546145132189182,
  "ipr": 2329.1666666666665,
  "ipr_z_score": 0.0,
  "precision_burst_count": 0,
  "mean_move_time": 19.4375,
  "time_variance": 150.11125654450262,
  "time_complexity_corr": -0.38183109306141816,
  "lag_spike_count": 0,
  "uniformity_score": 0.28936806885395033,
  "clutch_accuracy_diff": NaN,
  "opening_entropy": 4.544507255789622,
  "novelty_depth": 5,
  "second_choice_rate": 0.16666666666666666,
  "opening_breadth": 8,
  "tb_match_rate": NaN,
  "dtz_deviation": NaN,
  "conversion_efficiency": null,
  "suspicious_quality": "True",
  "suspicious_timing": "False",
  "suspicious_opening": true,
  "overall_suspicion_score": 41.655808352634736,
  "analyzed_at": "2025-06-24 12:14:30.499158+00:00",
  "game": null
}