{
  "game_id": 215,
  "acpl": 5603.111111111111,
  "match_rate": 0.3888888888888889,
  "weighted_match_rate": 0.41693212484905007,
  "ipr": -490.44444444444434,
  "ipr_z_score": 0.0,
  "precision_burst_count": 0,
  "mean_move_time": 48.72222222222222,
  "time_variance": 1326.7386541471049,
  "time_complexity_corr": 0.6777375069294361,
  "lag_spike_count": 0,
  "uniformity_score": 0.3353826448056976,
  "clutch_accuracy_diff": NaN,
  "opening_entropy": 4.544507255789622,
  "novelty_depth": 5,
  "second_choice_rate": 0.16666666666666666,
  "opening_breadth": 8,
  "tb_match_rate": NaN,
  "dtz_deviation": NaN,
  "conversion_efficiency": null,
  "suspicious_quality": "False",
  "suspicious_timing": "True",
  "suspicious_opening": true,
  "overall_suspicion_score": -840.1639237162335,
  "analyzed_at": "2025-06-24 12:08:22.901052+00:00",
  "game": null
}