{
  "game_id": 1430,
  "acpl": 170.72941176470587,
  "match_rate": 0.36470588235294116,
  "weighted_match_rate": 0.38466033611959577,
  "ipr": 2206.4,
  "ipr_z_score": 0.0,
  "precision_burst_count": 0,
  "mean_move_time": 1.0705882352941176,
  "time_variance": 100.2316742081448,
  "time_complexity_corr": 0.14162592343924102,
  "lag_spike_count": 4,
  "uniformity_score": 0.3428727282904929,
  "clutch_accuracy_diff": NaN,
  "opening_entropy": 4.544507255789622,
  "novelty_depth": 5,
  "second_choice_rate": 0.18823529411764706,
  "opening_breadth": 8,
  "tb_match_rate": NaN,
  "dtz_deviation": NaN,
  "conversion_efficiency": 153,
  "suspicious_quality": "False",
  "suspicious_timing": "False",
  "suspicious_opening": true,
  "overall_suspicion_score": 21.73192188593918,
  "analyzed_at": "2025-06-24 12:22:28.297301+00:00",
  "game": null
}