{
  "game_id": 1520,
  "acpl": 3665.9156626506024,
  "match_rate": 0.3253012048192771,
  "weighted_match_rate": 0.3396966014650731,
  "ipr": 427.2831325301204,
  "ipr_z_score": 0.0,
  "precision_burst_count": 0,
  "mean_move_time": 1.1204819277108433,
  "time_variance": 124.47024461482292,
  "time_complexity_corr": 0.11794362336924354,
  "lag_spike_count": 2,
  "uniformity_score": 0.34926803982049726,
  "clutch_accuracy_diff": NaN,
  "opening_entropy": 4.544507255789622,
  "novelty_depth": 5,
  "second_choice_rate": 0.1686746987951807,
  "opening_breadth": 8,
  "tb_match_rate": NaN,
  "dtz_deviation": NaN,
  "conversion_efficiency": 134,
  "suspicious_quality": "False",
  "suspicious_timing": "False",
  "suspicious_opening": true,
  "overall_suspicion_score": -538.7263865588125,
  "analyzed_at": "2025-06-24 12:23:31.232737+00:00",
  "game": null
}