{
  "game_id": 977,
  "acpl": 26.77777777777778,
  "match_rate": 0.4444444444444444,
  "weighted_match_rate": 0.47384605542767944,
  "ipr": 2342.1666666666665,
  "ipr_z_score": 0.0,
  "precision_burst_count": 0,
  "mean_move_time": 18.62962962962963,
  "time_variance": 492.0484596746278,
  "time_complexity_corr": 0.3470075369696159,
  "lag_spike_count": 4,
  "uniformity_score": 0.21427831527727642,
  "clutch_accuracy_diff": NaN,
  "opening_entropy": 4.544507255789622,
  "novelty_depth": 5,
  "second_choice_rate": 0.1111111111111111,
  "opening_breadth": 8,
  "tb_match_rate": NaN,
  "dtz_deviation": NaN,
  "conversion_efficiency": null,
  "suspicious_quality": "True",
  "suspicious_timing": "False",
  "suspicious_opening": true,
  "overall_suspicion_score": 47.75111470710719,
  "analyzed_at": "2025-06-24 12:17:05.575007+00:00",
  "game": null
}