{
  "game_id": 89,
  "acpl": 1994.0980392156862,
  "match_rate": 0.45098039215686275,
  "weighted_match_rate": 0.4399264589913161,
  "ipr": 1363.735294117647,
  "ipr_z_score": 0.0,
  "precision_burst_count": 0,
  "mean_move_time": 0.7254901960784313,
  "time_variance": 51.52785866821977,
  "time_complexity_corr": 0.6655018590077894,
  "lag_spike_count": 2,
  "uniformity_score": 0.33328347056227203,
  "clutch_accuracy_diff": NaN,
  "opening_entropy": 4.544507255789622,
  "novelty_depth": 5,
  "second_choice_rate": 0.19607843137254902,
  "opening_breadth": 8,
  "tb_match_rate": NaN,
  "dtz_deviation": NaN,
  "conversion_efficiency": 93,
  "suspicious_quality": "False",
  "suspicious_timing": "False",
  "suspicious_opening": true,
  "overall_suspicion_score": -261.8799874411059,
  "analyzed_at": "2025-06-24 12:07:00.803758+00:00",
  "game": null
}