{
  "game_id": 966,
  "acpl": 4212.708333333333,
  "match_rate": 0.3333333333333333,
  "weighted_match_rate": 0.42991210452944545,
  "ipr": 160.3125,
  "ipr_z_score": 0.0,
  "precision_burst_count": 0,
  "mean_move_time": 13.0,
  "time_variance": 158.4842105263158,
  "time_complexity_corr": 0.18205632391853444,
  "lag_spike_count": 0,
  "uniformity_score": 0.34191543608419295,
  "clutch_accuracy_diff": NaN,
  "opening_entropy": 4.544507255789622,
  "novelty_depth": 5,
  "second_choice_rate": 0.041666666666666664,
  "opening_breadth": 8,
  "tb_match_rate": NaN,
  "dtz_deviation": NaN,
  "conversion_efficiency": null,
  "suspicious_quality": "False",
  "suspicious_timing": "False",
  "suspicious_opening": true,
  "overall_suspicion_score": -624.324741078946,
  "analyzed_at": "2025-06-24 12:17:00.511643+00:00",
  "game": null
}