{
  "game_id": 90,
  "acpl": 63.05555555555556,
  "match_rate": 0.3888888888888889,
  "weighted_match_rate": 0.40593636626501367,
  "ipr": 2279.5833333333335,
  "ipr_z_score": 0.0,
  "precision_burst_count": 0,
  "mean_move_time": 8.416666666666666,
  "time_variance": 232.8041958041958,
  "time_complexity_corr": 0.32263119871852225,
  "lag_spike_count": 0,
  "uniformity_score": 0.29118261160325026,
  "clutch_accuracy_diff": NaN,
  "opening_entropy": 4.544507255789622,
  "novelty_depth": 5,
  "second_choice_rate": 0.16666666666666666,
  "opening_breadth": 8,
  "tb_match_rate": NaN,
  "dtz_deviation": NaN,
  "conversion_efficiency": null,
  "suspicious_quality": "False",
  "suspicious_timing": "False",
  "suspicious_opening": true,
  "overall_suspicion_score": 41.121686801980104,
  "analyzed_at": "2025-06-24 12:07:01.987368+00:00",
  "game": null
}