{
  "game_id": 1163,
  "acpl": 41.31707317073171,
  "match_rate": 0.4634146341463415,
  "weighted_match_rate": 0.4701742237494113,
  "ipr": 2350.0731707317073,
  "ipr_z_score": 0.0,
  "precision_burst_count": 0,
  "mean_move_time": 1.0,
  "time_variance": 78.12345679012346,
  "time_complexity_corr": -0.6439754468971485,
  "lag_spike_count": 0,
  "uniformity_score": 0.3471029631674066,
  "clutch_accuracy_diff": NaN,
  "opening_entropy": 4.544507255789622,
  "novelty_depth": 5,
  "second_choice_rate": 0.0975609756097561,
  "opening_breadth": 8,
  "tb_match_rate": NaN,
  "dtz_deviation": NaN,
  "conversion_efficiency": 61,
  "suspicious_quality": "True",
  "suspicious_timing": "False",
  "suspicious_opening": true,
  "overall_suspicion_score": 42.931121627024545,
  "analyzed_at": "2025-06-24 12:19:12.665128+00:00",
  "game": null
}