{
  "game_id": 999,
  "acpl": 36.61904761904762,
  "match_rate": 0.40476190476190477,
  "weighted_match_rate": 0.4214815027430355,
  "ipr": 2305.5,
  "ipr_z_score": 0.0,
  "precision_burst_count": 0,
  "mean_move_time": 14.238095238095237,
  "time_variance": 174.79327060165383,
  "time_complexity_corr": 0.022199675397805263,
  "lag_spike_count": 0,
  "uniformity_score": 0.30396339288427127,
  "clutch_accuracy_diff": NaN,
  "opening_entropy": 4.544507255789622,
  "novelty_depth": 5,
  "second_choice_rate": 0.16666666666666666,
  "opening_breadth": 8,
  "tb_match_rate": NaN,
  "dtz_deviation": NaN,
  "conversion_efficiency": null,
  "suspicious_quality": "True",
  "suspicious_timing": "False",
  "suspicious_opening": true,
  "overall_suspicion_score": 42.13291162453762,
  "analyzed_at": "2025-06-24 12:17:21.694416+00:00",
  "game": null
}