{
  "game_id": 950,
  "acpl": 74.27777777777777,
  "match_rate": 0.2222222222222222,
  "weighted_match_rate": 0.18230954262649413,
  "ipr": 2140.6388888888887,
  "ipr_z_score": 0.0,
  "precision_burst_count": 0,
  "mean_move_time": 10.11111111111111,
  "time_variance": 37.05790297339593,
  "time_complexity_corr": 0.6055106640948957,
  "lag_spike_count": 0,
  "uniformity_score": 0.3838678997864816,
  "clutch_accuracy_diff": NaN,
  "opening_entropy": 4.544507255789622,
  "novelty_depth": 5,
  "second_choice_rate": 0.2222222222222222,
  "opening_breadth": 8,
  "tb_match_rate": NaN,
  "dtz_deviation": NaN,
  "conversion_efficiency": null,
  "suspicious_quality": "False",
  "suspicious_timing": "False",
  "suspicious_opening": true,
  "overall_suspicion_score": 39.33716878225737,
  "analyzed_at": "2025-06-24 12:16:41.219152+00:00",
  "game": null
}