{
  "game_id": 335,
  "acpl": 38.644444444444446,
  "match_rate": 0.4222222222222222,
  "weighted_match_rate": 0.42463174306814666,
  "ipr": 2318.4555555555553,
  "ipr_z_score": 0.0,
  "precision_burst_count": 0,
  "mean_move_time": 21.444444444444443,
  "time_variance": 145.32091868404717,
  "time_complexity_corr": -0.2472897943001883,
  "lag_spike_count": 0,
  "uniformity_score": 0.2699268739677704,
  "clutch_accuracy_diff": NaN,
  "opening_entropy": 4.544507255789622,
  "novelty_depth": 5,
  "second_choice_rate": 0.17777777777777778,
  "opening_breadth": 8,
  "tb_match_rate": NaN,
  "dtz_deviation": NaN,
  "conversion_efficiency": null,
  "suspicious_quality": "False",
  "suspicious_timing": "False",
  "suspicious_opening": true,
  "overall_suspicion_score": 41.353222396970445,
  "analyzed_at": "2025-06-24 12:09:53.798495+00:00",
  "game": null
}