{
  "game_id": 1634,
  "acpl": 30.767441860465116,
  "match_rate": 0.4418604651162791,
  "weighted_match_rate": 0.493335462388132,
  "ipr": 2338.1046511627906,
  "ipr_z_score": 0.0,
  "precision_burst_count": 0,
  "mean_move_time": 0.8837209302325582,
  "time_variance": 77.93926128590971,
  "time_complexity_corr": 0.4264417749052969,
  "lag_spike_count": 2,
  "uniformity_score": 0.3337011406627194,
  "clutch_accuracy_diff": NaN,
  "opening_entropy": 4.544507255789622,
  "novelty_depth": 6,
  "second_choice_rate": 0.16279069767441862,
  "opening_breadth": 7,
  "tb_match_rate": NaN,
  "dtz_deviation": NaN,
  "conversion_efficiency": null,
  "suspicious_quality": "True",
  "suspicious_timing": "False",
  "suspicious_opening": true,
  "overall_suspicion_score": 49.40134687697872,
  "analyzed_at": "2025-06-24 12:24:43.629491+00:00",
  "game": null
}