{
  "game_id": 1343,
  "acpl": 4817.555555555556,
  "match_rate": 0.3968253968253968,
  "weighted_match_rate": 0.4188642901950069,
  "ipr": -91.31746031746025,
  "ipr_z_score": 0.0,
  "precision_burst_count": 0,
  "mean_move_time": 1.1746031746031746,
  "time_variance": 32.78526984126983,
  "time_complexity_corr": -0.25926598298551295,
  "lag_spike_count": 1,
  "uniformity_score": 0.32732907873849837,
  "clutch_accuracy_diff": NaN,
  "opening_entropy": 4.544507255789622,
  "novelty_depth": 5,
  "second_choice_rate": 0.09523809523809523,
  "opening_breadth": 8,
  "tb_match_rate": NaN,
  "dtz_deviation": NaN,
  "conversion_efficiency": 95,
  "suspicious_quality": "False",
  "suspicious_timing": "False",
  "suspicious_opening": true,
  "overall_suspicion_score": -722.9289991604129,
  "analyzed_at": "2025-06-24 12:21:22.771806+00:00",
  "game": null
}