{
  "game_id": 1026,
  "acpl": 44.130434782608695,
  "match_rate": 0.391304347826087,
  "weighted_match_rate": 0.3865867721324952,
  "ipr": 2290.978260869565,
  "ipr_z_score": 0.0,
  "precision_burst_count": 0,
  "mean_move_time": 0.7971014492753623,
  "time_variance": 1368.571670369195,
  "time_complexity_corr": 0.2219670862275463,
  "lag_spike_count": 0,
  "uniformity_score": 0.3568368477191529,
  "clutch_accuracy_diff": NaN,
  "opening_entropy": 4.544507255789622,
  "novelty_depth": 5,
  "second_choice_rate": 0.2318840579710145,
  "opening_breadth": 8,
  "tb_match_rate": NaN,
  "dtz_deviation": NaN,
  "conversion_efficiency": 120,
  "suspicious_quality": "False",
  "suspicious_timing": "False",
  "suspicious_opening": true,
  "overall_suspicion_score": 43.508873048619336,
  "analyzed_at": "2025-06-24 12:17:39.872503+00:00",
  "game": null
}