{
  "game_id": 1793,
  "acpl": 84.91489361702128,
  "match_rate": 0.2553191489361702,
  "weighted_match_rate": 0.26512690022579277,
  "ipr": 2161.7978723404253,
  "ipr_z_score": 0.0,
  "precision_burst_count": 0,
  "mean_move_time": 14.872340425531915,
  "time_variance": 88.45420411878483,
  "time_complexity_corr": 0.3232591149232072,
  "lag_spike_count": 0,
  "uniformity_score": 0.38634269402282617,
  "clutch_accuracy_diff": NaN,
  "opening_entropy": 4.544507255789622,
  "novelty_depth": 5,
  "second_choice_rate": 0.1702127659574468,
  "opening_breadth": 8,
  "tb_match_rate": NaN,
  "dtz_deviation": NaN,
  "conversion_efficiency": null,
  "suspicious_quality": "False",
  "suspicious_timing": "False",
  "suspicious_opening": true,
  "overall_suspicion_score": 35.52899222304557,
  "analyzed_at": "2025-06-24 12:26:39.676329+00:00",
  "game": null
}