{
  "game_id": 523,
  "acpl": 57.93333333333333,
  "match_rate": 0.32,
  "weighted_match_rate": 0.33054261602316737,
  "ipr": 2227.0333333333333,
  "ipr_z_score": 0.0,
  "precision_burst_count": 0,
  "mean_move_time": 0.9333333333333333,
  "time_variance": 778.82774049217,
  "time_complexity_corr": -0.2679542695244223,
  "lag_spike_count": 0,
  "uniformity_score": 0.3630376356707961,
  "clutch_accuracy_diff": NaN,
  "opening_entropy": 4.544507255789622,
  "novelty_depth": 5,
  "second_choice_rate": 0.22666666666666666,
  "opening_breadth": 8,
  "tb_match_rate": NaN,
  "dtz_deviation": NaN,
  "conversion_efficiency": null,
  "suspicious_quality": "False",
  "suspicious_timing": "False",
  "suspicious_opening": true,
  "overall_suspicion_score": 37.07514850482963,
  "analyzed_at": "2025-06-24 12:11:57.314505+00:00",
  "game": null
}