{
  "game_id": 698,
  "acpl": 4122.8105263157895,
  "match_rate": 0.3157894736842105,
  "weighted_match_rate": 0.33533381156975167,
  "ipr": 191.22631578947357,
  "ipr_z_score": 0.0,
  "precision_burst_count": 0,
  "mean_move_time": 0.9157894736842105,
  "time_variance": 292.5431356168198,
  "time_complexity_corr": 0.18344734510956243,
  "lag_spike_count": 0,
  "uniformity_score": 0.3362147002065729,
  "clutch_accuracy_diff": NaN,
  "opening_entropy": 4.544507255789622,
  "novelty_depth": 6,
  "second_choice_rate": 0.18947368421052632,
  "opening_breadth": 7,
  "tb_match_rate": NaN,
  "dtz_deviation": NaN,
  "conversion_efficiency": 150,
  "suspicious_quality": "False",
  "suspicious_timing": "False",
  "suspicious_opening": true,
  "overall_suspicion_score": -611.7404292210271,
  "analyzed_at": "2025-06-24 12:13:55.823235+00:00",
  "game": null
}