{
  "game_id": 746,
  "acpl": 7905.267326732674,
  "match_rate": 0.40594059405940597,
  "weighted_match_rate": 0.4343894926987079,
  "ipr": -1627.8811881188121,
  "ipr_z_score": 0.0,
  "precision_burst_count": 0,
  "mean_move_time": 1.0396039603960396,
  "time_variance": 283.52081178267076,
  "time_complexity_corr": -0.4718666129921958,
  "lag_spike_count": 1,
  "uniformity_score": 0.33162652154546474,
  "clutch_accuracy_diff": NaN,
  "opening_entropy": 4.544507255789622,
  "novelty_depth": 6,
  "second_choice_rate": 0.1485148514851485,
  "opening_breadth": 8,
  "tb_match_rate": NaN,
  "dtz_deviation": NaN,
  "conversion_efficiency": 184,
  "suspicious_quality": "False",
  "suspicious_timing": "False",
  "suspicious_opening": true,
  "overall_suspicion_score": -1217.0134797168123,
  "analyzed_at": "2025-06-24 12:14:26.545253+00:00",
  "game": null
}