{
  "game_id": 1165,
  "acpl": 4676.476923076923,
  "match_rate": 0.26153846153846155,
  "weighted_match_rate": 0.2592196613004265,
  "ipr": -129.00769230769265,
  "ipr_z_score": 0.0,
  "precision_burst_count": 0,
  "mean_move_time": 0.9692307692307692,
  "time_variance": 25.952534287418008,
  "time_complexity_corr": 0.23958613149391164,
  "lag_spike_count": 1,
  "uniformity_score": 0.343833748586563,
  "clutch_accuracy_diff": NaN,
  "opening_entropy": 4.544507255789622,
  "novelty_depth": 5,
  "second_choice_rate": 0.13846153846153847,
  "opening_breadth": 8,
  "tb_match_rate": NaN,
  "dtz_deviation": NaN,
  "conversion_efficiency": 102,
  "suspicious_quality": "False",
  "suspicious_timing": "False",
  "suspicious_opening": true,
  "overall_suspicion_score": -700.6944617172352,
  "analyzed_at": "2025-06-24 12:19:20.970930+00:00",
  "game": null
}