{
  "game_id": 150,
  "acpl": 3639.4,
  "match_rate": 0.36363636363636365,
  "weighted_match_rate": 0.3885197140150823,
  "ipr": 471.20909090909095,
  "ipr_z_score": 0.0,
  "precision_burst_count": 0,
  "mean_move_time": 18.0,
  "time_variance": 77.11415525114155,
  "time_complexity_corr": -0.5371988198076552,
  "lag_spike_count": 0,
  "uniformity_score": 0.3479796303629353,
  "clutch_accuracy_diff": NaN,
  "opening_entropy": 4.544507255789622,
  "novelty_depth": 5,
  "second_choice_rate": 0.18181818181818182,
  "opening_breadth": 8,
  "tb_match_rate": NaN,
  "dtz_deviation": NaN,
  "conversion_efficiency": 205,
  "suspicious_quality": "False",
  "suspicious_timing": "False",
  "suspicious_opening": true,
  "overall_suspicion_score": -534.9283816886459,
  "analyzed_at": "2025-06-24 12:07:46.028756+00:00",
  "game": null
}