{
  "game_id": 645,
  "acpl": 5188.51282051282,
  "match_rate": 0.3076923076923077,
  "weighted_match_rate": 0.33184956772601026,
  "ipr": -348.102564102564,
  "ipr_z_score": 0.0,
  "precision_burst_count": 0,
  "mean_move_time": 1.3333333333333333,
  "time_variance": 119.08817204301079,
  "time_complexity_corr": 0.3388085437207374,
  "lag_spike_count": 8,
  "uniformity_score": 0.2909400134329416,
  "clutch_accuracy_diff": NaN,
  "opening_entropy": 4.544507255789622,
  "novelty_depth": 5,
  "second_choice_rate": 0.10256410256410256,
  "opening_breadth": 8,
  "tb_match_rate": NaN,
  "dtz_deviation": NaN,
  "conversion_efficiency": null,
  "suspicious_quality": "False",
  "suspicious_timing": "False",
  "suspicious_opening": true,
  "overall_suspicion_score": -780.6156918126104,
  "analyzed_at": "2025-06-24 12:13:19.735342+00:00",
  "game": null
}