{
  "game_id": 1632,
  "acpl": 54.69230769230769,
  "match_rate": 0.3076923076923077,
  "weighted_match_rate": 0.33281363131806785,
  "ipr": 2218.8076923076924,
  "ipr_z_score": 0.0,
  "precision_burst_count": 0,
  "mean_move_time": 22.512820512820515,
  "time_variance": 444.63854425144746,
  "time_complexity_corr": 0.47761390696768363,
  "lag_spike_count": 0,
  "uniformity_score": 0.25121936055289407,
  "clutch_accuracy_diff": NaN,
  "opening_entropy": 4.544507255789622,
  "novelty_depth": 5,
  "second_choice_rate": 0.28205128205128205,
  "opening_breadth": 8,
  "tb_match_rate": NaN,
  "dtz_deviation": NaN,
  "conversion_efficiency": null,
  "suspicious_quality": "False",
  "suspicious_timing": "False",
  "suspicious_opening": true,
  "overall_suspicion_score": 42.0457178813625,
  "analyzed_at": "2025-06-24 12:24:48.346692+00:00",
  "game": null
}