{
  "game_id": 154,
  "acpl": 6676.866666666667,
  "match_rate": 0.5333333333333333,
  "weighted_match_rate": 0.495521828972299,
  "ipr": -911.7666666666669,
  "ipr_z_score": 0.0,
  "precision_burst_count": 0,
  "mean_move_time": 0.7333333333333333,
  "time_variance": 17.44367816091954,
  "time_complexity_corr": -0.26269193616282704,
  "lag_spike_count": 1,
  "uniformity_score": 0.32245035450507054,
  "clutch_accuracy_diff": NaN,
  "opening_entropy": 4.544507255789622,
  "novelty_depth": 5,
  "second_choice_rate": 0.13333333333333333,
  "opening_breadth": 8,
  "tb_match_rate": NaN,
  "dtz_deviation": NaN,
  "conversion_efficiency": 22,
  "suspicious_quality": "False",
  "suspicious_timing": "False",
  "suspicious_opening": true,
  "overall_suspicion_score": -1017.9217752876857,
  "analyzed_at": "2025-06-24 12:07:37.330964+00:00",
  "game": null
}