{
  "game_id": 879,
  "acpl": 1343.7532467532467,
  "match_rate": 0.33766233766233766,
  "weighted_match_rate": 0.3354934704361756,
  "ipr": 1598.253246753247,
  "ipr_z_score": 0.0,
  "precision_burst_count": 0,
  "mean_move_time": 20.064935064935064,
  "time_variance": 67.00554168958078,
  "time_complexity_corr": -0.16057879325535993,
  "lag_spike_count": 0,
  "uniformity_score": 0.36395852108155097,
  "clutch_accuracy_diff": NaN,
  "opening_entropy": 4.544507255789622,
  "novelty_depth": 5,
  "second_choice_rate": 0.12987012987012986,
  "opening_breadth": 8,
  "tb_match_rate": NaN,
  "dtz_deviation": NaN,
  "conversion_efficiency": null,
  "suspicious_quality": "False",
  "suspicious_timing": "False",
  "suspicious_opening": true,
  "overall_suspicion_score": -168.3731682698179,
  "analyzed_at": "2025-06-24 12:16:03.459001+00:00",
  "game": null
}