{
  "game_id": 705,
  "acpl": 3899.846153846154,
  "match_rate": 0.2692307692307692,
  "weighted_match_rate": 0.3045319035352915,
  "ipr": 265.46153846153857,
  "ipr_z_score": 0.0,
  "precision_burst_count": 0,
  "mean_move_time": 2.9615384615384617,
  "time_variance": 52.3091859596714,
  "time_complexity_corr": 0.15601865607746504,
  "lag_spike_count": 0,
  "uniformity_score": 0.299916075758915,
  "clutch_accuracy_diff": NaN,
  "opening_entropy": 4.544507255789622,
  "novelty_depth": 5,
  "second_choice_rate": 0.07692307692307693,
  "opening_breadth": 7,
  "tb_match_rate": NaN,
  "dtz_deviation": NaN,
  "conversion_efficiency": null,
  "suspicious_quality": "False",
  "suspicious_timing": "False",
  "suspicious_opening": true,
  "overall_suspicion_score": -577.3910483942373,
  "analyzed_at": "2025-06-24 12:13:56.493791+00:00",
  "game": null
}