{
  "game_id": 142,
  "acpl": 1754.3050847457628,
  "match_rate": 0.3389830508474576,
  "weighted_match_rate": 0.339025940640005,
  "ipr": 1394.0338983050847,
  "ipr_z_score": 0.0,
  "precision_burst_count": 0,
  "mean_move_time": 14.728813559322035,
  "time_variance": 112.57295347998557,
  "time_complexity_corr": -0.6839529164564656,
  "lag_spike_count": 4,
  "uniformity_score": 0.2765681202078236,
  "clutch_accuracy_diff": NaN,
  "opening_entropy": 4.544507255789622,
  "novelty_depth": 5,
  "second_choice_rate": 0.2542372881355932,
  "opening_breadth": 8,
  "tb_match_rate": NaN,
  "dtz_deviation": NaN,
  "conversion_efficiency": null,
  "suspicious_quality": "False",
  "suspicious_timing": "False",
  "suspicious_opening": true,
  "overall_suspicion_score": -235.09560415887475,
  "analyzed_at": "2025-06-24 12:07:47.711332+00:00",
  "game": null
}