{
  "game_id": 921,
  "acpl": 41.36619718309859,
  "match_rate": 0.3380281690140845,
  "weighted_match_rate": 0.3535065770938922,
  "ipr": 2249.739436619718,
  "ipr_z_score": 0.0,
  "precision_burst_count": 0,
  "mean_move_time": 0.30985915492957744,
  "time_variance": 1092.2153631005892,
  "time_complexity_corr": -0.38213790960200567,
  "lag_spike_count": 0,
  "uniformity_score": 0.36314108023656994,
  "clutch_accuracy_diff": NaN,
  "opening_entropy": 4.544507255789622,
  "novelty_depth": 5,
  "second_choice_rate": 0.22535211267605634,
  "opening_breadth": 8,
  "tb_match_rate": NaN,
  "dtz_deviation": NaN,
  "conversion_efficiency": null,
  "suspicious_quality": "False",
  "suspicious_timing": "False",
  "suspicious_opening": true,
  "overall_suspicion_score": 40.21908890695707,
  "analyzed_at": "2025-06-24 12:16:26.960556+00:00",
  "game": null
}