{
  "game_id": 1120,
  "acpl": 2640.769230769231,
  "match_rate": 0.3333333333333333,
  "weighted_match_rate": 0.3371852792961538,
  "ipr": 946.2820512820513,
  "ipr_z_score": 0.0,
  "precision_burst_count": 0,
  "mean_move_time": -5.0256410256410255,
  "time_variance": 30.838047973531847,
  "time_complexity_corr": 0.17769742056546958,
  "lag_spike_count": 8,
  "uniformity_score": 0.5296152170485899,
  "clutch_accuracy_diff": NaN,
  "opening_entropy": 4.544507255789622,
  "novelty_depth": 6,
  "second_choice_rate": 0.23076923076923078,
  "opening_breadth": 7,
  "tb_match_rate": NaN,
  "dtz_deviation": NaN,
  "conversion_efficiency": 133,
  "suspicious_quality": "False",
  "suspicious_timing": "False",
  "suspicious_opening": true,
  "overall_suspicion_score": -372.03544560134736,
  "analyzed_at": "2025-06-24 12:18:47.343254+00:00",
  "game": null
}