{
  "game_id": 355,
  "acpl": 64.24137931034483,
  "match_rate": 0.13793103448275862,
  "weighted_match_rate": 0.14693285763718827,
  "ipr": 2078.2241379310344,
  "ipr_z_score": 0.0,
  "precision_burst_count": 0,
  "mean_move_time": 40.0,
  "time_variance": 836.4521739130435,
  "time_complexity_corr": 0.8114447187040311,
  "lag_spike_count": 0,
  "uniformity_score": 0.24839447783171353,
  "clutch_accuracy_diff": NaN,
  "opening_entropy": 4.544507255789622,
  "novelty_depth": 5,
  "second_choice_rate": 0.27586206896551724,
  "opening_breadth": 8,
  "tb_match_rate": NaN,
  "dtz_deviation": NaN,
  "conversion_efficiency": 88,
  "suspicious_quality": "False",
  "suspicious_timing": "True",
  "suspicious_opening": true,
  "overall_suspicion_score": 40.387735972480996,
  "analyzed_at": "2025-06-24 12:10:03.831212+00:00",
  "game": null
}