{
  "game_id": 643,
  "acpl": 52.204819277108435,
  "match_rate": 0.3855421686746988,
  "weighted_match_rate": 0.37416669767578625,
  "ipr": 2282.3313253012047,
  "ipr_z_score": 0.0,
  "precision_burst_count": 0,
  "mean_move_time": 1.2530120481927711,
  "time_variance": 653.4265060240964,
  "time_complexity_corr": -0.30349495908292456,
  "lag_spike_count": 2,
  "uniformity_score": 0.34159159991567073,
  "clutch_accuracy_diff": NaN,
  "opening_entropy": 4.544507255789622,
  "novelty_depth": 5,
  "second_choice_rate": 0.1566265060240964,
  "opening_breadth": 8,
  "tb_match_rate": NaN,
  "dtz_deviation": NaN,
  "conversion_efficiency": 137,
  "suspicious_quality": "False",
  "suspicious_timing": "False",
  "suspicious_opening": true,
  "overall_suspicion_score": 39.03363031081435,
  "analyzed_at": "2025-06-24 12:13:18.256550+00:00",
  "game": null
}