{
  "game_id": 81,
  "acpl": 28.6,
  "match_rate": 0.3333333333333333,
  "weighted_match_rate": 0.3593975376414467,
  "ipr": 2252.366666666667,
  "ipr_z_score": 0.0,
  "precision_burst_count": 0,
  "mean_move_time": 39.46666666666667,
  "time_variance": 681.9316526610644,
  "time_complexity_corr": -0.10886558941501749,
  "lag_spike_count": 0,
  "uniformity_score": 0.30463352867403004,
  "clutch_accuracy_diff": NaN,
  "opening_entropy": 4.544507255789622,
  "novelty_depth": 5,
  "second_choice_rate": 0.13333333333333333,
  "opening_breadth": 8,
  "tb_match_rate": NaN,
  "dtz_deviation": NaN,
  "conversion_efficiency": null,
  "suspicious_quality": "False",
  "suspicious_timing": "False",
  "suspicious_opening": true,
  "overall_suspicion_score": 41.54468956012274,
  "analyzed_at": "2025-06-24 12:06:52.086516+00:00",
  "game": null
}