{
  "game_id": 1086,
  "acpl": 43.63265306122449,
  "match_rate": 0.40816326530612246,
  "weighted_match_rate": 0.4178350852584658,
  "ipr": 2304.714285714286,
  "ipr_z_score": 0.0,
  "precision_burst_count": 0,
  "mean_move_time": 0.4897959183673469,
  "time_variance": 98.4792762465811,
  "time_complexity_corr": -0.08727214912200115,
  "lag_spike_count": 0,
  "uniformity_score": 0.3327079111321911,
  "clutch_accuracy_diff": NaN,
  "opening_entropy": 4.544507255789622,
  "novelty_depth": 5,
  "second_choice_rate": 0.14285714285714285,
  "opening_breadth": 8,
  "tb_match_rate": NaN,
  "dtz_deviation": NaN,
  "conversion_efficiency": null,
  "suspicious_quality": "False",
  "suspicious_timing": "False",
  "suspicious_opening": true,
  "overall_suspicion_score": 41.08960460613153,
  "analyzed_at": "2025-06-24 12:18:20.912858+00:00",
  "game": null
}