{
  "game_id": 763,
  "acpl": 43.57575757575758,
  "match_rate": 0.30303030303030304,
  "weighted_match_rate": 0.321557395989245,
  "ipr": 2220.6363636363635,
  "ipr_z_score": 0.0,
  "precision_burst_count": 0,
  "mean_move_time": 0.5151515151515151,
  "time_variance": 24.93053613053613,
  "time_complexity_corr": 0.3008762199839038,
  "lag_spike_count": 2,
  "uniformity_score": 0.3947972562087176,
  "clutch_accuracy_diff": NaN,
  "opening_entropy": 4.544507255789622,
  "novelty_depth": 6,
  "second_choice_rate": 0.21212121212121213,
  "opening_breadth": 7,
  "tb_match_rate": NaN,
  "dtz_deviation": NaN,
  "conversion_efficiency": null,
  "suspicious_quality": "False",
  "suspicious_timing": "False",
  "suspicious_opening": true,
  "overall_suspicion_score": 42.818849628521136,
  "analyzed_at": "2025-06-24 12:14:34.924095+00:00",
  "game": null
}