{
  "game_id": 162,
  "acpl": 61.54545454545455,
  "match_rate": 0.3939393939393939,
  "weighted_match_rate": 0.43515897894088706,
  "ipr": 2284.378787878788,
  "ipr_z_score": 0.0,
  "precision_burst_count": 0,
  "mean_move_time": 0.21212121212121213,
  "time_variance": 30.569696969696974,
  "time_complexity_corr": -0.3533216366002616,
  "lag_spike_count": 0,
  "uniformity_score": 0.332175721285932,
  "clutch_accuracy_diff": NaN,
  "opening_entropy": 4.544507255789622,
  "novelty_depth": 5,
  "second_choice_rate": 0.030303030303030304,
  "opening_breadth": 8,
  "tb_match_rate": NaN,
  "dtz_deviation": NaN,
  "conversion_efficiency": null,
  "suspicious_quality": "False",
  "suspicious_timing": "False",
  "suspicious_opening": true,
  "overall_suspicion_score": 38.254104263364795,
  "analyzed_at": "2025-06-24 12:07:48.869834+00:00",
  "game": null
}