{
  "game_id": 1484,
  "acpl": 46.57142857142857,
  "match_rate": 0.47619047619047616,
  "weighted_match_rate": 0.4833763891913192,
  "ipr": 2357.6666666666665,
  "ipr_z_score": 0.0,
  "precision_burst_count": 0,
  "mean_move_time": 0.38095238095238093,
  "time_variance": 13.412311265969803,
  "time_complexity_corr": -0.0809838851371977,
  "lag_spike_count": 2,
  "uniformity_score": 0.3761639313231792,
  "clutch_accuracy_diff": NaN,
  "opening_entropy": 4.544507255789622,
  "novelty_depth": 5,
  "second_choice_rate": 0.09523809523809523,
  "opening_breadth": 8,
  "tb_match_rate": NaN,
  "dtz_deviation": NaN,
  "conversion_efficiency": 31,
  "suspicious_quality": "True",
  "suspicious_timing": "False",
  "suspicious_opening": true,
  "overall_suspicion_score": 42.76542295469272,
  "analyzed_at": "2025-06-24 12:22:56.454309+00:00",
  "game": null
}