{
  "game_id": 1433,
  "acpl": 2264.1111111111113,
  "match_rate": 0.3111111111111111,
  "weighted_match_rate": 0.28854421455564505,
  "ipr": 1116.8333333333333,
  "ipr_z_score": 0.0,
  "precision_burst_count": 0,
  "mean_move_time": 1.9555555555555555,
  "time_variance": 23.571036204744072,
  "time_complexity_corr": -0.4040179090912961,
  "lag_spike_count": 3,
  "uniformity_score": 0.2973087785410856,
  "clutch_accuracy_diff": NaN,
  "opening_entropy": 4.544507255789622,
  "novelty_depth": 5,
  "second_choice_rate": 0.08888888888888889,
  "opening_breadth": 8,
  "tb_match_rate": NaN,
  "dtz_deviation": NaN,
  "conversion_efficiency": 71,
  "suspicious_quality": "False",
  "suspicious_timing": "False",
  "suspicious_opening": true,
  "overall_suspicion_score": -317.34555413801314,
  "analyzed_at": "2025-06-24 12:22:26.830261+00:00",
  "game": null
}