{
  "game_id": 67,
  "acpl": 5281.421052631579,
  "match_rate": 0.5789473684210527,
  "weighted_match_rate": 0.5616402771822396,
  "ipr": -177.5526315789475,
  "ipr_z_score": 0.0,
  "precision_burst_count": 0,
  "mean_move_time": 1.9473684210526316,
  "time_variance": 488.69985775248927,
  "time_complexity_corr": -0.5992100769353901,
  "lag_spike_count": 0,
  "uniformity_score": 0.3544801843274634,
  "clutch_accuracy_diff": NaN,
  "opening_entropy": 4.544507255789622,
  "novelty_depth": 5,
  "second_choice_rate": 0.15789473684210525,
  "opening_breadth": 8,
  "tb_match_rate": NaN,
  "dtz_deviation": NaN,
  "conversion_efficiency": 29,
  "suspicious_quality": "False",
  "suspicious_timing": "False",
  "suspicious_opening": true,
  "overall_suspicion_score": -792.9093143697197,
  "analyzed_at": "2025-06-24 12:06:28.335901+00:00",
  "game": null
}