{
  "game_id": 785,
  "acpl": 7713.376623376624,
  "match_rate": 0.25,
  "weighted_match_rate": 0.2503995855685164,
  "ipr": -1656.6883116883118,
  "ipr_z_score": 0.0,
  "precision_burst_count": 0,
  "mean_move_time": 35.75974025974026,
  "time_variance": 802.1310123101654,
  "time_complexity_corr": -0.5779743163481635,
  "lag_spike_count": 0,
  "uniformity_score": 0.3238418305017274,
  "clutch_accuracy_diff": NaN,
  "opening_entropy": 4.544507255789622,
  "novelty_depth": 1,
  "second_choice_rate": 0.1266233766233766,
  "opening_breadth": 8,
  "tb_match_rate": NaN,
  "dtz_deviation": NaN,
  "conversion_efficiency": null,
  "suspicious_quality": "False",
  "suspicious_timing": "False",
  "suspicious_opening": true,
  "overall_suspicion_score": -1188.4874418321658,
  "analyzed_at": "2025-06-24 12:15:03.130746+00:00",
  "game": null
}  "game": null
}