{
  "game_id": 1307,
  "acpl": 4863.060240963855,
  "match_rate": 0.3614457831325301,
  "weighted_match_rate": 0.3969552266013651,
  "ipr": -142.37349397590333,
  "ipr_z_score": 0.0,
  "precision_burst_count": 0,
  "mean_move_time": 1.1204819277108433,
  "time_variance": 699.0156991602777,
  "time_complexity_corr": 0.1715497010362522,
  "lag_spike_count": 2,
  "uniformity_score": 0.3603275341785094,
  "clutch_accuracy_diff": NaN,
  "opening_entropy": 4.544507255789622,
  "novelty_depth": 5,
  "second_choice_rate": 0.24096385542168675,
  "opening_breadth": 7,
  "tb_match_rate": NaN,
  "dtz_deviation": NaN,
  "conversion_efficiency": 131,
  "suspicious_quality": "False",
  "suspicious_timing": "False",
  "suspicious_opening": true,
  "overall_suspicion_score": -728.3403609972256,
  "analyzed_at": "2025-06-24 12:20:55.977998+00:00",
  "game": null
}