{
  "game_id": 1742,
  "acpl": 39.44736842105263,
  "match_rate": 0.34210526315789475,
  "weighted_match_rate": 0.39108911052072753,
  "ipr": 2253.9605263157896,
  "ipr_z_score": 0.0,
  "precision_burst_count": 0,
  "mean_move_time": -12.68421052631579,
  "time_variance": 87.84663645869642,
  "time_complexity_corr": -0.1648086133631304,
  "lag_spike_count": 0,
  "uniformity_score": 0.8282372645760818,
  "clutch_accuracy_diff": NaN,
  "opening_entropy": 4.544507255789622,
  "novelty_depth": 5,
  "second_choice_rate": 0.21052631578947367,
  "opening_breadth": 8,
  "tb_match_rate": NaN,
  "dtz_deviation": NaN,
  "conversion_efficiency": null,
  "suspicious_quality": "False",
  "suspicious_timing": "False",
  "suspicious_opening": true,
  "overall_suspicion_score": 46.83971934397607,
  "analyzed_at": "2025-06-24 12:25:55.983826+00:00",
  "game": null
}