{
  "game_id": 829,
  "acpl": 3365.133333333333,
  "match_rate": 0.23333333333333334,
  "weighted_match_rate": 0.2386152887592298,
  "ipr": 504.10000000000014,
  "ipr_z_score": 0.0,
  "precision_burst_count": 0,
  "mean_move_time": 5.8,
  "time_variance": 38.41344537815125,
  "time_complexity_corr": -0.13594319616084852,
  "lag_spike_count": 0,
  "uniformity_score": 0.3218255791611824,
  "clutch_accuracy_diff": NaN,
  "opening_entropy": 4.544507255789622,
  "novelty_depth": 5,
  "second_choice_rate": 0.16666666666666666,
  "opening_breadth": 8,
  "tb_match_rate": NaN,
  "dtz_deviation": NaN,
  "conversion_efficiency": null,
  "suspicious_quality": "False",
  "suspicious_timing": "False",
  "suspicious_opening": true,
  "overall_suspicion_score": -494.73513012870774,
  "analyzed_at": "2025-06-24 12:15:24.626997+00:00",
  "game": null
}