{
  "game_id": 595,
  "acpl": 2482.1788617886177,
  "match_rate": 0.3170731707317073,
  "weighted_match_rate": 0.32105016668233105,
  "ipr": 1012.569105691057,
  "ipr_z_score": 0.0,
  "precision_burst_count": 0,
  "mean_move_time": 0.5528455284552846,
  "time_variance": 707.2522979923677,
  "time_complexity_corr": 0.11223901448928313,
  "lag_spike_count": 0,
  "uniformity_score": 0.34602051193724914,
  "clutch_accuracy_diff": NaN,
  "opening_entropy": 4.544507255789622,
  "novelty_depth": 5,
  "second_choice_rate": 0.2032520325203252,
  "opening_breadth": 8,
  "tb_match_rate": NaN,
  "dtz_deviation": NaN,
  "conversion_efficiency": 211,
  "suspicious_quality": "False",
  "suspicious_timing": "False",
  "suspicious_opening": true,
  "overall_suspicion_score": -349.7628937568787,
  "analyzed_at": "2025-06-24 12:12:49.853275+00:00",
  "game": null
}