{
  "game_id": 603,
  "acpl": 46.05555555555556,
  "match_rate": 0.3888888888888889,
  "weighted_match_rate": 0.3624877146123443,
  "ipr": 2288.0833333333335,
  "ipr_z_score": 0.0,
  "precision_burst_count": 0,
  "mean_move_time": 8.833333333333334,
  "time_variance": 36.647887323943664,
  "time_complexity_corr": 0.2458527388801598,
  "lag_spike_count": 0,
  "uniformity_score": 0.33873837923373096,
  "clutch_accuracy_diff": NaN,
  "opening_entropy": 4.544507255789622,
  "novelty_depth": 5,
  "second_choice_rate": 0.1111111111111111,
  "opening_breadth": 8,
  "tb_match_rate": NaN,
  "dtz_deviation": NaN,
  "conversion_efficiency": null,
  "suspicious_quality": "False",
  "suspicious_timing": "False",
  "suspicious_opening": true,
  "overall_suspicion_score": 42.95501932954954,
  "analyzed_at": "2025-06-24 12:12:42.062014+00:00",
  "game": null
}