{
  "game_id": 256,
  "acpl": 72.68852459016394,
  "match_rate": 0.36065573770491804,
  "weighted_match_rate": 0.36742495547125054,
  "ipr": 2252.1803278688526,
  "ipr_z_score": 0.0,
  "precision_burst_count": 0,
  "mean_move_time": 1.6557377049180328,
  "time_variance": 2457.68215688931,
  "time_complexity_corr": -0.48105798009135803,
  "lag_spike_count": 0,
  "uniformity_score": 0.3416047345295678,
  "clutch_accuracy_diff": NaN,
  "opening_entropy": 4.544507255789622,
  "novelty_depth": 5,
  "second_choice_rate": 0.16393442622950818,
  "opening_breadth": 8,
  "tb_match_rate": NaN,
  "dtz_deviation": NaN,
  "conversion_efficiency": 92,
  "suspicious_quality": "False",
  "suspicious_timing": "False",
  "suspicious_opening": true,
  "overall_suspicion_score": 35.37686356530739,
  "analyzed_at": "2025-06-24 12:08:51.695941+00:00",
  "game": null
}