{
  "game_id": 1424,
  "acpl": 33.43037974683544,
  "match_rate": 0.4936708860759494,
  "weighted_match_rate": 0.4852009907028346,
  "ipr": 2378.221518987342,
  "ipr_z_score": 0.0,
  "precision_burst_count": 0,
  "mean_move_time": 0.5443037974683544,
  "time_variance": 485.880190276546,
  "time_complexity_corr": 0.4290921005967361,
  "lag_spike_count": 0,
  "uniformity_score": 0.3735951522520225,
  "clutch_accuracy_diff": NaN,
  "opening_entropy": 4.544507255789622,
  "novelty_depth": 5,
  "second_choice_rate": 0.1518987341772152,
  "opening_breadth": 8,
  "tb_match_rate": NaN,
  "dtz_deviation": NaN,
  "conversion_efficiency": 136,
  "suspicious_quality": "True",
  "suspicious_timing": "False",
  "suspicious_opening": true,
  "overall_suspicion_score": 50.43119242246122,
  "analyzed_at": "2025-06-24 12:22:25.907457+00:00",
  "game": null
}