{
  "game_id": 1825,
  "acpl": 5306.736842105263,
  "match_rate": 0.2631578947368421,
  "weighted_match_rate": 0.29213948363788406,
  "ipr": -442.8421052631579,
  "ipr_z_score": 0.0,
  "precision_burst_count": 0,
  "mean_move_time": 0.3684210526315789,
  "time_variance": 16.662456140350876,
  "time_complexity_corr": -0.42066660811574,
  "lag_spike_count": 0,
  "uniformity_score": 0.30776935565376945,
  "clutch_accuracy_diff": NaN,
  "opening_entropy": 4.544507255789622,
  "novelty_depth": 5,
  "second_choice_rate": 0.10526315789473684,
  "opening_breadth": 8,
  "tb_match_rate": NaN,
  "dtz_deviation": NaN,
  "conversion_efficiency": null,
  "suspicious_quality": "False",
  "suspicious_timing": "False",
  "suspicious_opening": true,
  "overall_suspicion_score": -804.5672092506732,
  "analyzed_at": "2025-06-24 12:26:52.097991+00:00",
  "game": null
}