{
  "game_id": 258,
  "acpl": 1271.8685714285714,
  "match_rate": 0.34285714285714286,
  "weighted_match_rate": 0.3461806848127881,
  "ipr": 1638.3514285714286,
  "ipr_z_score": 0.0,
  "precision_burst_count": 0,
  "mean_move_time": 0.5485714285714286,
  "time_variance": 661.4288661481785,
  "time_complexity_corr": 0.4088679831009483,
  "lag_spike_count": 0,
  "uniformity_score": 0.3408456166482434,
  "clutch_accuracy_diff": NaN,
  "opening_entropy": 4.544507255789622,
  "novelty_depth": 5,
  "second_choice_rate": 0.21142857142857144,
  "opening_breadth": 8,
  "tb_match_rate": NaN,
  "dtz_deviation": NaN,
  "conversion_efficiency": 296,
  "suspicious_quality": "False",
  "suspicious_timing": "False",
  "suspicious_opening": true,
  "overall_suspicion_score": -151.85909749966737,
  "analyzed_at": "2025-06-24 12:09:08.411816+00:00",
  "game": null
}