{
  "game_id": 905,
  "acpl": 126.25263157894737,
  "match_rate": 0.29473684210526313,
  "weighted_match_rate": 0.30909348026083305,
  "ipr": 2172.6631578947367,
  "ipr_z_score": 0.0,
  "precision_burst_count": 0,
  "mean_move_time": 1.105263157894737,
  "time_variance": 841.6608187134501,
  "time_complexity_corr": 0.28823215193072904,
  "lag_spike_count": 0,
  "uniformity_score": 0.35708356372515815,
  "clutch_accuracy_diff": NaN,
  "opening_entropy": 4.544507255789622,
  "novelty_depth": 5,
  "second_choice_rate": 0.18947368421052632,
  "opening_breadth": 8,
  "tb_match_rate": NaN,
  "dtz_deviation": NaN,
  "conversion_efficiency": 118,
  "suspicious_quality": "False",
  "suspicious_timing": "False",
  "suspicious_opening": true,
  "overall_suspicion_score": 29.111989261460167,
  "analyzed_at": "2025-06-24 12:16:20.310766+00:00",
  "game": null
}