{
  "game_id": 708,
  "acpl": 5441.135135135135,
  "match_rate": 0.5135135135135135,
  "weighted_match_rate": 0.5960916418202906,
  "ipr": -309.75675675675666,
  "ipr_z_score": 0.0,
  "precision_burst_count": 0,
  "mean_move_time": 12.216216216216216,
  "time_variance": 244.4699393270822,
  "time_complexity_corr": -0.18393059586578328,
  "lag_spike_count": 4,
  "uniformity_score": 0.26030825655116685,
  "clutch_accuracy_diff": NaN,
  "opening_entropy": 4.544507255789622,
  "novelty_depth": 6,
  "second_choice_rate": 0.05405405405405406,
  "opening_breadth": 7,
  "tb_match_rate": NaN,
  "dtz_deviation": NaN,
  "conversion_efficiency": 117,
  "suspicious_quality": "False",
  "suspicious_timing": "False",
  "suspicious_opening": true,
  "overall_suspicion_score": -820.4125065507262,
  "analyzed_at": "2025-06-24 12:13:58.384912+00:00",
  "game": null
}