{
  "game_id": 1082,
  "acpl": 2542.439024390244,
  "match_rate": 0.3170731707317073,
  "weighted_match_rate": 0.32871265561670476,
  "ipr": 982.4390243902438,
  "ipr_z_score": 0.0,
  "precision_burst_count": 0,
  "mean_move_time": 1.0975609756097562,
  "time_variance": 224.13851249623607,
  "time_complexity_corr": -0.0506898684964715,
  "lag_spike_count": 1,
  "uniformity_score": 0.35942583458744803,
  "clutch_accuracy_diff": NaN,
  "opening_entropy": 4.544507255789622,
  "novelty_depth": 6,
  "second_choice_rate": 0.14634146341463414,
  "opening_breadth": 7,
  "tb_match_rate": NaN,
  "dtz_deviation": NaN,
  "conversion_efficiency": 61,
  "suspicious_quality": "False",
  "suspicious_timing": "False",
  "suspicious_opening": true,
  "overall_suspicion_score": -360.947991053915,
  "analyzed_at": "2025-06-24 12:18:18.572953+00:00",
  "game": null
}