{
  "game_id": 103,
  "acpl": 42.774193548387096,
  "match_rate": 0.5161290322580645,
  "weighted_match_rate": 0.5112947221553225,
  "ipr": 2391.516129032258,
  "ipr_z_score": 0.0,
  "precision_burst_count": 0,
  "mean_move_time": 22.548387096774192,
  "time_variance": 164.08707054812484,
  "time_complexity_corr": 0.17085042646237567,
  "lag_spike_count": 0,
  "uniformity_score": 0.28341089660067187,
  "clutch_accuracy_diff": NaN,
  "opening_entropy": 4.544507255789622,
  "novelty_depth": 5,
  "second_choice_rate": 0.0967741935483871,
  "opening_breadth": 8,
  "tb_match_rate": NaN,
  "dtz_deviation": NaN,
  "conversion_efficiency": null,
  "suspicious_quality": "True",
  "suspicious_timing": "False",
  "suspicious_opening": true,
  "overall_suspicion_score": 45.16348062350681,
  "analyzed_at": "2025-06-24 12:07:07.606417+00:00",
  "game": null
}