{
  "game_id": 1327,
  "acpl": 71.91489361702128,
  "match_rate": 0.3191489361702128,
  "weighted_match_rate": 0.324537901213249,
  "ipr": 2219.3617021276596,
  "ipr_z_score": 0.0,
  "precision_burst_count": 0,
  "mean_move_time": 0.6595744680851063,
  "time_variance": 662.4635094943949,
  "time_complexity_corr": 0.36231023378753197,
  "lag_spike_count": 0,
  "uniformity_score": 0.3433156115799757,
  "clutch_accuracy_diff": NaN,
  "opening_entropy": 4.544507255789622,
  "novelty_depth": 5,
  "second_choice_rate": 0.1702127659574468,
  "opening_breadth": 8,
  "tb_match_rate": NaN,
  "dtz_deviation": NaN,
  "conversion_efficiency": 47,
  "suspicious_quality": "False",
  "suspicious_timing": "False",
  "suspicious_opening": true,
  "overall_suspicion_score": 39.03818213697198,
  "analyzed_at": "2025-06-24 12:21:08.072966+00:00",
  "game": null
}