{
  "game_id": 1565,
  "acpl": 48.53333333333333,
  "match_rate": 0.37777777777777777,
  "weighted_match_rate": 0.37449438117896633,
  "ipr": 2277.9555555555557,
  "ipr_z_score": 0.0,
  "precision_burst_count": 0,
  "mean_move_time": 0.6,
  "time_variance": 452.6471910112359,
  "time_complexity_corr": 0.3923595479628991,
  "lag_spike_count": 0,
  "uniformity_score": 0.3308761732241544,
  "clutch_accuracy_diff": NaN,
  "opening_entropy": 4.544507255789622,
  "novelty_depth": 5,
  "second_choice_rate": 0.13333333333333333,
  "opening_breadth": 8,
  "tb_match_rate": NaN,
  "dtz_deviation": NaN,
  "conversion_efficiency": null,
  "suspicious_quality": "False",
  "suspicious_timing": "False",
  "suspicious_opening": true,
  "overall_suspicion_score": 44.30237908898577,
  "analyzed_at": "2025-06-24 12:24:03.558666+00:00",
  "game": null
}