{
  "game_id": 471,
  "acpl": 3500.793103448276,
  "match_rate": 0.20689655172413793,
  "weighted_match_rate": 0.21376137548474197,
  "ipr": 415.12068965517255,
  "ipr_z_score": 0.0,
  "precision_burst_count": 0,
  "mean_move_time": -12.137931034482758,
  "time_variance": 181.9634182908546,
  "time_complexity_corr": 0.06778555437443304,
  "lag_spike_count": 0,
  "uniformity_score": 0.40315520914756964,
  "clutch_accuracy_diff": NaN,
  "opening_entropy": 4.544507255789622,
  "novelty_depth": 5,
  "second_choice_rate": 0.1724137931034483,
  "opening_breadth": 7,
  "tb_match_rate": NaN,
  "dtz_deviation": NaN,
  "conversion_efficiency": null,
  "suspicious_quality": "False",
  "suspicious_timing": "False",
  "suspicious_opening": true,
  "overall_suspicion_score": -515.1922418811926,
  "analyzed_at": "2025-06-24 12:11:18.910233+00:00",
  "game": null
}