{
  "game_id": 342,
  "acpl": 4676.232558139535,
  "match_rate": 0.3488372093023256,
  "weighted_match_rate": 0.3140079751264318,
  "ipr": -59.04651162790742,
  "ipr_z_score": 0.0,
  "precision_burst_count": 0,
  "mean_move_time": 0.6046511627906976,
  "time_variance": 79.30068399452804,
  "time_complexity_corr": -0.40765718953163926,
  "lag_spike_count": 0,
  "uniformity_score": 0.38150055688353324,
  "clutch_accuracy_diff": NaN,
  "opening_entropy": 4.544507255789622,
  "novelty_depth": 5,
  "second_choice_rate": 0.27906976744186046,
  "opening_breadth": 8,
  "tb_match_rate": NaN,
  "dtz_deviation": NaN,
  "conversion_efficiency": 73,
  "suspicious_quality": "False",
  "suspicious_timing": "False",
  "suspicious_opening": true,
  "overall_suspicion_score": -701.4743101281365,
  "analyzed_at": "2025-06-24 12:09:47.370119+00:00",
  "game": null
}