{
  "game_id": 253,
  "acpl": 3609.2321428571427,
  "match_rate": 0.32142857142857145,
  "weighted_match_rate": 0.36327727320554354,
  "ipr": 452.5267857142858,
  "ipr_z_score": 0.0,
  "precision_burst_count": 0,
  "mean_move_time": 7.0,
  "time_variance": 64.14349775784753,
  "time_complexity_corr": 0.5213834293672343,
  "lag_spike_count": 3,
  "uniformity_score": 0.3497898759929598,
  "clutch_accuracy_diff": NaN,
  "opening_entropy": 4.544507255789622,
  "novelty_depth": 5,
  "second_choice_rate": 0.16071428571428573,
  "opening_breadth": 8,
  "tb_match_rate": NaN,
  "dtz_deviation": NaN,
  "conversion_efficiency": null,
  "suspicious_quality": "False",
  "suspicious_timing": "False",
  "suspicious_opening": true,
  "overall_suspicion_score": -524.371006404531,
  "analyzed_at": "2025-06-24 12:08:56.297493+00:00",
  "game": null
}