{
  "game_id": 660,
  "acpl": 67.46153846153847,
  "match_rate": 0.2692307692307692,
  "weighted_match_rate": 0.30238856121960367,
  "ipr": 2181.653846153846,
  "ipr_z_score": 0.0,
  "precision_burst_count": 0,
  "mean_move_time": 32.03846153846154,
  "time_variance": 504.5810306198656,
  "time_complexity_corr": -0.21751801072490295,
  "lag_spike_count": 0,
  "uniformity_score": 0.33823362516131467,
  "clutch_accuracy_diff": NaN,
  "opening_entropy": 4.544507255789622,
  "novelty_depth": 5,
  "second_choice_rate": 0.19230769230769232,
  "opening_breadth": 8,
  "tb_match_rate": NaN,
  "dtz_deviation": NaN,
  "conversion_efficiency": null,
  "suspicious_quality": "False",
  "suspicious_timing": "False",
  "suspicious_opening": true,
  "overall_suspicion_score": 34.29350612607475,
  "analyzed_at": "2025-06-24 12:13:24.868480+00:00",
  "game": null
}