{
  "game_id": 102,
  "acpl": 59.52173913043478,
  "match_rate": 0.4927536231884058,
  "weighted_match_rate": 0.5071948279970488,
  "ipr": 2364.4420289855075,
  "ipr_z_score": 0.0,
  "precision_burst_count": 0,
  "mean_move_time": 1.0579710144927537,
  "time_variance": 1845.7484396487887,
  "time_complexity_corr": 0.2727639181471454,
  "lag_spike_count": 0,
  "uniformity_score": 0.3443956777623483,
  "clutch_accuracy_diff": NaN,
  "opening_entropy": 4.544507255789622,
  "novelty_depth": 5,
  "second_choice_rate": 0.13043478260869565,
  "opening_breadth": 8,
  "tb_match_rate": NaN,
  "dtz_deviation": NaN,
  "conversion_efficiency": 108,
  "suspicious_quality": "False",
  "suspicious_timing": "False",
  "suspicious_opening": true,
  "overall_suspicion_score": 44.19039810222456,
  "analyzed_at": "2025-06-24 12:07:14.332101+00:00",
  "game": null
}