{
  "game_id": 1213,
  "acpl": 46.29133858267716,
  "match_rate": 0.4094488188976378,
  "weighted_match_rate": 0.42904374120478933,
  "ipr": 2304.4133858267714,
  "ipr_z_score": 0.0,
  "precision_burst_count": 0,
  "mean_move_time": 0.3228346456692913,
  "time_variance": 2892.70959509508,
  "time_complexity_corr": 0.0781754455387482,
  "lag_spike_count": 0,
  "uniformity_score": 0.3412514840512149,
  "clutch_accuracy_diff": NaN,
  "opening_entropy": 4.544507255789622,
  "novelty_depth": 5,
  "second_choice_rate": 0.18110236220472442,
  "opening_breadth": 8,
  "tb_match_rate": NaN,
  "dtz_deviation": NaN,
  "conversion_efficiency": null,
  "suspicious_quality": "False",
  "suspicious_timing": "False",
  "suspicious_opening": true,
  "overall_suspicion_score": 41.898133167875315,
  "analyzed_at": "2025-06-24 12:19:55.934950+00:00",
  "game": null
}