{
  "game_id": 591,
  "acpl": 58.095238095238095,
  "match_rate": 0.42857142857142855,
  "weighted_match_rate": 0.4337048299339378,
  "ipr": 2313.809523809524,
  "ipr_z_score": 0.0,
  "precision_burst_count": 0,
  "mean_move_time": 5.523809523809524,
  "time_variance": 11.818703384968448,
  "time_complexity_corr": 0.22339201180402507,
  "lag_spike_count": 3,
  "uniformity_score": 0.4239926507876128,
  "clutch_accuracy_diff": NaN,
  "opening_entropy": 4.544507255789622,
  "novelty_depth": 5,
  "second_choice_rate": 0.09523809523809523,
  "opening_breadth": 8,
  "tb_match_rate": NaN,
  "dtz_deviation": NaN,
  "conversion_efficiency": null,
  "suspicious_quality": "False",
  "suspicious_timing": "False",
  "suspicious_opening": true,
  "overall_suspicion_score": 43.14438528922177,
  "analyzed_at": "2025-06-24 12:12:40.520796+00:00",
  "game": null
}