{
  "game_id": 1654,
  "acpl": 34.857142857142854,
  "match_rate": 0.37142857142857144,
  "weighted_match_rate": 0.3870150963011012,
  "ipr": 2279.714285714286,
  "ipr_z_score": 0.0,
  "precision_burst_count": 0,
  "mean_move_time": -17.37142857142857,
  "time_variance": 241.6739979445015,
  "time_complexity_corr": 0.5470115808032276,
  "lag_spike_count": 0,
  "uniformity_score": 0.8943502263331449,
  "clutch_accuracy_diff": NaN,
  "opening_entropy": 4.544507255789622,
  "novelty_depth": 5,
  "second_choice_rate": 0.2857142857142857,
  "opening_breadth": 8,
  "tb_match_rate": NaN,
  "dtz_deviation": NaN,
  "conversion_efficiency": null,
  "suspicious_quality": "False",
  "suspicious_timing": "True",
  "suspicious_opening": true,
  "overall_suspicion_score": 55.54120374481788,
  "analyzed_at": "2025-06-24 12:25:03.982580+00:00",
  "game": null
}