{
  "game_id": 320,
  "acpl": 1370.6753246753246,
  "match_rate": 0.3246753246753247,
  "weighted_match_rate": 0.33385421926418296,
  "ipr": 1574.4025974025974,
  "ipr_z_score": 0.0,
  "precision_burst_count": 0,
  "mean_move_time": 1.2077922077922079,
  "time_variance": 548.7408539173244,
  "time_complexity_corr": -0.4739072629811301,
  "lag_spike_count": 0,
  "uniformity_score": 0.3464663267046723,
  "clutch_accuracy_diff": NaN,
  "opening_entropy": 4.544507255789622,
  "novelty_depth": 5,
  "second_choice_rate": 0.18181818181818182,
  "opening_breadth": 8,
  "tb_match_rate": NaN,
  "dtz_deviation": NaN,
  "conversion_efficiency": 145,
  "suspicious_quality": "False",
  "suspicious_timing": "False",
  "suspicious_opening": true,
  "overall_suspicion_score": -173.07486833696947,
  "analyzed_at": "2025-06-24 12:09:40.616317+00:00",
  "game": null
}