{
  "game_id": 511,
  "acpl": 70.03030303030303,
  "match_rate": 0.3333333333333333,
  "weighted_match_rate": 0.41735480303183414,
  "ipr": 2231.651515151515,
  "ipr_z_score": 0.0,
  "precision_burst_count": 0,
  "mean_move_time": -22.87878787878788,
  "time_variance": 459.9546611149665,
  "time_complexity_corr": -0.6560403515658577,
  "lag_spike_count": 4,
  "uniformity_score": 0.4846953191418414,
  "clutch_accuracy_diff": NaN,
  "opening_entropy": 4.544507255789622,
  "novelty_depth": 5,
  "second_choice_rate": 0.21212121212121213,
  "opening_breadth": 8,
  "tb_match_rate": NaN,
  "dtz_deviation": NaN,
  "conversion_efficiency": null,
  "suspicious_quality": "False",
  "suspicious_timing": "False",
  "suspicious_opening": true,
  "overall_suspicion_score": 37.862100640806545,
  "analyzed_at": "2025-06-24 12:11:48.057085+00:00",
  "game": null
}