{
  "game_id": 1414,
  "acpl": 58.51111111111111,
  "match_rate": 0.4,
  "weighted_match_rate": 0.4295760613939093,
  "ipr": 2290.7444444444445,
  "ipr_z_score": 0.0,
  "precision_burst_count": 0,
  "mean_move_time": 0.5777777777777777,
  "time_variance": 1104.830961298377,
  "time_complexity_corr": -0.5625682274400593,
  "lag_spike_count": 0,
  "uniformity_score": 0.3770723425361095,
  "clutch_accuracy_diff": NaN,
  "opening_entropy": 4.544507255789622,
  "novelty_depth": 5,
  "second_choice_rate": 0.26666666666666666,
  "opening_breadth": 8,
  "tb_match_rate": NaN,
  "dtz_deviation": NaN,
  "conversion_efficiency": 67,
  "suspicious_quality": "False",
  "suspicious_timing": "False",
  "suspicious_opening": true,
  "overall_suspicion_score": 39.3065392406505,
  "analyzed_at": "2025-06-24 12:22:08.740198+00:00",
  "game": null
}