{
  "game_id": 889,
  "acpl": 40.57142857142857,
  "match_rate": 0.3949579831932773,
  "weighted_match_rate": 0.4001346782121685,
  "ipr": 2295.6806722689075,
  "ipr_z_score": 0.0,
  "precision_burst_count": 0,
  "mean_move_time": 0.6554621848739496,
  "time_variance": 557.7795270006737,
  "time_complexity_corr": 0.017922049507977964,
  "lag_spike_count": 0,
  "uniformity_score": 0.34649683808865345,
  "clutch_accuracy_diff": NaN,
  "opening_entropy": 4.544507255789622,
  "novelty_depth": 5,
  "second_choice_rate": 0.15966386554621848,
  "opening_breadth": 8,
  "tb_match_rate": NaN,
  "dtz_deviation": NaN,
  "conversion_efficiency": null,
  "suspicious_quality": "False",
  "suspicious_timing": "False",
  "suspicious_opening": true,
  "overall_suspicion_score": 41.60491946039467,
  "analyzed_at": "2025-06-24 12:16:11.125761+00:00",
  "game": null
}