{
  "game_id": 1809,
  "acpl": 81.75,
  "match_rate": 0.29545454545454547,
  "weighted_match_rate": 0.2957036898298664,
  "ipr": 2195.4886363636365,
  "ipr_z_score": 0.0,
  "precision_burst_count": 0,
  "mean_move_time": 33.13636363636363,
  "time_variance": 188.64415584415588,
  "time_complexity_corr": 0.30517049006452523,
  "lag_spike_count": 0,
  "uniformity_score": 0.32337269292153326,
  "clutch_accuracy_diff": NaN,
  "opening_entropy": 4.544507255789622,
  "novelty_depth": 5,
  "second_choice_rate": 0.18181818181818182,
  "opening_breadth": 8,
  "tb_match_rate": NaN,
  "dtz_deviation": NaN,
  "conversion_efficiency": 134,
  "suspicious_quality": "False",
  "suspicious_timing": "False",
  "suspicious_opening": true,
  "overall_suspicion_score": 35.870688610738675,
  "analyzed_at": "2025-06-24 12:26:42.982117+00:00",
  "game": null
}