{
  "game_id": 1616,
  "acpl": 7755.076923076923,
  "match_rate": 0.6923076923076923,
  "weighted_match_rate": 0.6653345969479567,
  "ipr": -1323.6923076923076,
  "ipr_z_score": 0.0,
  "precision_burst_count": 0,
  "mean_move_time": 3.230769230769231,
  "time_variance": 14.141779788838614,
  "time_complexity_corr": -0.342730434460011,
  "lag_spike_count": 3,
  "uniformity_score": 0.32543355573100585,
  "clutch_accuracy_diff": NaN,
  "opening_entropy": 4.544507255789622,
  "novelty_depth": 5,
  "second_choice_rate": 0.07692307692307693,
  "opening_breadth": 8,
  "tb_match_rate": NaN,
  "dtz_deviation": NaN,
  "conversion_efficiency": null,
  "suspicious_quality": "False",
  "suspicious_timing": "False",
  "suspicious_opening": true,
  "overall_suspicion_score": -1186.4526807746024,
  "analyzed_at": "2025-06-24 12:24:32.770233+00:00",
  "game": null
}