{
  "game_id": 915,
  "acpl": 60.24096385542169,
  "match_rate": 0.27710843373493976,
  "weighted_match_rate": 0.336278347032031,
  "ipr": 2191.5662650602408,
  "ipr_z_score": 0.0,
  "precision_burst_count": 0,
  "mean_move_time": 1.3493975903614457,
  "time_variance": 44.471120847024466,
  "time_complexity_corr": 0.286031578448745,
  "lag_spike_count": 6,
  "uniformity_score": 0.3290489394755681,
  "clutch_accuracy_diff": NaN,
  "opening_entropy": 4.544507255789622,
  "novelty_depth": 5,
  "second_choice_rate": 0.1686746987951807,
  "opening_breadth": 8,
  "tb_match_rate": NaN,
  "dtz_deviation": NaN,
  "conversion_efficiency": null,
  "suspicious_quality": "False",
  "suspicious_timing": "False",
  "suspicious_opening": true,
  "overall_suspicion_score": 39.410593626390096,
  "analyzed_at": "2025-06-24 12:16:25.547966+00:00",
  "game": null
}