{
  "game_id": 382,
  "acpl": 44.90526315789474,
  "match_rate": 0.3894736842105263,
  "weighted_match_rate": 0.3940768329662267,
  "ipr": 2289.1263157894737,
  "ipr_z_score": 0.0,
  "precision_burst_count": 0,
  "mean_move_time": 1.231578947368421,
  "time_variance": 728.2000556947927,
  "time_complexity_corr": -0.11503678958609594,
  "lag_spike_count": 2,
  "uniformity_score": 0.3420520568150958,
  "clutch_accuracy_diff": NaN,
  "opening_entropy": 4.544507255789622,
  "novelty_depth": 5,
  "second_choice_rate": 0.15789473684210525,
  "opening_breadth": 8,
  "tb_match_rate": NaN,
  "dtz_deviation": NaN,
  "conversion_efficiency": 146,
  "suspicious_quality": "False",
  "suspicious_timing": "False",
  "suspicious_opening": true,
  "overall_suspicion_score": 40.49341481104658,
  "analyzed_at": "2025-06-24 12:10:21.987228+00:00",
  "game": null
}