{
  "game_id": 270,
  "acpl": 62.24324324324324,
  "match_rate": 0.5135135135135135,
  "weighted_match_rate": 0.5303566876226309,
  "ipr": 2379.689189189189,
  "ipr_z_score": 0.0,
  "precision_burst_count": 0,
  "mean_move_time": 0.35135135135135137,
  "time_variance": 5.381710477600889,
  "time_complexity_corr": 0.033130184623520124,
  "lag_spike_count": 0,
  "uniformity_score": 0.37514195341308226,
  "clutch_accuracy_diff": NaN,
  "opening_entropy": 4.544507255789622,
  "novelty_depth": 6,
  "second_choice_rate": 0.16216216216216217,
  "opening_breadth": 7,
  "tb_match_rate": NaN,
  "dtz_deviation": NaN,
  "conversion_efficiency": 55,
  "suspicious_quality": "False",
  "suspicious_timing": "False",
  "suspicious_opening": true,
  "overall_suspicion_score": 41.270925220172344,
  "analyzed_at": "2025-06-24 12:08:57.101780+00:00",
  "game": null
}