{
  "game_id": 1112,
  "acpl": 79.44444444444444,
  "match_rate": 0.2222222222222222,
  "weighted_match_rate": 0.2234703909971118,
  "ipr": 2138.0555555555557,
  "ipr_z_score": 0.0,
  "precision_burst_count": 0,
  "mean_move_time": 31.88888888888889,
  "time_variance": 689.4980574980575,
  "time_complexity_corr": 0.12425741613633978,
  "lag_spike_count": 0,
  "uniformity_score": 0.31604234355917155,
  "clutch_accuracy_diff": NaN,
  "opening_entropy": 4.544507255789622,
  "novelty_depth": 5,
  "second_choice_rate": 0.19444444444444445,
  "opening_breadth": 8,
  "tb_match_rate": NaN,
  "dtz_deviation": NaN,
  "conversion_efficiency": null,
  "suspicious_quality": "False",
  "suspicious_timing": "False",
  "suspicious_opening": true,
  "overall_suspicion_score": 32.14094724371479,
  "analyzed_at": "2025-06-24 12:18:40.759289+00:00",
  "game": null
}