{
  "game_id": 1046,
  "acpl": 3286.9032258064517,
  "match_rate": 0.5483870967741935,
  "weighted_match_rate": 0.58769879325982,
  "ipr": 795.258064516129,
  "ipr_z_score": 0.0,
  "precision_burst_count": 0,
  "mean_move_time": 16.64516129032258,
  "time_variance": 83.74298452661945,
  "time_complexity_corr": -0.4526420927899555,
  "lag_spike_count": 0,
  "uniformity_score": 0.26986947087186075,
  "clutch_accuracy_diff": NaN,
  "opening_entropy": 4.544507255789622,
  "novelty_depth": 5,
  "second_choice_rate": 0.12903225806451613,
  "opening_breadth": 8,
  "tb_match_rate": NaN,
  "dtz_deviation": NaN,
  "conversion_efficiency": null,
  "suspicious_quality": "False",
  "suspicious_timing": "False",
  "suspicious_opening": true,
  "overall_suspicion_score": -474.89811706272593,
  "analyzed_at": "2025-06-24 12:17:54.025010+00:00",
  "game": null
}