{
  "game_id": 997,
  "acpl": 36.08450704225352,
  "match_rate": 0.3380281690140845,
  "weighted_match_rate": 0.3405111342054377,
  "ipr": 2252.3802816901407,
  "ipr_z_score": 0.0,
  "precision_burst_count": 0,
  "mean_move_time": 1.056338028169014,
  "time_variance": 1721.0180801118765,
  "time_complexity_corr": -0.2885368142211825,
  "lag_spike_count": 0,
  "uniformity_score": 0.3421236140866365,
  "clutch_accuracy_diff": NaN,
  "opening_entropy": 4.544507255789622,
  "novelty_depth": 6,
  "second_choice_rate": 0.15492957746478872,
  "opening_breadth": 7,
  "tb_match_rate": NaN,
  "dtz_deviation": NaN,
  "conversion_efficiency": null,
  "suspicious_quality": "False",
  "suspicious_timing": "False",
  "suspicious_opening": true,
  "overall_suspicion_score": 40.24549568795666,
  "analyzed_at": "2025-06-24 12:17:17.469709+00:00",
  "game": null
}