{
  "game_id": 237,
  "acpl": 50.54545454545455,
  "match_rate": 0.2727272727272727,
  "weighted_match_rate": 0.25834260551879723,
  "ipr": 2192.909090909091,
  "ipr_z_score": 0.0,
  "precision_burst_count": 0,
  "mean_move_time": 0.18181818181818182,
  "time_variance": 18.441558441558445,
  "time_complexity_corr": -0.5492120264715138,
  "lag_spike_count": 2,
  "uniformity_score": 0.3630354817974091,
  "clutch_accuracy_diff": NaN,
  "opening_entropy": 4.544507255789622,
  "novelty_depth": 5,
  "second_choice_rate": 0.18181818181818182,
  "opening_breadth": 8,
  "tb_match_rate": NaN,
  "dtz_deviation": NaN,
  "conversion_efficiency": null,
  "suspicious_quality": "False",
  "suspicious_timing": "False",
  "suspicious_opening": true,
  "overall_suspicion_score": 36.82350933414773,
  "analyzed_at": "2025-06-24 12:08:34.538164+00:00",
  "game": null
}