{
  "game_id": 856,
  "acpl": 3720.5555555555557,
  "match_rate": 0.37037037037037035,
  "weighted_match_rate": 0.3734708887288072,
  "ipr": 436.0185185185185,
  "ipr_z_score": 0.0,
  "precision_burst_count": 0,
  "mean_move_time": 26.296296296296298,
  "time_variance": 203.93040482342806,
  "time_complexity_corr": 0.17058028954706017,
  "lag_spike_count": 0,
  "uniformity_score": 0.3304578790563629,
  "clutch_accuracy_diff": NaN,
  "opening_entropy": 4.544507255789622,
  "novelty_depth": 5,
  "second_choice_rate": 0.14814814814814814,
  "opening_breadth": 8,
  "tb_match_rate": NaN,
  "dtz_deviation": NaN,
  "conversion_efficiency": null,
  "suspicious_quality": "False",
  "suspicious_timing": "False",
  "suspicious_opening": true,
  "overall_suspicion_score": -546.099816672156,
  "analyzed_at": "2025-06-24 12:15:49.925501+00:00",
  "game": null
}