{
  "game_id": 518,
  "acpl": 3506.206896551724,
  "match_rate": 0.3793103448275862,
  "weighted_match_rate": 0.3981861164899352,
  "ipr": 550.344827586207,
  "ipr_z_score": 0.0,
  "precision_burst_count": 0,
  "mean_move_time": 23.896551724137932,
  "time_variance": 480.7892053973013,
  "time_complexity_corr": 0.4511743030332221,
  "lag_spike_count": 0,
  "uniformity_score": 0.26239213993114435,
  "clutch_accuracy_diff": NaN,
  "opening_entropy": 4.544507255789622,
  "novelty_depth": 5,
  "second_choice_rate": 0.10344827586206896,
  "opening_breadth": 8,
  "tb_match_rate": NaN,
  "dtz_deviation": NaN,
  "conversion_efficiency": 100,
  "suspicious_quality": "False",
  "suspicious_timing": "False",
  "suspicious_opening": true,
  "overall_suspicion_score": -508.7435653754111,
  "analyzed_at": "2025-06-24 12:11:50.816009+00:00",
  "game": null
}