{
  "game_id": 575,
  "acpl": 33.130434782608695,
  "match_rate": 0.391304347826087,
  "weighted_match_rate": 0.3855273291140608,
  "ipr": 2296.478260869565,
  "ipr_z_score": 0.0,
  "precision_burst_count": 0,
  "mean_move_time": 28.782608695652176,
  "time_variance": 590.5016722408027,
  "time_complexity_corr": 0.6264938393777938,
  "lag_spike_count": 0,
  "uniformity_score": 0.2203086487493838,
  "clutch_accuracy_diff": NaN,
  "opening_entropy": 4.544507255789622,
  "novelty_depth": 5,
  "second_choice_rate": 0.17391304347826086,
  "opening_breadth": 8,
  "tb_match_rate": NaN,
  "dtz_deviation": NaN,
  "conversion_efficiency": null,
  "suspicious_quality": "True",
  "suspicious_timing": "False",
  "suspicious_opening": true,
  "overall_suspicion_score": 48.6061416596541,
  "analyzed_at": "2025-06-24 12:12:28.206835+00:00",
  "game": null
}