{
  "game_id": 366,
  "acpl": 35.03174603174603,
  "match_rate": 0.3968253968253968,
  "weighted_match_rate": 0.39793046078875377,
  "ipr": 2299.9444444444443,
  "ipr_z_score": 0.0,
  "precision_burst_count": 0,
  "mean_move_time": 1.253968253968254,
  "time_variance": 1402.1749841269839,
  "time_complexity_corr": -0.18254102432606037,
  "lag_spike_count": 0,
  "uniformity_score": 0.3426461607225418,
  "clutch_accuracy_diff": NaN,
  "opening_entropy": 4.544507255789622,
  "novelty_depth": 5,
  "second_choice_rate": 0.14285714285714285,
  "opening_breadth": 8,
  "tb_match_rate": NaN,
  "dtz_deviation": NaN,
  "conversion_efficiency": null,
  "suspicious_quality": "False",
  "suspicious_timing": "False",
  "suspicious_opening": true,
  "overall_suspicion_score": 42.21506793532221,
  "analyzed_at": "2025-06-24 12:10:05.313221+00:00",
  "game": null
}