{
  "game_id": 1744,
  "acpl": 2692.4133333333334,
  "match_rate": 0.4,
  "weighted_match_rate": 0.41844690066693846,
  "ipr": 973.7933333333333,
  "ipr_z_score": 0.0,
  "precision_burst_count": 0,
  "mean_move_time": 1.0533333333333332,
  "time_variance": 605.4736465324385,
  "time_complexity_corr": 0.2644574795599416,
  "lag_spike_count": 0,
  "uniformity_score": 0.3484935450254738,
  "clutch_accuracy_diff": NaN,
  "opening_entropy": 4.544507255789622,
  "novelty_depth": 5,
  "second_choice_rate": 0.18666666666666668,
  "opening_breadth": 8,
  "tb_match_rate": NaN,
  "dtz_deviation": NaN,
  "conversion_efficiency": 131,
  "suspicious_quality": "False",
  "suspicious_timing": "False",
  "suspicious_opening": true,
  "overall_suspicion_score": -379.3028827180124,
  "analyzed_at": "2025-06-24 12:26:03.976641+00:00",
  "game": null
}