{
  "game_id": 576,
  "acpl": 2107.3673469387754,
  "match_rate": 0.3877551020408163,
  "weighted_match_rate": 0.3890962785664125,
  "ipr": 1256.5204081632653,
  "ipr_z_score": 0.0,
  "precision_burst_count": 0,
  "mean_move_time": 44.795918367346935,
  "time_variance": 1014.1940345368916,
  "time_complexity_corr": -0.07481322389426046,
  "lag_spike_count": 0,
  "uniformity_score": 0.305653947405118,
  "clutch_accuracy_diff": NaN,
  "opening_entropy": 4.544507255789622,
  "novelty_depth": 5,
  "second_choice_rate": 0.16326530612244897,
  "opening_breadth": 8,
  "tb_match_rate": NaN,
  "dtz_deviation": NaN,
  "conversion_efficiency": null,
  "suspicious_quality": "False",
  "suspicious_timing": "False",
  "suspicious_opening": true,
  "overall_suspicion_score": -290.03588460035337,
  "analyzed_at": "2025-06-24 12:12:37.928909+00:00",
  "game": null
}