{
  "game_id": 331,
  "acpl": 61.22857142857143,
  "match_rate": 0.37142857142857144,
  "weighted_match_rate": 0.36722682080295965,
  "ipr": 2266.5285714285715,
  "ipr_z_score": 0.0,
  "precision_burst_count": 0,
  "mean_move_time": 33.0,
  "time_variance": 546.8776978417267,
  "time_complexity_corr": 0.13975878898065486,
  "lag_spike_count": 0,
  "uniformity_score": 0.26073554991086334,
  "clutch_accuracy_diff": NaN,
  "opening_entropy": 4.544507255789622,
  "novelty_depth": 5,
  "second_choice_rate": 0.14285714285714285,
  "opening_breadth": 8,
  "tb_match_rate": NaN,
  "dtz_deviation": NaN,
  "conversion_efficiency": null,
  "suspicious_quality": "False",
  "suspicious_timing": "False",
  "suspicious_opening": true,
  "overall_suspicion_score": 38.073472514350925,
  "analyzed_at": "2025-06-24 12:09:44.788350+00:00",
  "game": null
}