{
  "game_id": 680,
  "acpl": 30.464285714285715,
  "match_rate": 0.4642857142857143,
  "weighted_match_rate": 0.4933325224131526,
  "ipr": 2356.1964285714284,
  "ipr_z_score": 0.0,
  "precision_burst_count": 0,
  "mean_move_time": -2.3214285714285716,
  "time_variance": 106.5984555984556,
  "time_complexity_corr": 0.1983449920361124,
  "lag_spike_count": 0,
  "uniformity_score": 0.29055007695458884,
  "clutch_accuracy_diff": NaN,
  "opening_entropy": 4.544507255789622,
  "novelty_depth": 5,
  "second_choice_rate": 0.10714285714285714,
  "opening_breadth": 8,
  "tb_match_rate": NaN,
  "dtz_deviation": NaN,
  "conversion_efficiency": null,
  "suspicious_quality": "True",
  "suspicious_timing": "False",
  "suspicious_opening": true,
  "overall_suspicion_score": 46.728321488484454,
  "analyzed_at": "2025-06-24 12:13:46.505775+00:00",
  "game": null
}