{
  "game_id": 538,
  "acpl": 4403.2307692307695,
  "match_rate": 0.43956043956043955,
  "weighted_match_rate": 0.4343743068582795,
  "ipr": 150.032967032967,
  "ipr_z_score": 0.0,
  "precision_burst_count": 0,
  "mean_move_time": 0.45054945054945056,
  "time_variance": 1500.3815190334526,
  "time_complexity_corr": -0.3334117695884415,
  "lag_spike_count": 0,
  "uniformity_score": 0.3413161597715745,
  "clutch_accuracy_diff": NaN,
  "opening_entropy": 4.544507255789622,
  "novelty_depth": 5,
  "second_choice_rate": 0.1978021978021978,
  "opening_breadth": 8,
  "tb_match_rate": NaN,
  "dtz_deviation": NaN,
  "conversion_efficiency": null,
  "suspicious_quality": "False",
  "suspicious_timing": "False",
  "suspicious_opening": true,
  "overall_suspicion_score": -655.7632541227539,
  "analyzed_at": "2025-06-24 12:12:13.499801+00:00",
  "game": null
}