{
  "game_id": 774,
  "acpl": 64.55844155844156,
  "match_rate": 0.36363636363636365,
  "weighted_match_rate": 0.3704108072374857,
  "ipr": 2258.62987012987,
  "ipr_z_score": 0.0,
  "precision_burst_count": 0,
  "mean_move_time": 0.935064935064935,
  "time_variance": 125.39444868856634,
  "time_complexity_corr": -0.03204094089586321,
  "lag_spike_count": 0,
  "uniformity_score": 0.3501717666016797,
  "clutch_accuracy_diff": NaN,
  "opening_entropy": 4.544507255789622,
  "novelty_depth": 5,
  "second_choice_rate": 0.11688311688311688,
  "opening_breadth": 8,
  "tb_match_rate": NaN,
  "dtz_deviation": NaN,
  "conversion_efficiency": 130,
  "suspicious_quality": "False",
  "suspicious_timing": "False",
  "suspicious_opening": true,
  "overall_suspicion_score": 36.85636248365654,
  "analyzed_at": "2025-06-24 12:14:46.404191+00:00",
  "game": null
}