{
  "game_id": 271,
  "acpl": 2264.3777777777777,
  "match_rate": 0.4444444444444444,
  "weighted_match_rate": 0.45269905370735436,
  "ipr": 1223.3666666666668,
  "ipr_z_score": 0.0,
  "precision_burst_count": 0,
  "mean_move_time": 0.37777777777777777,
  "time_variance": 85.18152309612984,
  "time_complexity_corr": -0.2853224397947941,
  "lag_spike_count": 0,
  "uniformity_score": 0.3691705641718212,
  "clutch_accuracy_diff": NaN,
  "opening_entropy": 4.544507255789622,
  "novelty_depth": 5,
  "second_choice_rate": 0.08888888888888889,
  "opening_breadth": 8,
  "tb_match_rate": NaN,
  "dtz_deviation": NaN,
  "conversion_efficiency": 69,
  "suspicious_quality": "False",
  "suspicious_timing": "False",
  "suspicious_opening": true,
  "overall_suspicion_score": -312.9200904144751,
  "analyzed_at": "2025-06-24 12:09:02.457945+00:00",
  "game": null
}