{
  "game_id": 691,
  "acpl": 61.22666666666667,
  "match_rate": 0.36,
  "weighted_match_rate": 0.37641041687206706,
  "ipr": 2257.3866666666668,
  "ipr_z_score": 0.0,
  "precision_burst_count": 0,
  "mean_move_time": 0.76,
  "time_variance": 1434.7339597315436,
  "time_complexity_corr": -0.3554849492460918,
  "lag_spike_count": 0,
  "uniformity_score": 0.34068390827516826,
  "clutch_accuracy_diff": NaN,
  "opening_entropy": 4.544507255789622,
  "novelty_depth": 5,
  "second_choice_rate": 0.21333333333333335,
  "opening_breadth": 8,
  "tb_match_rate": NaN,
  "dtz_deviation": NaN,
  "conversion_efficiency": 101,
  "suspicious_quality": "False",
  "suspicious_timing": "False",
  "suspicious_opening": true,
  "overall_suspicion_score": 37.29920718923774,
  "analyzed_at": "2025-06-24 12:13:50.518622+00:00",
  "game": null
}