{
  "game_id": 1281,
  "acpl": 2303.7078651685392,
  "match_rate": 0.449438202247191,
  "weighted_match_rate": 0.47619405360464645,
  "ipr": 1207.6966292134832,
  "ipr_z_score": 0.0,
  "precision_burst_count": 0,
  "mean_move_time": 0.9550561797752809,
  "time_variance": 370.2804545166,
  "time_complexity_corr": 0.324294522361448,
  "lag_spike_count": 2,
  "uniformity_score": 0.34837244312706545,
  "clutch_accuracy_diff": NaN,
  "opening_entropy": 4.544507255789622,
  "novelty_depth": 5,
  "second_choice_rate": 0.11235955056179775,
  "opening_breadth": 8,
  "tb_match_rate": NaN,
  "dtz_deviation": NaN,
  "conversion_efficiency": 138,
  "suspicious_quality": "False",
  "suspicious_timing": "False",
  "suspicious_opening": true,
  "overall_suspicion_score": -315.07733428813776,
  "analyzed_at": "2025-06-24 12:20:43.808032+00:00",
  "game": null
}