{
  "game_id": 1302,
  "acpl": 84.82278481012658,
  "match_rate": 0.2911392405063291,
  "weighted_match_rate": 0.310188604716758,
  "ipr": 2190.5,
  "ipr_z_score": 0.0,
  "precision_burst_count": 0,
  "mean_move_time": 1.0126582278481013,
  "time_variance": 53.71958397161977,
  "time_complexity_corr": 0.33293807063964675,
  "lag_spike_count": 0,
  "uniformity_score": 0.3353984598776046,
  "clutch_accuracy_diff": NaN,
  "opening_entropy": 4.544507255789622,
  "novelty_depth": 5,
  "second_choice_rate": 0.13924050632911392,
  "opening_breadth": 8,
  "tb_match_rate": NaN,
  "dtz_deviation": NaN,
  "conversion_efficiency": 124,
  "suspicious_quality": "False",
  "suspicious_timing": "False",
  "suspicious_opening": true,
  "overall_suspicion_score": 35.99849520452244,
  "analyzed_at": "2025-06-24 12:20:54.514455+00:00",
  "game": null
}