{
  "game_id": 123,
  "acpl": 87.91428571428571,
  "match_rate": 0.2571428571428571,
  "weighted_match_rate": 0.21241257178499065,
  "ipr": 2161.7571428571428,
  "ipr_z_score": 0.0,
  "precision_burst_count": 0,
  "mean_move_time": -7.057142857142857,
  "time_variance": 143.6513874614594,
  "time_complexity_corr": -0.49150046512034773,
  "lag_spike_count": 4,
  "uniformity_score": 0.3921236903987526,
  "clutch_accuracy_diff": NaN,
  "opening_entropy": 4.544507255789622,
  "novelty_depth": 5,
  "second_choice_rate": 0.14285714285714285,
  "opening_breadth": 8,
  "tb_match_rate": NaN,
  "dtz_deviation": NaN,
  "conversion_efficiency": null,
  "suspicious_quality": "False",
  "suspicious_timing": "False",
  "suspicious_opening": true,
  "overall_suspicion_score": 30.469925562832866,
  "analyzed_at": "2025-06-24 12:07:24.934413+00:00",
  "game": null
}