{
  "game_id": 1462,
  "acpl": 57.05714285714286,
  "match_rate": 0.4,
  "weighted_match_rate": 0.4256216694149801,
  "ipr": 2291.4714285714285,
  "ipr_z_score": 0.0,
  "precision_burst_count": 0,
  "mean_move_time": 25.97142857142857,
  "time_variance": 380.17183967112027,
  "time_complexity_corr": -0.8339309437403029,
  "lag_spike_count": 0,
  "uniformity_score": 0.29819585810426474,
  "clutch_accuracy_diff": NaN,
  "opening_entropy": 4.544507255789622,
  "novelty_depth": 5,
  "second_choice_rate": 0.05714285714285714,
  "opening_breadth": 8,
  "tb_match_rate": NaN,
  "dtz_deviation": NaN,
  "conversion_efficiency": null,
  "suspicious_quality": "False",
  "suspicious_timing": "False",
  "suspicious_opening": true,
  "overall_suspicion_score": 38.50576540214021,
  "analyzed_at": "2025-06-24 12:22:53.898142+00:00",
  "game": null
}