{
  "game_id": 1657,
  "acpl": 41.19512195121951,
  "match_rate": 0.2926829268292683,
  "weighted_match_rate": 0.32768538044230144,
  "ipr": 2213.548780487805,
  "ipr_z_score": 0.0,
  "precision_burst_count": 0,
  "mean_move_time": -23.414634146341463,
  "time_variance": 281.6184348346551,
  "time_complexity_corr": 0.35309025128509497,
  "lag_spike_count": 0,
  "uniformity_score": 0.8943502263331449,
  "clutch_accuracy_diff": NaN,
  "opening_entropy": 4.544507255789622,
  "novelty_depth": 5,
  "second_choice_rate": 0.21951219512195122,
  "opening_breadth": 8,
  "tb_match_rate": NaN,
  "dtz_deviation": NaN,
  "conversion_efficiency": null,
  "suspicious_quality": "False",
  "suspicious_timing": "True",
  "suspicious_opening": true,
  "overall_suspicion_score": 50.44620614529171,
  "analyzed_at": "2025-06-24 12:25:05.283948+00:00",
  "game": null
}