{
  "game_id": 1350,
  "acpl": 6159.257731958763,
  "match_rate": 0.31958762886597936,
  "weighted_match_rate": 0.32497883134419325,
  "ipr": -823.9587628865979,
  "ipr_z_score": 0.0,
  "precision_burst_count": 0,
  "mean_move_time": 1.175257731958763,
  "time_variance": 57.45099086587256,
  "time_complexity_corr": 0.1432070741910935,
  "lag_spike_count": 0,
  "uniformity_score": 0.3363474162463001,
  "clutch_accuracy_diff": NaN,
  "opening_entropy": 4.544507255789622,
  "novelty_depth": 5,
  "second_choice_rate": 0.24742268041237114,
  "opening_breadth": 8,
  "tb_match_rate": NaN,
  "dtz_deviation": NaN,
  "conversion_efficiency": 173,
  "suspicious_quality": "False",
  "suspicious_timing": "False",
  "suspicious_opening": true,
  "overall_suspicion_score": -937.7520084604125,
  "analyzed_at": "2025-06-24 12:21:31.417611+00:00",
  "game": null
}