{
  "game_id": 1682,
  "acpl": 5325.973684210527,
  "match_rate": 0.3684210526315789,
  "weighted_match_rate": 0.382171604993014,
  "ipr": -368.25,
  "ipr_z_score": 0.0,
  "precision_burst_count": 0,
  "mean_move_time": -0.5263157894736842,
  "time_variance": 53.125130707563606,
  "time_complexity_corr": 0.6297280985788816,
  "lag_spike_count": 0,
  "uniformity_score": 0.33981639275931147,
  "clutch_accuracy_diff": NaN,
  "opening_entropy": 4.544507255789622,
  "novelty_depth": 5,
  "second_choice_rate": 0.10526315789473684,
  "opening_breadth": 8,
  "tb_match_rate": NaN,
  "dtz_deviation": NaN,
  "conversion_efficiency": 140,
  "suspicious_quality": "False",
  "suspicious_timing": "False",
  "suspicious_opening": true,
  "overall_suspicion_score": -797.0293714404618,
  "analyzed_at": "2025-06-24 12:25:19.939514+00:00",
  "game": null
}