{
  "game_id": 787,
  "acpl": 110.88235294117646,
  "match_rate": 0.2647058823529412,
  "weighted_match_rate": 0.2906822979652498,
  "ipr": 2156.323529411765,
  "ipr_z_score": 0.0,
  "precision_burst_count": 0,
  "mean_move_time": 18.88235294117647,
  "time_variance": 134.56383442265795,
  "time_complexity_corr": 0.37803237667996187,
  "lag_spike_count": 0,
  "uniformity_score": 0.2955823086257155,
  "clutch_accuracy_diff": NaN,
  "opening_entropy": 4.544507255789622,
  "novelty_depth": 5,
  "second_choice_rate": 0.14705882352941177,
  "opening_breadth": 8,
  "tb_match_rate": NaN,
  "dtz_deviation": NaN,
  "conversion_efficiency": null,
  "suspicious_quality": "False",
  "suspicious_timing": "False",
  "suspicious_opening": true,
  "overall_suspicion_score": 31.343665259551024,
  "analyzed_at": "2025-06-24 12:14:56.342083+00:00",
  "game": null
}