{
  "game_id": 1133,
  "acpl": 2913.457142857143,
  "match_rate": 0.2857142857142857,
  "weighted_match_rate": 0.3280040456376479,
  "ipr": 771.8428571428572,
  "ipr_z_score": 0.0,
  "precision_burst_count": 0,
  "mean_move_time": 19.457142857142856,
  "time_variance": 223.73196300102774,
  "time_complexity_corr": 0.18419223542617694,
  "lag_spike_count": 4,
  "uniformity_score": 0.2801488306330847,
  "clutch_accuracy_diff": NaN,
  "opening_entropy": 4.544507255789622,
  "novelty_depth": 5,
  "second_choice_rate": 0.17142857142857143,
  "opening_breadth": 7,
  "tb_match_rate": NaN,
  "dtz_deviation": NaN,
  "conversion_efficiency": null,
  "suspicious_quality": "False",
  "suspicious_timing": "False",
  "suspicious_opening": true,
  "overall_suspicion_score": -418.9842595551788,
  "analyzed_at": "2025-06-24 12:18:56.118713+00:00",
  "game": null
}