{
  "game_id": 257,
  "acpl": 44.375,
  "match_rate": 0.375,
  "weighted_match_rate": 0.32412152551627205,
  "ipr": 2277.8125,
  "ipr_z_score": 0.0,
  "precision_burst_count": 0,
  "mean_move_time": 19.541666666666668,
  "time_variance": 136.84035087719298,
  "time_complexity_corr": 0.6034521724492488,
  "lag_spike_count": 0,
  "uniformity_score": 0.4194383354059519,
  "clutch_accuracy_diff": NaN,
  "opening_entropy": 4.544507255789622,
  "novelty_depth": 5,
  "second_choice_rate": 0.20833333333333334,
  "opening_breadth": 8,
  "tb_match_rate": NaN,
  "dtz_deviation": NaN,
  "conversion_efficiency": null,
  "suspicious_quality": "False",
  "suspicious_timing": "True",
  "suspicious_opening": true,
  "overall_suspicion_score": 48.07558965438527,
  "analyzed_at": "2025-06-24 12:08:54.082323+00:00",
  "game": null
}