{
  "game_id": 929,
  "acpl": 44.59090909090909,
  "match_rate": 0.3181818181818182,
  "weighted_match_rate": 0.30254919486284865,
  "ipr": 2232.25,
  "ipr_z_score": 0.0,
  "precision_burst_count": 0,
  "mean_move_time": 30.65909090909091,
  "time_variance": 505.9631168831168,
  "time_complexity_corr": -0.47441931256952535,
  "lag_spike_count": 0,
  "uniformity_score": 0.33562646542336094,
  "clutch_accuracy_diff": NaN,
  "opening_entropy": 4.544507255789622,
  "novelty_depth": 5,
  "second_choice_rate": 0.18181818181818182,
  "opening_breadth": 8,
  "tb_match_rate": NaN,
  "dtz_deviation": NaN,
  "conversion_efficiency": 144,
  "suspicious_quality": "False",
  "suspicious_timing": "False",
  "suspicious_opening": true,
  "overall_suspicion_score": 38.50955751978256,
  "analyzed_at": "2025-06-24 12:16:36.953791+00:00",
  "game": null
}