{
  "game_id": 364,
  "acpl": 10827.8,
  "match_rate": 0.23636363636363636,
  "weighted_match_rate": 0.25914177263926064,
  "ipr": -3224.8090909090906,
  "ipr_z_score": 0.0,
  "precision_burst_count": 0,
  "mean_move_time": 25.418181818181818,
  "time_variance": 132.15309256953094,
  "time_complexity_corr": -0.2903463386334741,
  "lag_spike_count": 0,
  "uniformity_score": 0.26787593556380795,
  "clutch_accuracy_diff": NaN,
  "opening_entropy": 4.544507255789622,
  "novelty_depth": 5,
  "second_choice_rate": 0.14545454545454545,
  "opening_breadth": 8,
  "tb_match_rate": NaN,
  "dtz_deviation": NaN,
  "conversion_efficiency": null,
  "suspicious_quality": "False",
  "suspicious_timing": "False",
  "suspicious_opening": true,
  "overall_suspicion_score": -1689.1534858974176,
  "analyzed_at": "2025-06-24 12:10:08.097854+00:00",
  "game": null
}