{
  "game_id": 1262,
  "acpl": 90.33333333333333,
  "match_rate": 0.23809523809523808,
  "weighted_match_rate": 0.24687371183506662,
  "ipr": 2145.309523809524,
  "ipr_z_score": 0.0,
  "precision_burst_count": 0,
  "mean_move_time": 13.714285714285714,
  "time_variance": 146.23063683304645,
  "time_complexity_corr": 0.6964170858931468,
  "lag_spike_count": 0,
  "uniformity_score": 0.30255262755091433,
  "clutch_accuracy_diff": NaN,
  "opening_entropy": 4.544507255789622,
  "novelty_depth": 5,
  "second_choice_rate": 0.19047619047619047,
  "opening_breadth": 8,
  "tb_match_rate": NaN,
  "dtz_deviation": NaN,
  "conversion_efficiency": 63,
  "suspicious_quality": "False",
  "suspicious_timing": "False",
  "suspicious_opening": true,
  "overall_suspicion_score": 37.853415483881086,
  "analyzed_at": "2025-06-24 12:20:23.243395+00:00",
  "game": null
}