{
  "game_id": 1544,
  "acpl": 46.325581395348834,
  "match_rate": 0.3488372093023256,
  "weighted_match_rate": 0.3455214964872606,
  "ipr": 2255.906976744186,
  "ipr_z_score": 0.0,
  "precision_burst_count": 0,
  "mean_move_time": 0.627906976744186,
  "time_variance": 24.236388508891928,
  "time_complexity_corr": -0.12238721947236181,
  "lag_spike_count": 2,
  "uniformity_score": 0.4053570450977483,
  "clutch_accuracy_diff": NaN,
  "opening_entropy": 4.544507255789622,
  "novelty_depth": 6,
  "second_choice_rate": 0.23255813953488372,
  "opening_breadth": 7,
  "tb_match_rate": NaN,
  "dtz_deviation": NaN,
  "conversion_efficiency": 64,
  "suspicious_quality": "False",
  "suspicious_timing": "False",
  "suspicious_opening": true,
  "overall_suspicion_score": 39.58717450994108,
  "analyzed_at": "2025-06-24 12:23:41.711051+00:00",
  "game": null
}