{
  "game_id": 558,
  "acpl": 2469.5853658536585,
  "match_rate": 0.5121951219512195,
  "weighted_match_rate": 0.5141807178689115,
  "ipr": 1174.9634146341464,
  "ipr_z_score": 0.0,
  "precision_burst_count": 0,
  "mean_move_time": 0.9512195121951219,
  "time_variance": 48.49141824751581,
  "time_complexity_corr": -0.42976552787653405,
  "lag_spike_count": 1,
  "uniformity_score": 0.3580209414076533,
  "clutch_accuracy_diff": NaN,
  "opening_entropy": 4.544507255789622,
  "novelty_depth": 5,
  "second_choice_rate": 0.24390243902439024,
  "opening_breadth": 8,
  "tb_match_rate": NaN,
  "dtz_deviation": NaN,
  "conversion_efficiency": 62,
  "suspicious_quality": "False",
  "suspicious_timing": "False",
  "suspicious_opening": true,
  "overall_suspicion_score": -344.3418866911481,
  "analyzed_at": "2025-06-24 12:12:16.714074+00:00",
  "game": null
}