{
  "game_id": 675,
  "acpl": 32.25806451612903,
  "match_rate": 0.5483870967741935,
  "weighted_match_rate": 0.5106082855419996,
  "ipr": 2422.5806451612902,
  "ipr_z_score": 0.0,
  "precision_burst_count": 0,
  "mean_move_time": 35.935483870967744,
  "time_variance": 723.6380802517702,
  "time_complexity_corr": 0.5980788797721116,
  "lag_spike_count": 0,
  "uniformity_score": 0.24058765301134621,
  "clutch_accuracy_diff": NaN,
  "opening_entropy": 4.544507255789622,
  "novelty_depth": 5,
  "second_choice_rate": 0.0967741935483871,
  "opening_breadth": 8,
  "tb_match_rate": NaN,
  "dtz_deviation": NaN,
  "conversion_efficiency": null,
  "suspicious_quality": "True",
  "suspicious_timing": "False",
  "suspicious_opening": true,
  "overall_suspicion_score": 52.0299859250069,
  "analyzed_at": "2025-06-24 12:13:39.747418+00:00",
  "game": null
}