{
  "game_id": 1000,
  "acpl": 64.73809523809524,
  "match_rate": 0.21428571428571427,
  "weighted_match_rate": 0.2301006337577058,
  "ipr": 2139.059523809524,
  "ipr_z_score": 0.0,
  "precision_burst_count": 0,
  "mean_move_time": 27.30952380952381,
  "time_variance": 187.8078129455375,
  "time_complexity_corr": -0.341630118823403,
  "lag_spike_count": 0,
  "uniformity_score": 0.2888469389570396,
  "clutch_accuracy_diff": NaN,
  "opening_entropy": 4.544507255789622,
  "novelty_depth": 5,
  "second_choice_rate": 0.21428571428571427,
  "opening_breadth": 8,
  "tb_match_rate": NaN,
  "dtz_deviation": NaN,
  "conversion_efficiency": null,
  "suspicious_quality": "False",
  "suspicious_timing": "False",
  "suspicious_opening": true,
  "overall_suspicion_score": 32.5851276753888,
  "analyzed_at": "2025-06-24 12:17:27.090059+00:00",
  "game": null
}