{
  "game_id": 1225,
  "acpl": 115.80555555555556,
  "match_rate": 0.2777777777777778,
  "weighted_match_rate": 0.282760702550898,
  "ipr": 2164.3194444444443,
  "ipr_z_score": 0.0,
  "precision_burst_count": 0,
  "mean_move_time": 26.86111111111111,
  "time_variance": 565.6029526029525,
  "time_complexity_corr": 0.20016846889317239,
  "lag_spike_count": 0,
  "uniformity_score": 0.21927733584369025,
  "clutch_accuracy_diff": NaN,
  "opening_entropy": 4.544507255789622,
  "novelty_depth": 5,
  "second_choice_rate": 0.08333333333333333,
  "opening_breadth": 8,
  "tb_match_rate": NaN,
  "dtz_deviation": NaN,
  "conversion_efficiency": 111,
  "suspicious_quality": "False",
  "suspicious_timing": "False",
  "suspicious_opening": true,
  "overall_suspicion_score": 27.440645434266003,
  "analyzed_at": "2025-06-24 12:20:01.530263+00:00",
  "game": null
}