{
  "game_id": 84,
  "acpl": 71.92682926829268,
  "match_rate": 0.4146341463414634,
  "weighted_match_rate": 0.4423468959059544,
  "ipr": 2295.743902439024,
  "ipr_z_score": 0.0,
  "precision_burst_count": 0,
  "mean_move_time": 0.7560975609756098,
  "time_variance": 186.16199939777175,
  "time_complexity_corr": 0.30903866686991344,
  "lag_spike_count": 0,
  "uniformity_score": 0.3450235242661782,
  "clutch_accuracy_diff": NaN,
  "opening_entropy": 4.544507255789622,
  "novelty_depth": 5,
  "second_choice_rate": 0.0975609756097561,
  "opening_breadth": 8,
  "tb_match_rate": NaN,
  "dtz_deviation": NaN,
  "conversion_efficiency": 61,
  "suspicious_quality": "False",
  "suspicious_timing": "False",
  "suspicious_opening": true,
  "overall_suspicion_score": 40.95125721324333,
  "analyzed_at": "2025-06-24 12:06:54.676988+00:00",
  "game": null
}