{
  "game_id": 141,
  "acpl": 46.83673469387755,
  "match_rate": 0.42857142857142855,
  "weighted_match_rate": 0.443138431204753,
  "ipr": 2319.438775510204,
  "ipr_z_score": 0.0,
  "precision_burst_count": 0,
  "mean_move_time": 1.183673469387755,
  "time_variance": 216.0277719335157,
  "time_complexity_corr": -0.3111748442060953,
  "lag_spike_count": 0,
  "uniformity_score": 0.3452597331624071,
  "clutch_accuracy_diff": NaN,
  "opening_entropy": 4.544507255789622,
  "novelty_depth": 5,
  "second_choice_rate": 0.1836734693877551,
  "opening_breadth": 8,
  "tb_match_rate": NaN,
  "dtz_deviation": NaN,
  "conversion_efficiency": null,
  "suspicious_quality": "False",
  "suspicious_timing": "False",
  "suspicious_opening": true,
  "overall_suspicion_score": 41.28238743082386,
  "analyzed_at": "2025-06-24 12:07:33.158616+00:00",
  "game": null
}