{
  "game_id": 608,
  "acpl": 42.32258064516129,
  "match_rate": 0.44086021505376344,
  "weighted_match_rate": 0.457220439358115,
  "ipr": 2331.52688172043,
  "ipr_z_score": 0.0,
  "precision_burst_count": 0,
  "mean_move_time": 1.021505376344086,
  "time_variance": 225.12385934321424,
  "time_complexity_corr": 0.44376240916502935,
  "lag_spike_count": 0,
  "uniformity_score": 0.343180332874295,
  "clutch_accuracy_diff": NaN,
  "opening_entropy": 4.544507255789622,
  "novelty_depth": 5,
  "second_choice_rate": 0.0967741935483871,
  "opening_breadth": 8,
  "tb_match_rate": NaN,
  "dtz_deviation": NaN,
  "conversion_efficiency": 167,
  "suspicious_quality": "True",
  "suspicious_timing": "False",
  "suspicious_opening": true,
  "overall_suspicion_score": 47.84213922520829,
  "analyzed_at": "2025-06-24 12:12:59.791836+00:00",
  "game": null
}