{
  "game_id": 1677,
  "acpl": 46.3859649122807,
  "match_rate": 0.3508771929824561,
  "weighted_match_rate": 0.36555896537102994,
  "ipr": 2257.5087719298244,
  "ipr_z_score": 0.0,
  "precision_burst_count": 0,
  "mean_move_time": 0.9473684210526315,
  "time_variance": 86.2803912435957,
  "time_complexity_corr": -0.24602167333788924,
  "lag_spike_count": 0,
  "uniformity_score": 0.3525322688187488,
  "clutch_accuracy_diff": NaN,
  "opening_entropy": 4.544507255789622,
  "novelty_depth": 5,
  "second_choice_rate": 0.12280701754385964,
  "opening_breadth": 8,
  "tb_match_rate": NaN,
  "dtz_deviation": NaN,
  "conversion_efficiency": null,
  "suspicious_quality": "False",
  "suspicious_timing": "False",
  "suspicious_opening": true,
  "overall_suspicion_score": 39.58213287451128,
  "analyzed_at": "2025-06-24 12:25:16.761930+00:00",
  "game": null
}