{
  "game_id": 1234,
  "acpl": 2492.878048780488,
  "match_rate": 0.43902439024390244,
  "weighted_match_rate": 0.47848336831009974,
  "ipr": 1104.780487804878,
  "ipr_z_score": 0.0,
  "precision_burst_count": 0,
  "mean_move_time": 31.75609756097561,
  "time_variance": 332.94628161005534,
  "time_complexity_corr": 0.02582848337754149,
  "lag_spike_count": 0,
  "uniformity_score": 0.3791719562061049,
  "clutch_accuracy_diff": NaN,
  "opening_entropy": 4.544507255789622,
  "novelty_depth": 5,
  "second_choice_rate": 0.1951219512195122,
  "opening_breadth": 8,
  "tb_match_rate": NaN,
  "dtz_deviation": NaN,
  "conversion_efficiency": 148,
  "suspicious_quality": "False",
  "suspicious_timing": "False",
  "suspicious_opening": true,
  "overall_suspicion_score": -348.78788920743455,
  "analyzed_at": "2025-06-24 12:20:08.917793+00:00",
  "game": null
}