{
  "game_id": 770,
  "acpl": 134.2,
  "match_rate": 0.24444444444444444,
  "weighted_match_rate": 0.2530740599763938,
  "ipr": 2128.4555555555557,
  "ipr_z_score": 0.0,
  "precision_burst_count": 0,
  "mean_move_time": 1.7777777777777777,
  "time_variance": 685.7478152309612,
  "time_complexity_corr": -0.40099016976594154,
  "lag_spike_count": 0,
  "uniformity_score": 0.34401518409457366,
  "clutch_accuracy_diff": NaN,
  "opening_entropy": 4.544507255789622,
  "novelty_depth": 5,
  "second_choice_rate": 0.2,
  "opening_breadth": 8,
  "tb_match_rate": NaN,
  "dtz_deviation": NaN,
  "conversion_efficiency": null,
  "suspicious_quality": "False",
  "suspicious_timing": "False",
  "suspicious_opening": true,
  "overall_suspicion_score": 22.79841185423223,
  "analyzed_at": "2025-06-24 12:14:39.744406+00:00",
  "game": null
}