{
  "game_id": 1128,
  "acpl": 50.724137931034484,
  "match_rate": 0.3793103448275862,
  "weighted_match_rate": 0.37668878237941744,
  "ipr": 2278.0862068965516,
  "ipr_z_score": 0.0,
  "precision_burst_count": 0,
  "mean_move_time": -2.4310344827586206,
  "time_variance": 78.77586206896552,
  "time_complexity_corr": -0.23806286131155163,
  "lag_spike_count": 1,
  "uniformity_score": 0.4000508966317886,
  "clutch_accuracy_diff": NaN,
  "opening_entropy": 4.544507255789622,
  "novelty_depth": 5,
  "second_choice_rate": 0.13793103448275862,
  "opening_breadth": 8,
  "tb_match_rate": NaN,
  "dtz_deviation": NaN,
  "conversion_efficiency": 44,
  "suspicious_quality": "False",
  "suspicious_timing": "False",
  "suspicious_opening": true,
  "overall_suspicion_score": 39.956763665415885,
  "analyzed_at": "2025-06-24 12:18:49.945022+00:00",
  "game": null
}