{
  "game_id": 1562,
  "acpl": 35.84905660377358,
  "match_rate": 0.37735849056603776,
  "weighted_match_rate": 0.3420456321881367,
  "ipr": 2283.9622641509436,
  "ipr_z_score": 0.0,
  "precision_burst_count": 0,
  "mean_move_time": 1.7924528301886793,
  "time_variance": 1688.8898472596586,
  "time_complexity_corr": -0.673200846367105,
  "lag_spike_count": 0,
  "uniformity_score": 0.34562421264330484,
  "clutch_accuracy_diff": NaN,
  "opening_entropy": 4.544507255789622,
  "novelty_depth": 5,
  "second_choice_rate": 0.1320754716981132,
  "opening_breadth": 8,
  "tb_match_rate": NaN,
  "dtz_deviation": NaN,
  "conversion_efficiency": 80,
  "suspicious_quality": "False",
  "suspicious_timing": "False",
  "suspicious_opening": true,
  "overall_suspicion_score": 41.21730307448763,
  "analyzed_at": "2025-06-24 12:23:54.835252+00:00",
  "game": null
}