{
  "game_id": 1441,
  "acpl": 3629.214285714286,
  "match_rate": 0.32142857142857145,
  "weighted_match_rate": 0.34932045052919314,
  "ipr": 442.5357142857142,
  "ipr_z_score": 0.0,
  "precision_burst_count": 0,
  "mean_move_time": -1.5714285714285714,
  "time_variance": 68.64350064350063,
  "time_complexity_corr": 0.22855595536931567,
  "lag_spike_count": 0,
  "uniformity_score": 0.4484949989409793,
  "clutch_accuracy_diff": NaN,
  "opening_entropy": 4.544507255789622,
  "novelty_depth": 5,
  "second_choice_rate": 0.14285714285714285,
  "opening_breadth": 8,
  "tb_match_rate": NaN,
  "dtz_deviation": NaN,
  "conversion_efficiency": null,
  "suspicious_quality": "False",
  "suspicious_timing": "False",
  "suspicious_opening": true,
  "overall_suspicion_score": -530.1621605219138,
  "analyzed_at": "2025-06-24 12:22:31.621746+00:00",
  "game": null
}