{
  "game_id": 1195,
  "acpl": 24.46153846153846,
  "match_rate": 0.5384615384615384,
  "weighted_match_rate": 0.5405911658322555,
  "ipr": 2418.5384615384614,
  "ipr_z_score": 0.0,
  "precision_burst_count": 0,
  "mean_move_time": -2.076923076923077,
  "time_variance": 7.758672699849172,
  "time_complexity_corr": 0.08531877423846516,
  "lag_spike_count": 0,
  "uniformity_score": 0.47728955884558677,
  "clutch_accuracy_diff": NaN,
  "opening_entropy": 4.544507255789622,
  "novelty_depth": 5,
  "second_choice_rate": 0.0,
  "opening_breadth": 8,
  "tb_match_rate": NaN,
  "dtz_deviation": NaN,
  "conversion_efficiency": null,
  "suspicious_quality": "True",
  "suspicious_timing": "False",
  "suspicious_opening": true,
  "overall_suspicion_score": 50.067390461230026,
  "analyzed_at": "2025-06-24 12:19:36.606428+00:00",
  "game": null
}