{
  "game_id": 199,
  "acpl": 33.13793103448276,
  "match_rate": 0.4827586206896552,
  "weighted_match_rate": 0.48562968785548555,
  "ipr": 2369.637931034483,
  "ipr_z_score": 0.0,
  "precision_burst_count": 0,
  "mean_move_time": -0.20689655172413793,
  "time_variance": 34.80899550224887,
  "time_complexity_corr": -0.3874947543333394,
  "lag_spike_count": 4,
  "uniformity_score": 0.36622804585527174,
  "clutch_accuracy_diff": NaN,
  "opening_entropy": 4.544507255789622,
  "novelty_depth": 5,
  "second_choice_rate": 0.13793103448275862,
  "opening_breadth": 8,
  "tb_match_rate": NaN,
  "dtz_deviation": NaN,
  "conversion_efficiency": null,
  "suspicious_quality": "True",
  "suspicious_timing": "False",
  "suspicious_opening": true,
  "overall_suspicion_score": 44.89644131021535,
  "analyzed_at": "2025-06-24 12:08:10.548342+00:00",
  "game": null
}