{
  "game_id": 1676,
  "acpl": 59.407407407407405,
  "match_rate": 0.37037037037037035,
  "weighted_match_rate": 0.3906821660506032,
  "ipr": 2266.5925925925926,
  "ipr_z_score": 0.0,
  "precision_burst_count": 0,
  "mean_move_time": -7.814814814814815,
  "time_variance": 171.21772239529247,
  "time_complexity_corr": -0.3185245170066451,
  "lag_spike_count": 0,
  "uniformity_score": 0.3499933296040329,
  "clutch_accuracy_diff": NaN,
  "opening_entropy": 4.544507255789622,
  "novelty_depth": 6,
  "second_choice_rate": 0.037037037037037035,
  "opening_breadth": 7,
  "tb_match_rate": NaN,
  "dtz_deviation": NaN,
  "conversion_efficiency": null,
  "suspicious_quality": "False",
  "suspicious_timing": "False",
  "suspicious_opening": true,
  "overall_suspicion_score": 37.60236187191691,
  "analyzed_at": "2025-06-24 12:25:10.547526+00:00",
  "game": null
}