{
  "game_id": 578,
  "acpl": 734.1208053691275,
  "match_rate": 0.3221476510067114,
  "weighted_match_rate": 0.33282083966037707,
  "ipr": 1890.6577181208054,
  "ipr_z_score": 0.0,
  "precision_burst_count": 0,
  "mean_move_time": 0.7785234899328859,
  "time_variance": 1298.5703116172915,
  "time_complexity_corr": -0.24004367521817682,
  "lag_spike_count": 0,
  "uniformity_score": 0.34904789725095453,
  "clutch_accuracy_diff": NaN,
  "opening_entropy": 4.544507255789622,
  "novelty_depth": 5,
  "second_choice_rate": 0.18791946308724833,
  "opening_breadth": 8,
  "tb_match_rate": NaN,
  "dtz_deviation": NaN,
  "conversion_efficiency": 251,
  "suspicious_quality": "False",
  "suspicious_timing": "False",
  "suspicious_opening": true,
  "overall_suspicion_score": -71.23660825541842,
  "analyzed_at": "2025-06-24 12:12:39.603123+00:00",
  "game": null
}