{
  "game_id": 1069,
  "acpl": 60.54545454545455,
  "match_rate": 0.3838383838383838,
  "weighted_match_rate": 0.39445813550404807,
  "ipr": 2276.7979797979797,
  "ipr_z_score": 0.0,
  "precision_burst_count": 0,
  "mean_move_time": 0.8282828282828283,
  "time_variance": 141.97036353381532,
  "time_complexity_corr": 0.3568111560024902,
  "lag_spike_count": 4,
  "uniformity_score": 0.3353229731304105,
  "clutch_accuracy_diff": NaN,
  "opening_entropy": 4.544507255789622,
  "novelty_depth": 5,
  "second_choice_rate": 0.1717171717171717,
  "opening_breadth": 8,
  "tb_match_rate": NaN,
  "dtz_deviation": NaN,
  "conversion_efficiency": 149,
  "suspicious_quality": "False",
  "suspicious_timing": "False",
  "suspicious_opening": true,
  "overall_suspicion_score": 42.30396211899772,
  "analyzed_at": "2025-06-24 12:18:15.922439+00:00",
  "game": null
}