{
  "game_id": 514,
  "acpl": 90.0,
  "match_rate": 0.3333333333333333,
  "weighted_match_rate": 0.351238677507355,
  "ipr": 2221.6666666666665,
  "ipr_z_score": 0.0,
  "precision_burst_count": 0,
  "mean_move_time": -2.8333333333333335,
  "time_variance": 9.843971631205672,
  "time_complexity_corr": -0.3048133184845635,
  "lag_spike_count": 0,
  "uniformity_score": 0.5059729103240449,
  "clutch_accuracy_diff": NaN,
  "opening_entropy": 4.544507255789622,
  "novelty_depth": 6,
  "second_choice_rate": 0.16666666666666666,
  "opening_breadth": 7,
  "tb_match_rate": NaN,
  "dtz_deviation": NaN,
  "conversion_efficiency": null,
  "suspicious_quality": "False",
  "suspicious_timing": "False",
  "suspicious_opening": true,
  "overall_suspicion_score": 33.73952550913882,
  "analyzed_at": "2025-06-24 12:11:41.695215+00:00",
  "game": null
}