{
  "game_id": 983,
  "acpl": 1416.4246575342465,
  "match_rate": 0.3561643835616438,
  "weighted_match_rate": 0.37983588864227724,
  "ipr": 1576.7191780821918,
  "ipr_z_score": 0.0,
  "precision_burst_count": 0,
  "mean_move_time": 0.8082191780821918,
  "time_variance": 727.5767595654227,
  "time_complexity_corr": 0.5811431491752548,
  "lag_spike_count": 0,
  "uniformity_score": 0.3405037710038754,
  "clutch_accuracy_diff": NaN,
  "opening_entropy": 4.544507255789622,
  "novelty_depth": 6,
  "second_choice_rate": 0.0821917808219178,
  "opening_breadth": 7,
  "tb_match_rate": NaN,
  "dtz_deviation": NaN,
  "conversion_efficiency": 119,
  "suspicious_quality": "False",
  "suspicious_timing": "False",
  "suspicious_opening": true,
  "overall_suspicion_score": -172.67535543679327,
  "analyzed_at": "2025-06-24 12:17:09.342201+00:00",
  "game": null
}