{
  "game_id": 1296,
  "acpl": 72.46846846846847,
  "match_rate": 0.2882882882882883,
  "weighted_match_rate": 0.27638103816896686,
  "ipr": 2194.3963963963965,
  "ipr_z_score": 0.0,
  "precision_burst_count": 0,
  "mean_move_time": 0.6936936936936937,
  "time_variance": 728.0324487383311,
  "time_complexity_corr": 0.23708822283029887,
  "lag_spike_count": 0,
  "uniformity_score": 0.34732897886484326,
  "clutch_accuracy_diff": NaN,
  "opening_entropy": 4.544507255789622,
  "novelty_depth": 5,
  "second_choice_rate": 0.2702702702702703,
  "opening_breadth": 8,
  "tb_match_rate": NaN,
  "dtz_deviation": NaN,
  "conversion_efficiency": 175,
  "suspicious_quality": "False",
  "suspicious_timing": "False",
  "suspicious_opening": true,
  "overall_suspicion_score": 36.48629198372139,
  "analyzed_at": "2025-06-24 12:20:52.726335+00:00",
  "game": null
}