{
  "game_id": 1517,
  "acpl": 48.432432432432435,
  "match_rate": 0.40540540540540543,
  "weighted_match_rate": 0.4088218405430586,
  "ipr": 2300.1081081081084,
  "ipr_z_score": 0.0,
  "precision_burst_count": 0,
  "mean_move_time": 0.16216216216216217,
  "time_variance": 683.2610144390967,
  "time_complexity_corr": 0.15101083071875487,
  "lag_spike_count": 0,
  "uniformity_score": 0.3575162317830544,
  "clutch_accuracy_diff": NaN,
  "opening_entropy": 4.544507255789622,
  "novelty_depth": 5,
  "second_choice_rate": 0.16216216216216217,
  "opening_breadth": 8,
  "tb_match_rate": NaN,
  "dtz_deviation": NaN,
  "conversion_efficiency": 55,
  "suspicious_quality": "False",
  "suspicious_timing": "False",
  "suspicious_opening": true,
  "overall_suspicion_score": 42.378126043464995,
  "analyzed_at": "2025-06-24 12:23:20.975055+00:00",
  "game": null
}