{
  "game_id": 707,
  "acpl": 42.40350877192982,
  "match_rate": 0.40350877192982454,
  "weighted_match_rate": 0.4156715911297507,
  "ipr": 2301.6052631578946,
  "ipr_z_score": 0.0,
  "precision_burst_count": 0,
  "mean_move_time": 35.21052631578947,
  "time_variance": 409.01275214467904,
  "time_complexity_corr": 0.0266567249893158,
  "lag_spike_count": 0,
  "uniformity_score": 0.3649821566920764,
  "clutch_accuracy_diff": NaN,
  "opening_entropy": 4.544507255789622,
  "novelty_depth": 5,
  "second_choice_rate": 0.12280701754385964,
  "opening_breadth": 8,
  "tb_match_rate": NaN,
  "dtz_deviation": NaN,
  "conversion_efficiency": null,
  "suspicious_quality": "False",
  "suspicious_timing": "False",
  "suspicious_opening": true,
  "overall_suspicion_score": 41.94108897422353,
  "analyzed_at": "2025-06-24 12:14:02.775112+00:00",
  "game": null
}