{
  "game_id": 449,
  "acpl": 66.26315789473684,
  "match_rate": 0.47368421052631576,
  "weighted_match_rate": 0.4475893818462869,
  "ipr": 2345.815789473684,
  "ipr_z_score": 0.0,
  "precision_burst_count": 0,
  "mean_move_time": 8.368421052631579,
  "time_variance": 35.86245614035088,
  "time_complexity_corr": 0.6281960270038689,
  "lag_spike_count": 0,
  "uniformity_score": 0.3419181864749664,
  "clutch_accuracy_diff": NaN,
  "opening_entropy": 4.544507255789622,
  "novelty_depth": 5,
  "second_choice_rate": 0.15789473684210525,
  "opening_breadth": 8,
  "tb_match_rate": NaN,
  "dtz_deviation": NaN,
  "conversion_efficiency": null,
  "suspicious_quality": "False",
  "suspicious_timing": "False",
  "suspicious_opening": true,
  "overall_suspicion_score": 46.57960551379878,
  "analyzed_at": "2025-06-24 12:11:02.258286+00:00",
  "game": null
}