{
  "game_id": 1289,
  "acpl": 83.91304347826087,
  "match_rate": 0.32608695652173914,
  "weighted_match_rate": 0.35293144993062925,
  "ipr": 2218.913043478261,
  "ipr_z_score": 0.0,
  "precision_burst_count": 0,
  "mean_move_time": -10.108695652173912,
  "time_variance": 66.37063435495367,
  "time_complexity_corr": 0.24835842714092138,
  "lag_spike_count": 0,
  "uniformity_score": 0.520135777415678,
  "clutch_accuracy_diff": NaN,
  "opening_entropy": 4.544507255789622,
  "novelty_depth": 5,
  "second_choice_rate": 0.2391304347826087,
  "opening_breadth": 8,
  "tb_match_rate": NaN,
  "dtz_deviation": NaN,
  "conversion_efficiency": 149,
  "suspicious_quality": "False",
  "suspicious_timing": "False",
  "suspicious_opening": true,
  "overall_suspicion_score": 38.32831147786417,
  "analyzed_at": "2025-06-24 12:20:51.051954+00:00",
  "game": null
}