{
  "game_id": 1012,
  "acpl": 2243.043010752688,
  "match_rate": 0.3333333333333333,
  "weighted_match_rate": 0.33882043972252457,
  "ipr": 1145.1451612903224,
  "ipr_z_score": 0.0,
  "precision_burst_count": 0,
  "mean_move_time": 1.032258064516129,
  "time_variance": 340.7016564952049,
  "time_complexity_corr": -0.021840618453354294,
  "lag_spike_count": 0,
  "uniformity_score": 0.3423517363177871,
  "clutch_accuracy_diff": NaN,
  "opening_entropy": 4.544507255789622,
  "novelty_depth": 5,
  "second_choice_rate": 0.16129032258064516,
  "opening_breadth": 8,
  "tb_match_rate": NaN,
  "dtz_deviation": NaN,
  "conversion_efficiency": 160,
  "suspicious_quality": "False",
  "suspicious_timing": "False",
  "suspicious_opening": true,
  "overall_suspicion_score": -312.5416397397875,
  "analyzed_at": "2025-06-24 12:17:34.135172+00:00",
  "game": null
}}