{
  "game_id": 306,
  "acpl": 38.62015503875969,
  "match_rate": 0.3798449612403101,
  "weighted_match_rate": 0.3869981644926876,
  "ipr": 2284.5658914728683,
  "ipr_z_score": 0.0,
  "precision_burst_count": 0,
  "mean_move_time": 0.2713178294573643,
  "time_variance": 95.40469942388322,
  "time_complexity_corr": -0.03998619929498193,
  "lag_spike_count": 2,
  "uniformity_score": 0.34253740018198364,
  "clutch_accuracy_diff": NaN,
  "opening_entropy": 4.544507255789622,
  "novelty_depth": 5,
  "second_choice_rate": 0.18604651162790697,
  "opening_breadth": 8,
  "tb_match_rate": NaN,
  "dtz_deviation": NaN,
  "conversion_efficiency": null,
  "suspicious_quality": "False",
  "suspicious_timing": "False",
  "suspicious_opening": true,
  "overall_suspicion_score": 41.30461020486922,
  "analyzed_at": "2025-06-24 12:09:34.643585+00:00",
  "game": null
}