{
  "game_id": 733,
  "acpl": 99.54054054054055,
  "match_rate": 0.2702702702702703,
  "weighted_match_rate": 0.29263688193851567,
  "ipr": 2166.445945945946,
  "ipr_z_score": 0.0,
  "precision_burst_count": 0,
  "mean_move_time": 43.810810810810814,
  "time_variance": 524.9979775694061,
  "time_complexity_corr": 0.11537552741092175,
  "lag_spike_count": 0,
  "uniformity_score": 0.3369533220426484,
  "clutch_accuracy_diff": NaN,
  "opening_entropy": 4.544507255789622,
  "novelty_depth": 5,
  "second_choice_rate": 0.24324324324324326,
  "opening_breadth": 8,
  "tb_match_rate": NaN,
  "dtz_deviation": NaN,
  "conversion_efficiency": null,
  "suspicious_quality": "False",
  "suspicious_timing": "False",
  "suspicious_opening": true,
  "overall_suspicion_score": 30.482509958188572,
  "analyzed_at": "2025-06-24 12:14:18.806967+00:00",
  "game": null
}