{
  "game_id": 1715,
  "acpl": 38.30909090909091,
  "match_rate": 0.32727272727272727,
  "weighted_match_rate": 0.3289000175599181,
  "ipr": 2242.663636363636,
  "ipr_z_score": 0.0,
  "precision_burst_count": 0,
  "mean_move_time": 1.309090909090909,
  "time_variance": 939.041201000834,
  "time_complexity_corr": -0.5554595664216068,
  "lag_spike_count": 0,
  "uniformity_score": 0.36304335563466134,
  "clutch_accuracy_diff": NaN,
  "opening_entropy": 4.544507255789622,
  "novelty_depth": 5,
  "second_choice_rate": 0.2545454545454545,
  "opening_breadth": 8,
  "tb_match_rate": NaN,
  "dtz_deviation": NaN,
  "conversion_efficiency": 87,
  "suspicious_quality": "False",
  "suspicious_timing": "False",
  "suspicious_opening": true,
  "overall_suspicion_score": 40.28266033797047,
  "analyzed_at": "2025-06-24 12:25:42.760949+00:00",
  "game": null
}