{
  "game_id": 395,
  "acpl": 3284.8130081300815,
  "match_rate": 0.4146341463414634,
  "weighted_match_rate": 0.41635133184245193,
  "ipr": 689.30081300813,
  "ipr_z_score": 0.0,
  "precision_burst_count": 0,
  "mean_move_time": 0.943089430894309,
  "time_variance": 335.4008296001327,
  "time_complexity_corr": -0.2870402217174125,
  "lag_spike_count": 0,
  "uniformity_score": 0.34715895950698517,
  "clutch_accuracy_diff": NaN,
  "opening_entropy": 4.544507255789622,
  "novelty_depth": 5,
  "second_choice_rate": 0.1951219512195122,
  "opening_breadth": 8,
  "tb_match_rate": NaN,
  "dtz_deviation": NaN,
  "conversion_efficiency": 201,
  "suspicious_quality": "False",
  "suspicious_timing": "False",
  "suspicious_opening": true,
  "overall_suspicion_score": -477.2587685687687,
  "analyzed_at": "2025-06-24 12:10:32.853535+00:00",
  "game": null
}