{
  "game_id": 468,
  "acpl": 42.829787234042556,
  "match_rate": 0.2765957446808511,
  "weighted_match_rate": 0.26175062211162936,
  "ipr": 2199.8617021276596,
  "ipr_z_score": 0.0,
  "precision_burst_count": 0,
  "mean_move_time": 1.8297872340425532,
  "time_variance": 1055.3685655456418,
  "time_complexity_corr": 0.04573270342840436,
  "lag_spike_count": 0,
  "uniformity_score": 0.3407657742274424,
  "clutch_accuracy_diff": NaN,
  "opening_entropy": 4.544507255789622,
  "novelty_depth": 5,
  "second_choice_rate": 0.23404255319148937,
  "opening_breadth": 8,
  "tb_match_rate": NaN,
  "dtz_deviation": NaN,
  "conversion_efficiency": null,
  "suspicious_quality": "False",
  "suspicious_timing": "False",
  "suspicious_opening": true,
  "overall_suspicion_score": 38.438621414761045,
  "analyzed_at": "2025-06-24 12:11:10.433229+00:00",
  "game": null
}