{
  "game_id": 552,
  "acpl": 108.06666666666666,
  "match_rate": 0.5,
  "weighted_match_rate": 0.494475006517702,
  "ipr": 2345.9666666666667,
  "ipr_z_score": 0.0,
  "precision_burst_count": 0,
  "mean_move_time": -7.9,
  "time_variance": 27.452100840336136,
  "time_complexity_corr": 0.09256440334401969,
  "lag_spike_count": 0,
  "uniformity_score": 0.5403248244993455,
  "clutch_accuracy_diff": NaN,
  "opening_entropy": 4.544507255789622,
  "novelty_depth": 5,
  "second_choice_rate": 0.06666666666666667,
  "opening_breadth": 8,
  "tb_match_rate": NaN,
  "dtz_deviation": NaN,
  "conversion_efficiency": null,
  "suspicious_quality": "False",
  "suspicious_timing": "False",
  "suspicious_opening": true,
  "overall_suspicion_score": 36.554148759587825,
  "analyzed_at": "2025-06-24 12:12:15.889128+00:00",
  "game": null
}