{
  "game_id": 295,
  "acpl": 55.08955223880597,
  "match_rate": 0.3880597014925373,
  "weighted_match_rate": 0.3949756467609401,
  "ipr": 2282.902985074627,
  "ipr_z_score": 0.0,
  "precision_burst_count": 0,
  "mean_move_time": 1.373134328358209,
  "time_variance": 296.8070923577601,
  "time_complexity_corr": 0.001251154260063388,
  "lag_spike_count": 2,
  "uniformity_score": 0.34388496710441097,
  "clutch_accuracy_diff": NaN,
  "opening_entropy": 4.544507255789622,
  "novelty_depth": 5,
  "second_choice_rate": 0.23880597014925373,
  "opening_breadth": 8,
  "tb_match_rate": NaN,
  "dtz_deviation": NaN,
  "conversion_efficiency": null,
  "suspicious_quality": "False",
  "suspicious_timing": "False",
  "suspicious_opening": true,
  "overall_suspicion_score": 38.896297337888704,
  "analyzed_at": "2025-06-24 12:09:22.411832+00:00",
  "game": null
}