{
  "game_id": 910,
  "acpl": 87.41791044776119,
  "match_rate": 0.373134328358209,
  "weighted_match_rate": 0.38002597618966144,
  "ipr": 2254.7985074626868,
  "ipr_z_score": 0.0,
  "precision_burst_count": 0,
  "mean_move_time": 1.7313432835820894,
  "time_variance": 167.53630344518012,
  "time_complexity_corr": -0.21257915177837244,
  "lag_spike_count": 0,
  "uniformity_score": 0.3424102932405016,
  "clutch_accuracy_diff": NaN,
  "opening_entropy": 4.544507255789622,
  "novelty_depth": 5,
  "second_choice_rate": 0.08955223880597014,
  "opening_breadth": 8,
  "tb_match_rate": NaN,
  "dtz_deviation": NaN,
  "conversion_efficiency": 103,
  "suspicious_quality": "False",
  "suspicious_timing": "False",
  "suspicious_opening": true,
  "overall_suspicion_score": 33.33118664843893,
  "analyzed_at": "2025-06-24 12:16:21.712793+00:00",
  "game": null
}