{
  "game_id": 1336,
  "acpl": 64.3157894736842,
  "match_rate": 0.3684210526315789,
  "weighted_match_rate": 0.3868285412733636,
  "ipr": 2262.578947368421,
  "ipr_z_score": 0.0,
  "precision_burst_count": 0,
  "mean_move_time": 1.736842105263158,
  "time_variance": 20.78315789473684,
  "time_complexity_corr": 0.06782010837183246,
  "lag_spike_count": 7,
  "uniformity_score": 0.3040830290397148,
  "clutch_accuracy_diff": NaN,
  "opening_entropy": 4.544507255789622,
  "novelty_depth": 5,
  "second_choice_rate": 0.10526315789473684,
  "opening_breadth": 8,
  "tb_match_rate": NaN,
  "dtz_deviation": NaN,
  "conversion_efficiency": null,
  "suspicious_quality": "False",
  "suspicious_timing": "False",
  "suspicious_opening": true,
  "overall_suspicion_score": 37.42125802871418,
  "analyzed_at": "2025-06-24 12:21:15.801276+00:00",
  "game": null
}