{
  "game_id": 954,
  "acpl": 2451.3764705882354,
  "match_rate": 0.27058823529411763,
  "weighted_match_rate": 0.2687143339368629,
  "ipr": 990.7823529411764,
  "ipr_z_score": 0.0,
  "precision_burst_count": 0,
  "mean_move_time": -20.929411764705883,
  "time_variance": 153.50532708658685,
  "time_complexity_corr": -0.6662437518194052,
  "lag_spike_count": 0,
  "uniformity_score": 0.8282372645760818,
  "clutch_accuracy_diff": NaN,
  "opening_entropy": 4.544507255789622,
  "novelty_depth": 5,
  "second_choice_rate": 0.16470588235294117,
  "opening_breadth": 8,
  "tb_match_rate": NaN,
  "dtz_deviation": NaN,
  "conversion_efficiency": 276,
  "suspicious_quality": "False",
  "suspicious_timing": "False",
  "suspicious_opening": true,
  "overall_suspicion_score": -341.3956386561449,
  "analyzed_at": "2025-06-24 12:16:54.880333+00:00",
  "game": null
}