{
  "game_id": 1239,
  "acpl": 9134.363636363636,
  "match_rate": 0.36363636363636365,
  "weighted_match_rate": 0.422391179175183,
  "ipr": -2276.272727272727,
  "ipr_z_score": 0.0,
  "precision_burst_count": 0,
  "mean_move_time": 8.272727272727273,
  "time_variance": 34.249471458773776,
  "time_complexity_corr": 0.6027460097699345,
  "lag_spike_count": 0,
  "uniformity_score": 0.18289063826706287,
  "clutch_accuracy_diff": NaN,
  "opening_entropy": 4.544507255789622,
  "novelty_depth": 5,
  "second_choice_rate": 0.18181818181818182,
  "opening_breadth": 8,
  "tb_match_rate": NaN,
  "dtz_deviation": NaN,
  "conversion_efficiency": null,
  "suspicious_quality": "False",
  "suspicious_timing": "False",
  "suspicious_opening": true,
  "overall_suspicion_score": -1408.245393203981,
  "analyzed_at": "2025-06-24 12:20:07.608189+00:00",
  "game": null
}