{
  "game_id": 960,
  "acpl": 43.23913043478261,
  "match_rate": 0.30434782608695654,
  "weighted_match_rate": 0.302171013364743,
  "ipr": 2221.858695652174,
  "ipr_z_score": 0.0,
  "precision_burst_count": 0,
  "mean_move_time": 23.065217391304348,
  "time_variance": 163.6022808267997,
  "time_complexity_corr": -0.5328713425085151,
  "lag_spike_count": 0,
  "uniformity_score": 0.40778918807536246,
  "clutch_accuracy_diff": NaN,
  "opening_entropy": 4.544507255789622,
  "novelty_depth": 5,
  "second_choice_rate": 0.1956521739130435,
  "opening_breadth": 8,
  "tb_match_rate": NaN,
  "dtz_deviation": NaN,
  "conversion_efficiency": null,
  "suspicious_quality": "False",
  "suspicious_timing": "False",
  "suspicious_opening": true,
  "overall_suspicion_score": 39.45733005479721,
  "analyzed_at": "2025-06-24 12:17:02.671423+00:00",
  "game": null
}